{
  "system": "simple_2d",
  "activation": "Relu",
  "initial_pass_rate": 85.79101562500003,
  "final_pass_rate": 86.14501953125003,
  "improvement": 0.35400390625,
  "num_iterations": 10,
  "num_samples": 100,
  "num_inner_steps": 2,
  "lr": 0.005,
  "max_depth": 12,
  "lambda_safe": 1.0,
  "lambda_unsafe": 10.0,
  "lambda_unsafe_max": 5.0,
  "lambda_cbf": 5.0,
  "safe_margin": 0.01,
  "unsafe_margin": 0.01,
  "cbf_margin": 0.0,
  "iteration_results": [
    {
      "iteration": 1,
      "loss": 0.1389295683366072,
      "update_norm": 1.8285130262374878,
      "certified_percentage": 86.37695312500003,
      "f_h_positive": 0,
      "f_safe_violation": 0,
      "f_depth": 1116,
      "f_unsafe_split": 0,
      "loss_dict": {
        "total_loss": 0.1389295683366072,
        "safe_loss": 0.00982873234897852,
        "unsafe_loss": 0.0,
        "unsafe_max_loss": 0.0,
        "cbf_loss": 0.10046999901533127,
        "boundary_loss": 0.0,
        "train_safe_loss": 0.02664213255047798,
        "train_unsafe_loss": 0.00010806421778397635,
        "train_unsafe_max_loss": 0.0031633542384952307,
        "train_cbf_loss": 0.0,
        "train_boundary_loss": 0.0
      }
    },
    {
      "iteration": 2,
      "loss": 0.1368116751255002,
      "update_norm": 1.341680645942688,
      "certified_percentage": 86.01074218750003,
      "f_h_positive": 0,
      "f_safe_violation": 0,
      "f_depth": 1146,
      "f_unsafe_split": 0,
      "loss_dict": {
        "total_loss": 0.1368116751255002,
        "safe_loss": 0.009149806573987007,
        "unsafe_loss": 0.0,
        "unsafe_max_loss": 0.0,
        "cbf_loss": 0.08861925452947617,
        "boundary_loss": 0.0,
        "train_safe_loss": 0.020682258531451225,
        "train_unsafe_loss": 0.0005931113264523447,
        "train_unsafe_max_loss": 0.013677449896931648,
        "train_cbf_loss": 0.0,
        "train_boundary_loss": 0.0
      }
    },
    {
      "iteration": 3,
      "loss": 0.1468820340523962,
      "update_norm": 2.2161502838134766,
      "certified_percentage": 85.87646484375003,
      "f_h_positive": 0,
      "f_safe_violation": 0,
      "f_depth": 1157,
      "f_unsafe_split": 0,
      "loss_dict": {
        "total_loss": 0.1468820340523962,
        "safe_loss": 0.009337316267192364,
        "unsafe_loss": 0.0,
        "unsafe_max_loss": 0.0,
        "cbf_loss": 0.09727552533149719,
        "boundary_loss": 0.0,
        "train_safe_loss": 0.01828111708164215,
        "train_unsafe_loss": 0.000720769225154072,
        "train_unsafe_max_loss": 0.013264876790344715,
        "train_cbf_loss": 0.0,
        "train_boundary_loss": 0.0
      }
    },
    {
      "iteration": 4,
      "loss": 0.13878707136609592,
      "update_norm": 2.352285385131836,
      "certified_percentage": 85.55908203125003,
      "f_h_positive": 0,
      "f_safe_violation": 0,
      "f_depth": 1183,
      "f_unsafe_split": 0,
      "loss_dict": {
        "total_loss": 0.13878707136609592,
        "safe_loss": 0.010396499186754227,
        "unsafe_loss": 0.0,
        "unsafe_max_loss": 0.0,
        "cbf_loss": 0.09062199294567108,
        "boundary_loss": 0.0,
        "train_safe_loss": 0.01292815525084734,
        "train_unsafe_loss": 0.0007009227410890162,
        "train_unsafe_max_loss": 0.014340887777507305,
        "train_cbf_loss": 0.0,
        "train_boundary_loss": 0.0
      }
    },
    {
      "iteration": 5,
      "loss": 0.18647217376565095,
      "update_norm": 3.7801334857940674,
      "certified_percentage": 85.85205078125003,
      "f_h_positive": 0,
      "f_safe_violation": 0,
      "f_depth": 1159,
      "f_unsafe_split": 0,
      "loss_dict": {
        "total_loss": 0.18647217376565095,
        "safe_loss": 0.023003755137324333,
        "unsafe_loss": 0.0,
        "unsafe_max_loss": 0.0,
        "cbf_loss": 0.13193748891353607,
        "boundary_loss": 0.0,
        "train_safe_loss": 0.01876302808523178,
        "train_unsafe_loss": 0.00036785853444598615,
        "train_unsafe_max_loss": 0.008151176385581493,
        "train_cbf_loss": 0.0,
        "train_boundary_loss": 0.0
      }
    },
    {
      "iteration": 6,
      "loss": 0.14654946091468446,
      "update_norm": 2.977255344390869,
      "certified_percentage": 85.76660156250003,
      "f_h_positive": 0,
      "f_safe_violation": 0,
      "f_depth": 1166,
      "f_unsafe_split": 0,
      "loss_dict": {
        "total_loss": 0.14654946091468446,
        "safe_loss": 0.009998959489166737,
        "unsafe_loss": 0.0,
        "unsafe_max_loss": 0.0,
        "cbf_loss": 0.09701691567897797,
        "boundary_loss": 0.0,
        "train_safe_loss": 0.009606991894543171,
        "train_unsafe_loss": 0.000850612937938422,
        "train_unsafe_max_loss": 0.014600236900150776,
        "train_cbf_loss": 0.0,
        "train_boundary_loss": 0.0
      }
    },
    {
      "iteration": 7,
      "loss": 0.23097747503197752,
      "update_norm": 5.138175010681152,
      "certified_percentage": 85.77880859375003,
      "f_h_positive": 0,
      "f_safe_violation": 0,
      "f_depth": 1165,
      "f_unsafe_split": 0,
      "loss_dict": {
        "total_loss": 0.23097747503197752,
        "safe_loss": 0.034420114010572433,
        "unsafe_loss": 0.0,
        "unsafe_max_loss": 0.0,
        "cbf_loss": 0.16738490760326385,
        "boundary_loss": 0.0,
        "train_safe_loss": 0.02745029143989086,
        "train_unsafe_loss": 0.00026366597739979625,
        "train_unsafe_max_loss": 0.004495659377425909,
        "train_cbf_loss": 0.0,
        "train_boundary_loss": 0.0
      }
    },
    {
      "iteration": 8,
      "loss": 0.14228708465816453,
      "update_norm": 2.9506287574768066,
      "certified_percentage": 85.66894531250003,
      "f_h_positive": 0,
      "f_safe_violation": 0,
      "f_depth": 1174,
      "f_unsafe_split": 0,
      "loss_dict": {
        "total_loss": 0.14228708465816453,
        "safe_loss": 0.012463541701436043,
        "unsafe_loss": 0.0,
        "unsafe_max_loss": 0.0,
        "cbf_loss": 0.09423132240772247,
        "boundary_loss": 0.0,
        "train_safe_loss": 0.014728277921676636,
        "train_unsafe_loss": 0.0007586862193420529,
        "train_unsafe_max_loss": 0.01264260895550251,
        "train_cbf_loss": 0.0,
        "train_boundary_loss": 0.0
      }
    },
    {
      "iteration": 9,
      "loss": 0.16730582591844723,
      "update_norm": 3.8274946212768555,
      "certified_percentage": 85.74218750000003,
      "f_h_positive": 0,
      "f_safe_violation": 0,
      "f_depth": 1168,
      "f_unsafe_split": 0,
      "loss_dict": {
        "total_loss": 0.16730582591844723,
        "safe_loss": 0.022235456854104996,
        "unsafe_loss": 0.0,
        "unsafe_max_loss": 0.0,
        "cbf_loss": 0.11343741416931152,
        "boundary_loss": 0.0,
        "train_safe_loss": 0.02418804168701172,
        "train_unsafe_loss": 0.0004557789070531726,
        "train_unsafe_max_loss": 0.01021098904311657,
        "train_cbf_loss": 0.0,
        "train_boundary_loss": 0.0
      }
    },
    {
      "iteration": 10,
      "loss": 0.1500870498130098,
      "update_norm": 3.380366086959839,
      "certified_percentage": 86.14501953125003,
      "f_h_positive": 0,
      "f_safe_violation": 0,
      "f_depth": 1135,
      "f_unsafe_split": 0,
      "loss_dict": {
        "total_loss": 0.1500870498130098,
        "safe_loss": 0.013919592835009098,
        "unsafe_loss": 0.0,
        "unsafe_max_loss": 0.0,
        "cbf_loss": 0.09743354469537735,
        "boundary_loss": 0.0,
        "train_safe_loss": 0.016295988112688065,
        "train_unsafe_loss": 0.0007528250571340322,
        "train_unsafe_max_loss": 0.015087328851222992,
        "train_cbf_loss": 0.0,
        "train_boundary_loss": 0.0
      }
    }
  ],
  "timestamp": "2026-04-10 15:38:51",
  "note": "clean_modified_v2: 完整 5 种 loss，直接梯度更新"
}