{
  "system": "simple_2d",
  "activation": "Tanh",
  "initial_pass_rate": 98.96240234375003,
  "final_pass_rate": 98.42529296875003,
  "improvement": -0.537109375,
  "num_iterations": 10,
  "num_samples": 100,
  "num_inner_steps": 2,
  "lr": 0.005,
  "max_depth": 12,
  "lambda_safe": 1.0,
  "lambda_unsafe": 10.0,
  "lambda_unsafe_max": 5.0,
  "lambda_cbf": 5.0,
  "safe_margin": 0.01,
  "unsafe_margin": 0.01,
  "cbf_margin": 0.0,
  "iteration_results": [
    {
      "iteration": 1,
      "loss": 0.23949506519420538,
      "update_norm": 3.968393087387085,
      "certified_percentage": 98.51074218750003,
      "f_h_positive": 0,
      "f_safe_violation": 0,
      "f_depth": 122,
      "f_unsafe_split": 0,
      "loss_dict": {
        "total_loss": 0.23949506519420538,
        "safe_loss": 0.008937319740653038,
        "unsafe_loss": 0.0,
        "unsafe_max_loss": 0.0,
        "cbf_loss": 0.16511103510856628,
        "boundary_loss": 0.0,
        "train_safe_loss": 0.003958206623792648,
        "train_unsafe_loss": 0.0002517883258406073,
        "train_unsafe_max_loss": 0.02340233512222767,
        "train_cbf_loss": 0.0,
        "train_boundary_loss": 0.0
      }
    },
    {
      "iteration": 2,
      "loss": 1.4810771480202676,
      "update_norm": 10.0,
      "certified_percentage": 98.59619140625003,
      "f_h_positive": 0,
      "f_safe_violation": 0,
      "f_depth": 115,
      "f_unsafe_split": 0,
      "loss_dict": {
        "total_loss": 1.4810771480202676,
        "safe_loss": 0.010908336378633976,
        "unsafe_loss": 0.0,
        "unsafe_max_loss": 0.0,
        "cbf_loss": 0.20942270755767822,
        "boundary_loss": 0.0,
        "train_safe_loss": 0.005189250223338604,
        "train_unsafe_loss": 0.00910753570497036,
        "train_unsafe_max_loss": 0.8263692259788513,
        "train_cbf_loss": 0.4238506257534027,
        "train_boundary_loss": 0.0
      }
    },
    {
      "iteration": 3,
      "loss": 0.17896960253892757,
      "update_norm": 1.8595424890518188,
      "certified_percentage": 98.57177734375003,
      "f_h_positive": 0,
      "f_safe_violation": 0,
      "f_depth": 117,
      "f_unsafe_split": 0,
      "loss_dict": {
        "total_loss": 0.17896960253892757,
        "safe_loss": 0.02111002989113331,
        "unsafe_loss": 0.0,
        "unsafe_max_loss": 0.0,
        "cbf_loss": 0.13302946090698242,
        "boundary_loss": 0.0,
        "train_safe_loss": 0.019689694046974182,
        "train_unsafe_loss": 4.193377753836103e-05,
        "train_unsafe_max_loss": 0.0019024087814614177,
        "train_cbf_loss": 0.0,
        "train_boundary_loss": 0.0
      }
    },
    {
      "iteration": 4,
      "loss": 0.2032870785474258,
      "update_norm": 4.260579586029053,
      "certified_percentage": 98.27880859375003,
      "f_h_positive": 0,
      "f_safe_violation": 0,
      "f_depth": 141,
      "f_unsafe_split": 0,
      "loss_dict": {
        "total_loss": 0.2032870785474258,
        "safe_loss": 0.00463646138086915,
        "unsafe_loss": 0.0,
        "unsafe_max_loss": 0.0,
        "cbf_loss": 0.15109755098819733,
        "boundary_loss": 0.0,
        "train_safe_loss": 0.002210473408922553,
        "train_unsafe_loss": 0.0005984241724945605,
        "train_unsafe_max_loss": 0.049623291939496994,
        "train_cbf_loss": 3.1678404344148703e-10,
        "train_boundary_loss": 0.0
      }
    },
    {
      "iteration": 5,
      "loss": 0.23015299769758713,
      "update_norm": 1.1609083414077759,
      "certified_percentage": 98.24218750000003,
      "f_h_positive": 0,
      "f_safe_violation": 0,
      "f_depth": 144,
      "f_unsafe_split": 0,
      "loss_dict": {
        "total_loss": 0.23015299769758713,
        "safe_loss": 0.005724092945456505,
        "unsafe_loss": 0.0,
        "unsafe_max_loss": 0.0,
        "cbf_loss": 0.16658703982830048,
        "boundary_loss": 0.0,
        "train_safe_loss": 0.0027418839745223522,
        "train_unsafe_loss": 0.0002441992692183703,
        "train_unsafe_max_loss": 0.015353764407336712,
        "train_cbf_loss": 0.0,
        "train_boundary_loss": 0.0
      }
    },
    {
      "iteration": 6,
      "loss": 0.4511263762542512,
      "update_norm": 1.586100459098816,
      "certified_percentage": 98.22998046875003,
      "f_h_positive": 0,
      "f_safe_violation": 0,
      "f_depth": 145,
      "f_unsafe_split": 0,
      "loss_dict": {
        "total_loss": 0.4511263762542512,
        "safe_loss": 0.004673072136938572,
        "unsafe_loss": 0.0,
        "unsafe_max_loss": 0.0,
        "cbf_loss": 0.33247485756874084,
        "boundary_loss": 0.0,
        "train_safe_loss": 0.00213164952583611,
        "train_unsafe_loss": 0.0004692159709520638,
        "train_unsafe_max_loss": 0.026126867160201073,
        "train_cbf_loss": 0.0,
        "train_boundary_loss": 0.0
      }
    },
    {
      "iteration": 7,
      "loss": 0.4160200433107093,
      "update_norm": 1.9040952920913696,
      "certified_percentage": 98.18115234375003,
      "f_h_positive": 0,
      "f_safe_violation": 0,
      "f_depth": 149,
      "f_unsafe_split": 0,
      "loss_dict": {
        "total_loss": 0.4160200433107093,
        "safe_loss": 0.004328716080635786,
        "unsafe_loss": 0.0,
        "unsafe_max_loss": 0.0,
        "cbf_loss": 0.28850826621055603,
        "boundary_loss": 0.0,
        "train_safe_loss": 0.0027226873207837343,
        "train_unsafe_loss": 0.0006767635932192206,
        "train_unsafe_max_loss": 0.04154396057128906,
        "train_cbf_loss": 0.0,
        "train_boundary_loss": 0.0
      }
    },
    {
      "iteration": 8,
      "loss": 0.35330306834657677,
      "update_norm": 1.5583438873291016,
      "certified_percentage": 98.18115234375003,
      "f_h_positive": 0,
      "f_safe_violation": 0,
      "f_depth": 149,
      "f_unsafe_split": 0,
      "loss_dict": {
        "total_loss": 0.35330306834657677,
        "safe_loss": 0.004050862975418568,
        "unsafe_loss": 0.0,
        "unsafe_max_loss": 0.0,
        "cbf_loss": 0.25928717851638794,
        "boundary_loss": 0.0,
        "train_safe_loss": 0.003016069531440735,
        "train_unsafe_loss": 0.0003759295796044171,
        "train_unsafe_max_loss": 0.021190030500292778,
        "train_cbf_loss": 0.0,
        "train_boundary_loss": 0.0
      }
    },
    {
      "iteration": 9,
      "loss": 3.5867391244741156,
      "update_norm": 10.0,
      "certified_percentage": 97.86376953125003,
      "f_h_positive": 9,
      "f_safe_violation": 0,
      "f_depth": 161,
      "f_unsafe_split": 0,
      "loss_dict": {
        "total_loss": 3.5867391244741156,
        "safe_loss": 0.0028191995806992054,
        "unsafe_loss": 0.0,
        "unsafe_max_loss": 0.0,
        "cbf_loss": 0.18021225929260254,
        "boundary_loss": 0.0,
        "train_safe_loss": 0.0021526606287807226,
        "train_unsafe_loss": 0.0005569974309764802,
        "train_unsafe_max_loss": 0.05048087239265442,
        "train_cbf_loss": 3.3539376258850098,
        "train_boundary_loss": 0.0
      }
    },
    {
      "iteration": 10,
      "loss": 4.1391935278273495,
      "update_norm": 10.0,
      "certified_percentage": 98.42529296875003,
      "f_h_positive": 0,
      "f_safe_violation": 0,
      "f_depth": 129,
      "f_unsafe_split": 0,
      "loss_dict": {
        "total_loss": 4.1391935278273495,
        "safe_loss": 0.006038856692612171,
        "unsafe_loss": 1.1402560472488403,
        "unsafe_max_loss": 2.128504991531372,
        "cbf_loss": 0.09703386574983597,
        "boundary_loss": 0.0,
        "train_safe_loss": 0.005946931429207325,
        "train_unsafe_loss": 0.00114003277849406,
        "train_unsafe_max_loss": 0.1038212925195694,
        "train_cbf_loss": 0.35248276591300964,
        "train_boundary_loss": 0.0
      }
    }
  ],
  "timestamp": "2026-04-10 15:40:44",
  "note": "clean_modified_v2: 完整 5 种 loss，直接梯度更新"
}