{
  "system": "barr1",
  "activation": "Relu",
  "initial_pass_rate": 73.18115234375001,
  "final_pass_rate": 71.92382812500001,
  "improvement": -1.25732421875,
  "num_iterations": 10,
  "num_samples": 100,
  "num_inner_steps": 2,
  "lr": 0.005,
  "max_depth": 12,
  "lambda_safe": 1.0,
  "lambda_unsafe": 10.0,
  "lambda_unsafe_max": 5.0,
  "lambda_cbf": 5.0,
  "safe_margin": 0.01,
  "unsafe_margin": 0.01,
  "cbf_margin": 0.0,
  "iteration_results": [
    {
      "iteration": 1,
      "loss": 2.915491553644339,
      "update_norm": 10.0,
      "certified_percentage": 73.53515625000001,
      "f_h_positive": 101,
      "f_safe_violation": 0,
      "f_depth": 1969,
      "f_unsafe_split": 0,
      "loss_dict": {
        "total_loss": 2.915491553644339,
        "safe_loss": 0.032878994941711426,
        "unsafe_loss": 0.41020482778549194,
        "unsafe_max_loss": 1.7327229976654053,
        "cbf_loss": 0.03861725330352783,
        "boundary_loss": 0.0,
        "train_safe_loss": 0.45945554971694946,
        "train_unsafe_loss": 0.07295195013284683,
        "train_unsafe_max_loss": 0.6218870282173157,
        "train_cbf_loss": 0.040582120418548584,
        "train_boundary_loss": 0.0
      }
    },
    {
      "iteration": 2,
      "loss": 1.374150729117294,
      "update_norm": 8.695123672485352,
      "certified_percentage": 76.19628906250001,
      "f_h_positive": 3,
      "f_safe_violation": 0,
      "f_depth": 1936,
      "f_unsafe_split": 0,
      "loss_dict": {
        "total_loss": 1.374150729117294,
        "safe_loss": 0.016050780192017555,
        "unsafe_loss": 0.19628702104091644,
        "unsafe_max_loss": 0.530753493309021,
        "cbf_loss": 0.1111445277929306,
        "boundary_loss": 0.0,
        "train_safe_loss": 0.6740720272064209,
        "train_unsafe_loss": 0.019151484593749046,
        "train_unsafe_max_loss": 0.2305663824081421,
        "train_cbf_loss": 0.20761489868164062,
        "train_boundary_loss": 0.0
      }
    },
    {
      "iteration": 3,
      "loss": 0.9431097040418536,
      "update_norm": 7.840384483337402,
      "certified_percentage": 76.95312500000001,
      "f_h_positive": 0,
      "f_safe_violation": 0,
      "f_depth": 1888,
      "f_unsafe_split": 0,
      "loss_dict": {
        "total_loss": 0.9431097040418536,
        "safe_loss": 0.0039026730228215456,
        "unsafe_loss": 0.19677338004112244,
        "unsafe_max_loss": 0.22868339717388153,
        "cbf_loss": 0.07840698957443237,
        "boundary_loss": 0.0,
        "train_safe_loss": 0.613820493221283,
        "train_unsafe_loss": 0.00802671443670988,
        "train_unsafe_max_loss": 0.10287449508905411,
        "train_cbf_loss": 0.0,
        "train_boundary_loss": 0.0
      }
    },
    {
      "iteration": 4,
      "loss": 0.2828301394547452,
      "update_norm": 4.864157676696777,
      "certified_percentage": 74.51171875000001,
      "f_h_positive": 0,
      "f_safe_violation": 0,
      "f_depth": 2088,
      "f_unsafe_split": 0,
      "loss_dict": {
        "total_loss": 0.2828301394547452,
        "safe_loss": 0.0002603617322165519,
        "unsafe_loss": 0.0,
        "unsafe_max_loss": 0.0,
        "cbf_loss": 0.03192540258169174,
        "boundary_loss": 0.0,
        "train_safe_loss": 0.41970235109329224,
        "train_unsafe_loss": 0.008641812019050121,
        "train_unsafe_max_loss": 0.09306254237890244,
        "train_cbf_loss": 0.0,
        "train_boundary_loss": 0.0
      }
    },
    {
      "iteration": 5,
      "loss": 0.5077484957861088,
      "update_norm": 2.539738416671753,
      "certified_percentage": 71.69189453125001,
      "f_h_positive": 54,
      "f_safe_violation": 0,
      "f_depth": 2234,
      "f_unsafe_split": 0,
      "loss_dict": {
        "total_loss": 0.5077484957861088,
        "safe_loss": 9.998672794608865e-06,
        "unsafe_loss": 0.0,
        "unsafe_max_loss": 0.0,
        "cbf_loss": 0.020691491663455963,
        "boundary_loss": 0.0,
        "train_safe_loss": 0.17002052068710327,
        "train_unsafe_loss": 0.028098220005631447,
        "train_unsafe_max_loss": 0.21553491055965424,
        "train_cbf_loss": 0.18131954967975616,
        "train_boundary_loss": 0.0
      }
    },
    {
      "iteration": 6,
      "loss": 1.155128155524532,
      "update_norm": 4.882887363433838,
      "certified_percentage": 73.22998046875001,
      "f_h_positive": 0,
      "f_safe_violation": 0,
      "f_depth": 2193,
      "f_unsafe_split": 0,
      "loss_dict": {
        "total_loss": 1.155128155524532,
        "safe_loss": 0.03310619294643402,
        "unsafe_loss": 0.1280212253332138,
        "unsafe_max_loss": 0.2757679522037506,
        "cbf_loss": 0.05021462216973305,
        "boundary_loss": 0.0,
        "train_safe_loss": 0.23364144563674927,
        "train_unsafe_loss": 0.010068785399198532,
        "train_unsafe_max_loss": 0.12329304218292236,
        "train_cbf_loss": 0.607348620891571,
        "train_boundary_loss": 0.0
      }
    },
    {
      "iteration": 7,
      "loss": 0.24775849748402834,
      "update_norm": 1.8307286500930786,
      "certified_percentage": 72.26562500000001,
      "f_h_positive": 0,
      "f_safe_violation": 0,
      "f_depth": 2272,
      "f_unsafe_split": 0,
      "loss_dict": {
        "total_loss": 0.24775849748402834,
        "safe_loss": 0.002209443598985672,
        "unsafe_loss": 0.0,
        "unsafe_max_loss": 0.0,
        "cbf_loss": 0.03074977733194828,
        "boundary_loss": 0.0,
        "train_safe_loss": 0.1341325342655182,
        "train_unsafe_loss": 0.011402624659240246,
        "train_unsafe_max_loss": 0.11738337576389313,
        "train_cbf_loss": 0.0,
        "train_boundary_loss": 0.0
      }
    },
    {
      "iteration": 8,
      "loss": 0.19990382838295773,
      "update_norm": 1.2939050197601318,
      "certified_percentage": 72.05810546875001,
      "f_h_positive": 0,
      "f_safe_violation": 0,
      "f_depth": 2289,
      "f_unsafe_split": 0,
      "loss_dict": {
        "total_loss": 0.19990382838295773,
        "safe_loss": 0.0026134385261684656,
        "unsafe_loss": 0.0,
        "unsafe_max_loss": 0.0,
        "cbf_loss": 0.031776320189237595,
        "boundary_loss": 0.0,
        "train_safe_loss": 0.10963521152734756,
        "train_unsafe_loss": 0.0077949087135493755,
        "train_unsafe_max_loss": 0.09010719507932663,
        "train_cbf_loss": 0.0,
        "train_boundary_loss": 0.0
      }
    },
    {
      "iteration": 9,
      "loss": 0.1918421620503068,
      "update_norm": 1.2042460441589355,
      "certified_percentage": 71.91162109375001,
      "f_h_positive": 0,
      "f_safe_violation": 0,
      "f_depth": 2301,
      "f_unsafe_split": 0,
      "loss_dict": {
        "total_loss": 0.1918421620503068,
        "safe_loss": 0.0022208429872989655,
        "unsafe_loss": 0.0,
        "unsafe_max_loss": 0.0,
        "cbf_loss": 0.03313558176159859,
        "boundary_loss": 0.0,
        "train_safe_loss": 0.11319838464260101,
        "train_unsafe_loss": 0.007951328530907631,
        "train_unsafe_max_loss": 0.08135164529085159,
        "train_cbf_loss": 0.0,
        "train_boundary_loss": 0.0
      }
    },
    {
      "iteration": 10,
      "loss": 0.22121917345793918,
      "update_norm": 1.2367805242538452,
      "certified_percentage": 71.92382812500001,
      "f_h_positive": 0,
      "f_safe_violation": 0,
      "f_depth": 2300,
      "f_unsafe_split": 0,
      "loss_dict": {
        "total_loss": 0.22121917345793918,
        "safe_loss": 0.0031936552841216326,
        "unsafe_loss": 0.0,
        "unsafe_max_loss": 0.0,
        "cbf_loss": 0.033333636820316315,
        "boundary_loss": 0.0,
        "train_safe_loss": 0.1449933499097824,
        "train_unsafe_loss": 0.00794107187539339,
        "train_unsafe_max_loss": 0.09812215715646744,
        "train_cbf_loss": 0.0,
        "train_boundary_loss": 0.0
      }
    }
  ],
  "timestamp": "2026-04-10 15:45:17",
  "note": "clean_modified_v2: 完整 5 种 loss，直接梯度更新"
}