{
  "system": "barr3",
  "activation": "Sigmoid",
  "initial_pass_rate": 88.84277343749997,
  "final_pass_rate": 92.70019531249996,
  "improvement": 3.857421874999986,
  "num_iterations": 10,
  "num_samples": 100,
  "num_inner_steps": 2,
  "lr": 0.005,
  "max_depth": 12,
  "lambda_safe": 1.0,
  "lambda_unsafe": 10.0,
  "lambda_unsafe_max": 5.0,
  "lambda_cbf": 5.0,
  "safe_margin": 0.01,
  "unsafe_margin": 0.01,
  "cbf_margin": 0.0,
  "iteration_results": [
    {
      "iteration": 1,
      "loss": 3.342282731831074,
      "update_norm": 10.0,
      "certified_percentage": 92.11425781249996,
      "f_h_positive": 21,
      "f_safe_violation": 0,
      "f_depth": 35,
      "f_unsafe_split": 0,
      "loss_dict": {
        "total_loss": 3.342282731831074,
        "safe_loss": 0.03101673722267151,
        "unsafe_loss": 0.3705194890499115,
        "unsafe_max_loss": 0.9247266054153442,
        "cbf_loss": 0.0,
        "boundary_loss": 0.0,
        "train_safe_loss": 0.2574021518230438,
        "train_unsafe_loss": 0.38843074440956116,
        "train_unsafe_max_loss": 0.8336448073387146,
        "train_cbf_loss": 0.008327074348926544,
        "train_boundary_loss": 0.0
      }
    },
    {
      "iteration": 2,
      "loss": 2.071967566385865,
      "update_norm": 10.0,
      "certified_percentage": 90.85693359374996,
      "f_h_positive": 32,
      "f_safe_violation": 0,
      "f_depth": 229,
      "f_unsafe_split": 0,
      "loss_dict": {
        "total_loss": 2.071967566385865,
        "safe_loss": 0.0396190844476223,
        "unsafe_loss": 0.3895036280155182,
        "unsafe_max_loss": 0.5339776873588562,
        "cbf_loss": 0.21463416516780853,
        "boundary_loss": 0.0,
        "train_safe_loss": 0.40391111373901367,
        "train_unsafe_loss": 0.17724893987178802,
        "train_unsafe_max_loss": 0.4435863494873047,
        "train_cbf_loss": 0.07195170223712921,
        "train_boundary_loss": 0.0
      }
    },
    {
      "iteration": 3,
      "loss": 1.4474472779159744,
      "update_norm": 3.7119548320770264,
      "certified_percentage": 90.35644531249996,
      "f_h_positive": 65,
      "f_safe_violation": 0,
      "f_depth": 539,
      "f_unsafe_split": 0,
      "loss_dict": {
        "total_loss": 1.4474472779159744,
        "safe_loss": 0.01665942557156086,
        "unsafe_loss": 0.23067119717597961,
        "unsafe_max_loss": 0.3302953243255615,
        "cbf_loss": 0.21446743607521057,
        "boundary_loss": 0.0,
        "train_safe_loss": 0.4916153848171234,
        "train_unsafe_loss": 0.1000736728310585,
        "train_unsafe_max_loss": 0.27599063515663147,
        "train_cbf_loss": 0.1530386358499527,
        "train_boundary_loss": 0.0
      }
    },
    {
      "iteration": 4,
      "loss": 1.1373598310165107,
      "update_norm": 1.8803634643554688,
      "certified_percentage": 91.11328124999996,
      "f_h_positive": 39,
      "f_safe_violation": 0,
      "f_depth": 644,
      "f_unsafe_split": 0,
      "loss_dict": {
        "total_loss": 1.1373598310165107,
        "safe_loss": 0.010192056186497211,
        "unsafe_loss": 0.16228270530700684,
        "unsafe_max_loss": 0.23327744007110596,
        "cbf_loss": 0.20094168186187744,
        "boundary_loss": 0.0,
        "train_safe_loss": 0.5071982741355896,
        "train_unsafe_loss": 0.06973858177661896,
        "train_unsafe_max_loss": 0.19852271676063538,
        "train_cbf_loss": 0.16456931829452515,
        "train_boundary_loss": 0.0
      }
    },
    {
      "iteration": 5,
      "loss": 1.018146312640359,
      "update_norm": 1.4816104173660278,
      "certified_percentage": 92.48046874999996,
      "f_h_positive": 7,
      "f_safe_violation": 0,
      "f_depth": 605,
      "f_unsafe_split": 0,
      "loss_dict": {
        "total_loss": 1.018146312640359,
        "safe_loss": 0.0073532843962311745,
        "unsafe_loss": 0.1550636738538742,
        "unsafe_max_loss": 0.19530129432678223,
        "cbf_loss": 0.20225390791893005,
        "boundary_loss": 0.0,
        "train_safe_loss": 0.5121484994888306,
        "train_unsafe_loss": 0.057329609990119934,
        "train_unsafe_max_loss": 0.16460636258125305,
        "train_cbf_loss": 0.13092708587646484,
        "train_boundary_loss": 0.0
      }
    },
    {
      "iteration": 6,
      "loss": 0.9804343366995454,
      "update_norm": 1.2764151096343994,
      "certified_percentage": 93.40820312499996,
      "f_h_positive": 2,
      "f_safe_violation": 0,
      "f_depth": 538,
      "f_unsafe_split": 0,
      "loss_dict": {
        "total_loss": 0.9804343366995454,
        "safe_loss": 0.008231496438384056,
        "unsafe_loss": 0.15810953080654144,
        "unsafe_max_loss": 0.1750216782093048,
        "cbf_loss": 0.19124868512153625,
        "boundary_loss": 0.0,
        "train_safe_loss": 0.5172293782234192,
        "train_unsafe_loss": 0.05087164789438248,
        "train_unsafe_max_loss": 0.1466914862394333,
        "train_cbf_loss": 0.14050482213497162,
        "train_boundary_loss": 0.0
      }
    },
    {
      "iteration": 7,
      "loss": 0.9424630721720556,
      "update_norm": 1.2205537557601929,
      "certified_percentage": 93.72558593749996,
      "f_h_positive": 0,
      "f_safe_violation": 0,
      "f_depth": 514,
      "f_unsafe_split": 0,
      "loss_dict": {
        "total_loss": 0.9424630721720556,
        "safe_loss": 0.007078495807945728,
        "unsafe_loss": 0.15592032670974731,
        "unsafe_max_loss": 0.15628765523433685,
        "cbf_loss": 0.18543288111686707,
        "boundary_loss": 0.0,
        "train_safe_loss": 0.5330483913421631,
        "train_unsafe_loss": 0.04839319735765457,
        "train_unsafe_max_loss": 0.13897593319416046,
        "train_cbf_loss": 0.13360679149627686,
        "train_boundary_loss": 0.0
      }
    },
    {
      "iteration": 8,
      "loss": 0.7159074579831213,
      "update_norm": 2.997238874435425,
      "certified_percentage": 89.96582031249997,
      "f_h_positive": 69,
      "f_safe_violation": 0,
      "f_depth": 554,
      "f_unsafe_split": 0,
      "loss_dict": {
        "total_loss": 0.7159074579831213,
        "safe_loss": 0.0015167768578976393,
        "unsafe_loss": 0.0,
        "unsafe_max_loss": 0.0,
        "cbf_loss": 0.13955125212669373,
        "boundary_loss": 0.0,
        "train_safe_loss": 0.49157264828681946,
        "train_unsafe_loss": 0.06964457035064697,
        "train_unsafe_max_loss": 0.19376550614833832,
        "train_cbf_loss": 0.14468367397785187,
        "train_boundary_loss": 0.0
      }
    },
    {
      "iteration": 9,
      "loss": 1.1033484651707113,
      "update_norm": 1.939759612083435,
      "certified_percentage": 90.85693359374996,
      "f_h_positive": 33,
      "f_safe_violation": 0,
      "f_depth": 674,
      "f_unsafe_split": 0,
      "loss_dict": {
        "total_loss": 1.1033484651707113,
        "safe_loss": 0.010056459344923496,
        "unsafe_loss": 0.15813344717025757,
        "unsafe_max_loss": 0.23317234218120575,
        "cbf_loss": 0.20312348008155823,
        "boundary_loss": 0.0,
        "train_safe_loss": 0.479668527841568,
        "train_unsafe_loss": 0.07075619697570801,
        "train_unsafe_max_loss": 0.1947542279958725,
        "train_cbf_loss": 0.1372438222169876,
        "train_boundary_loss": 0.0
      }
    },
    {
      "iteration": 10,
      "loss": 1.0068358712208767,
      "update_norm": 1.3507683277130127,
      "certified_percentage": 92.70019531249996,
      "f_h_positive": 5,
      "f_safe_violation": 0,
      "f_depth": 586,
      "f_unsafe_split": 0,
      "loss_dict": {
        "total_loss": 1.0068358712208767,
        "safe_loss": 0.0069148363545536995,
        "unsafe_loss": 0.15454000234603882,
        "unsafe_max_loss": 0.1912672221660614,
        "cbf_loss": 0.20077581703662872,
        "boundary_loss": 0.0,
        "train_safe_loss": 0.49981430172920227,
        "train_unsafe_loss": 0.05800320580601692,
        "train_unsafe_max_loss": 0.15705402195453644,