{
  "system": "barr2",
  "activation": "Sigmoid",
  "initial_pass_rate": 93.90869140625001,
  "final_pass_rate": 91.58935546875001,
  "improvement": -2.3193359375,
  "num_iterations": 10,
  "num_samples": 100,
  "num_inner_steps": 2,
  "lr": 0.005,
  "max_depth": 12,
  "lambda_safe": 1.0,
  "lambda_unsafe": 10.0,
  "lambda_unsafe_max": 5.0,
  "lambda_cbf": 5.0,
  "safe_margin": 0.01,
  "unsafe_margin": 0.01,
  "cbf_margin": 0.0,
  "iteration_results": [
    {
      "iteration": 1,
      "loss": 3.5515057744458316,
      "update_norm": 10.0,
      "certified_percentage": 96.09375000000001,
      "f_h_positive": 11,
      "f_safe_violation": 0,
      "f_depth": 0,
      "f_unsafe_split": 0,
      "loss_dict": {
        "total_loss": 3.5515057744458316,
        "safe_loss": 0.055159520357847214,
        "unsafe_loss": 0.5287023782730103,
        "unsafe_max_loss": 1.001934289932251,
        "cbf_loss": 0.0,
        "boundary_loss": 0.0,
        "train_safe_loss": 0.3898182809352875,
        "train_unsafe_loss": 0.362122505903244,
        "train_unsafe_max_loss": 0.6705828309059143,
        "train_cbf_loss": 0.00834332499653101,
        "train_boundary_loss": 0.0
      }
    },
    {
      "iteration": 2,
      "loss": 1.5277817010879517,
      "update_norm": 8.237072944641113,
      "certified_percentage": 91.89453125000001,
      "f_h_positive": 1,
      "f_safe_violation": 0,
      "f_depth": 663,
      "f_unsafe_split": 0,
      "loss_dict": {
        "total_loss": 1.5277817010879517,
        "safe_loss": 0.054188959300518036,
        "unsafe_loss": 0.26372069120407104,
        "unsafe_max_loss": 0.30610817670822144,
        "cbf_loss": 0.0,
        "boundary_loss": 0.0,
        "train_safe_loss": 0.4560104012489319,
        "train_unsafe_loss": 0.1299341470003128,
        "train_unsafe_max_loss": 0.2723999619483948,
        "train_cbf_loss": 0.059924013912677765,
        "train_boundary_loss": 0.0
      }
    },
    {
      "iteration": 3,
      "loss": 0.9334165826439857,
      "update_norm": 1.630866527557373,
      "certified_percentage": 92.24853515625001,
      "f_h_positive": 0,
      "f_safe_violation": 0,
      "f_depth": 635,
      "f_unsafe_split": 0,
      "loss_dict": {
        "total_loss": 0.9334165826439857,
        "safe_loss": 0.03625708073377609,
        "unsafe_loss": 0.12771227955818176,
        "unsafe_max_loss": 0.12771227955818176,
        "cbf_loss": 0.20651741325855255,
        "boundary_loss": 0.0,
        "train_safe_loss": 0.583380401134491,
        "train_unsafe_loss": 0.052269257605075836,
        "train_unsafe_max_loss": 0.11529631912708282,
        "train_cbf_loss": 0.0,
        "train_boundary_loss": 0.0
      }
    },
    {
      "iteration": 4,
      "loss": 0.5295882645994425,
      "update_norm": 1.9075461626052856,
      "certified_percentage": 91.58935546875001,
      "f_h_positive": 7,
      "f_safe_violation": 0,
      "f_depth": 676,
      "f_unsafe_split": 0,
      "loss_dict": {
        "total_loss": 0.5295882645994425,
        "safe_loss": 0.01640106365084648,
        "unsafe_loss": 0.0,
        "unsafe_max_loss": 0.0,
        "cbf_loss": 0.1453319638967514,
        "boundary_loss": 0.0,
        "train_safe_loss": 0.5127651691436768,
        "train_unsafe_loss": 0.06511794030666351,
        "train_unsafe_max_loss": 0.14149688184261322,
        "train_cbf_loss": 0.006690291687846184,
        "train_boundary_loss": 0.0
      }
    },
    {
      "iteration": 5,
      "loss": 0.9692438609898091,
      "update_norm": 2.0102899074554443,
      "certified_percentage": 92.39501953125001,
      "f_h_positive": 0,
      "f_safe_violation": 0,
      "f_depth": 623,
      "f_unsafe_split": 0,
      "loss_dict": {
        "total_loss": 0.9692438609898091,
        "safe_loss": 0.035439323633909225,
        "unsafe_loss": 0.13370352983474731,
        "unsafe_max_loss": 0.14398188889026642,
        "cbf_loss": 0.21095800399780273,
        "boundary_loss": 0.0,
        "train_safe_loss": 0.5363126397132874,
        "train_unsafe_loss": 0.05505004897713661,
        "train_unsafe_max_loss": 0.12244641780853271,
        "train_cbf_loss": 0.0,
        "train_boundary_loss": 0.0
      }
    },
    {
      "iteration": 6,
      "loss": 0.5244979273527861,
      "update_norm": 2.0942893028259277,
      "certified_percentage": 91.47949218750001,
      "f_h_positive": 7,
      "f_safe_violation": 0,
      "f_depth": 685,
      "f_unsafe_split": 0,
      "loss_dict": {
        "total_loss": 0.5244979273527861,
        "safe_loss": 0.018277568742632866,
        "unsafe_loss": 0.0,
        "unsafe_max_loss": 0.0,
        "cbf_loss": 0.14474406838417053,
        "boundary_loss": 0.0,
        "train_safe_loss": 0.5046155452728271,
        "train_unsafe_loss": 0.06491207331418991,
        "train_unsafe_max_loss": 0.1366536170244217,
        "train_cbf_loss": 0.008697472512722015,
        "train_boundary_loss": 0.0
      }
    },
    {
      "iteration": 7,
      "loss": 1.0031307496130466,
      "update_norm": 2.4865639209747314,
      "certified_percentage": 92.33398437500001,
      "f_h_positive": 0,
      "f_safe_violation": 0,
      "f_depth": 628,
      "f_unsafe_split": 0,
      "loss_dict": {
        "total_loss": 1.0031307496130466,
        "safe_loss": 0.029961038380861282,
        "unsafe_loss": 0.1457042396068573,
        "unsafe_max_loss": 0.15719155967235565,
        "cbf_loss": 0.20308399200439453,
        "boundary_loss": 0.0,
        "train_safe_loss": 0.4764387607574463,
        "train_unsafe_loss": 0.06046954542398453,
        "train_unsafe_max_loss": 0.1292276680469513,
        "train_cbf_loss": 0.0,
        "train_boundary_loss": 0.0
      }
    },
    {
      "iteration": 8,
      "loss": 0.5241289654746651,
      "update_norm": 1.827579140663147,
      "certified_percentage": 91.58935546875001,
      "f_h_positive": 6,
      "f_safe_violation": 0,
      "f_depth": 680,
      "f_unsafe_split": 0,
      "loss_dict": {
        "total_loss": 0.5241289654746651,
        "safe_loss": 0.018633253872394562,
        "unsafe_loss": 0.0,
        "unsafe_max_loss": 0.0,
        "cbf_loss": 0.15277884900569916,
        "boundary_loss": 0.0,
        "train_safe_loss": 0.4596574306488037,
        "train_unsafe_loss": 0.06553032249212265,
        "train_unsafe_max_loss": 0.1385176032781601,
        "train_cbf_loss": 0.006113731302320957,
        "train_boundary_loss": 0.0
      }
    },
    {
      "iteration": 9,
      "loss": 0.9690368987619877,
      "update_norm": 2.223642349243164,
      "certified_percentage": 92.39501953125001,
      "f_h_positive": 0,
      "f_safe_violation": 0,
      "f_depth": 623,
      "f_unsafe_split": 0,
      "loss_dict": {
        "total_loss": 0.9690368987619877,
        "safe_loss": 0.034596461802721024,
        "unsafe_loss": 0.1386527121067047,
        "unsafe_max_loss": 0.14755354821681976,
        "cbf_loss": 0.2073233425617218,
        "boundary_loss": 0.0,
        "train_safe_loss": 0.4540651738643646,
        "train_unsafe_loss": 0.05811933055520058,
        "train_unsafe_max_loss": 0.12288359552621841,
        "train_cbf_loss": 0.0,
        "train_boundary_loss": 0.0
      }
    },
    {
      "iteration": 10,
      "loss": 0.6399020659737289,
      "update_norm": 1.862742304801941,
      "certified_percentage": 91.58935546875001,
      "f_h_positive": 5,
      "f_safe_violation": 0,
      "f_depth": 682,
      "f_unsafe_split": 0,
      "loss_dict": {
        "total_loss": 0.6399020659737289,
        "safe_loss": 0.016785530373454094,
        "unsafe_loss": 0.0,
        "unsafe_max_loss": 0.0,
        "cbf_loss": 0.15194396674633026,
        "boundary_loss": 0.0,
        "train_safe_loss": 0.48619940876960754,
        "train_unsafe_loss": 0.06405214220285416,
        "train_unsafe_max_loss": 0.13127641379833221,
        "train_cbf_loss": 0.0,
        "train_boundary_loss": 0.0
      }
    }
  ],
  "timestamp": "2026-04-10 15:42:03",
  "note": "clean_modified_v2: 完整 5 种 loss，直接梯度更新"
}