{
  "system": "barr1",
  "activation": "Sigmoid",
  "initial_pass_rate": 71.47216796875001,
  "final_pass_rate": 92.04101562500001,
  "improvement": 20.56884765625,
  "num_iterations": 10,
  "num_samples": 100,
  "num_inner_steps": 2,
  "lr": 0.005,
  "max_depth": 12,
  "lambda_safe": 1.0,
  "lambda_unsafe": 10.0,
  "lambda_unsafe_max": 5.0,
  "lambda_cbf": 5.0,
  "safe_margin": 0.01,
  "unsafe_margin": 0.01,
  "cbf_margin": 0.0,
  "iteration_results": [
    {
      "iteration": 1,
      "loss": 3.2221406161785127,
      "update_norm": 10.0,
      "certified_percentage": 85.18066406250001,
      "f_h_positive": 81,
      "f_safe_violation": 0,
      "f_depth": 102,
      "f_unsafe_split": 0,
      "loss_dict": {
        "total_loss": 3.2221406161785127,
        "safe_loss": 0.021808544173836708,
        "unsafe_loss": 0.3375232517719269,
        "unsafe_max_loss": 1.4019529819488525,
        "cbf_loss": 0.0,
        "boundary_loss": 0.0,
        "train_safe_loss": 0.02696831338107586,
        "train_unsafe_loss": 0.1479639708995819,
        "train_unsafe_max_loss": 0.8260543942451477,
        "train_cbf_loss": 0.013403423130512238,
        "train_boundary_loss": 0.0
      }
    },
    {
      "iteration": 2,
      "loss": 1.7988054025918245,
      "update_norm": 8.766550064086914,
      "certified_percentage": 91.02783203125001,
      "f_h_positive": 46,
      "f_safe_violation": 0,
      "f_depth": 444,
      "f_unsafe_split": 0,
      "loss_dict": {
        "total_loss": 1.7988054025918245,
        "safe_loss": 0.02827742137014866,
        "unsafe_loss": 0.2249513566493988,
        "unsafe_max_loss": 0.7650829553604126,
        "cbf_loss": 0.0,
        "boundary_loss": 0.0,
        "train_safe_loss": 0.069136843085289,
        "train_unsafe_loss": 0.0459652841091156,
        "train_unsafe_max_loss": 0.4050349295139313,
        "train_cbf_loss": 0.06737138330936432,
        "train_boundary_loss": 0.0
      }
    },
    {
      "iteration": 3,
      "loss": 1.1247505955398083,
      "update_norm": 3.2221181392669678,
      "certified_percentage": 90.51513671875001,
      "f_h_positive": 20,
      "f_safe_violation": 0,
      "f_depth": 711,
      "f_unsafe_split": 0,
      "loss_dict": {
        "total_loss": 1.1247505955398083,
        "safe_loss": 0.016876377165317535,
        "unsafe_loss": 0.18052856624126434,
        "unsafe_max_loss": 0.40319934487342834,
        "cbf_loss": 0.2298886924982071,
        "boundary_loss": 0.0,
        "train_safe_loss": 0.12314347922801971,
        "train_unsafe_loss": 0.013071626424789429,
        "train_unsafe_max_loss": 0.1704574078321457,
        "train_cbf_loss": 0.1309509128332138,
        "train_boundary_loss": 0.0
      }
    },
    {
      "iteration": 4,
      "loss": 1.0172085180878638,
      "update_norm": 3.6149184703826904,
      "certified_percentage": 89.83154296875001,
      "f_h_positive": 0,
      "f_safe_violation": 0,
      "f_depth": 833,
      "f_unsafe_split": 0,
      "loss_dict": {
        "total_loss": 1.0172085180878638,
        "safe_loss": 0.01749500073492527,
        "unsafe_loss": 0.15407706797122955,
        "unsafe_max_loss": 0.2837374806404114,
        "cbf_loss": 0.24069218337535858,
        "boundary_loss": 0.0,
        "train_safe_loss": 0.14283670485019684,
        "train_unsafe_loss": 0.011595035903155804,
        "train_unsafe_max_loss": 0.12936830520629883,
        "train_cbf_loss": 0.0,
        "train_boundary_loss": 0.0
      }
    },
    {
      "iteration": 5,
      "loss": 0.4670860969927162,
      "update_norm": 1.8484994173049927,
      "certified_percentage": 90.73486328125001,
      "f_h_positive": 4,
      "f_safe_violation": 0,
      "f_depth": 753,
      "f_unsafe_split": 0,
      "loss_dict": {
        "total_loss": 0.4670860969927162,
        "safe_loss": 0.0063564470037817955,
        "unsafe_loss": 0.0,
        "unsafe_max_loss": 0.0,
        "cbf_loss": 0.20323769748210907,
        "boundary_loss": 0.0,
        "train_safe_loss": 0.13292726874351501,
        "train_unsafe_loss": 0.010229881852865219,
        "train_unsafe_max_loss": 0.12211467325687408,
        "train_cbf_loss": 0.0,
        "train_boundary_loss": 0.0
      }
    },
    {
      "iteration": 6,
      "loss": 0.8197913762181998,
      "update_norm": 1.866455316543579,
      "certified_percentage": 89.95361328125001,
      "f_h_positive": 0,
      "f_safe_violation": 0,
      "f_depth": 823,
      "f_unsafe_split": 0,
      "loss_dict": {
        "total_loss": 0.8197913762181998,
        "safe_loss": 0.019627651199698448,
        "unsafe_loss": 0.13923907279968262,
        "unsafe_max_loss": 0.148920476436615,
        "cbf_loss": 0.2498803585767746,
        "boundary_loss": 0.0,
        "train_safe_loss": 0.13162200152873993,
        "train_unsafe_loss": 0.009072579443454742,
        "train_unsafe_max_loss": 0.09411730617284775,
        "train_cbf_loss": 0.0,
        "train_boundary_loss": 0.0
      }
    },
    {
      "iteration": 7,
      "loss": 0.4340752561111003,
      "update_norm": 2.0584917068481445,
      "certified_percentage": 91.10107421875001,
      "f_h_positive": 3,
      "f_safe_violation": 0,
      "f_depth": 725,
      "f_unsafe_split": 0,
      "loss_dict": {
        "total_loss": 0.4340752561111003,
        "safe_loss": 0.005227052606642246,
        "unsafe_loss": 0.0,
        "unsafe_max_loss": 0.0,
        "cbf_loss": 0.19404925405979156,
        "boundary_loss": 0.0,
        "train_safe_loss": 0.15624283254146576,
        "train_unsafe_loss": 0.010074911639094353,
        "train_unsafe_max_loss": 0.10076715052127838,
        "train_cbf_loss": 0.0,
        "train_boundary_loss": 0.0
      }
    },
    {
      "iteration": 8,
      "loss": 0.8036038484424353,
      "update_norm": 1.8658618927001953,
      "certified_percentage": 89.96582031250001,
      "f_h_positive": 0,
      "f_safe_violation": 0,
      "f_depth": 822,
      "f_unsafe_split": 0,
      "loss_dict": {
        "total_loss": 0.8036038484424353,
        "safe_loss": 0.019194375723600388,
        "unsafe_loss": 0.13478586077690125,
        "unsafe_max_loss": 0.14611223340034485,
        "cbf_loss": 0.24284495413303375,
        "boundary_loss": 0.0,
        "train_safe_loss": 0.14947572350502014,
        "train_unsafe_loss": 0.007715445943176746,
        "train_unsafe_max_loss": 0.09591002762317657,
        "train_cbf_loss": 0.0,
        "train_boundary_loss": 0.0
      }
    },
    {
      "iteration": 9,
      "loss": 0.4401643901364878,
      "update_norm": 1.8426388502120972,
      "certified_percentage": 91.18652343750001,
      "f_h_positive": 0,
      "f_safe_violation": 0,
      "f_depth": 722,
      "f_unsafe_split": 0,
      "loss_dict": {
        "total_loss": 0.4401643901364878,
        "safe_loss": 0.004864169750362635,
        "unsafe_loss": 0.0,
        "unsafe_max_loss": 0.0,
        "cbf_loss": 0.19100084900856018,
        "boundary_loss": 0.0,
        "train_safe_loss": 0.14244873821735382,
        "train_unsafe_loss": 0.010182804428040981,
        "train_unsafe_max_loss": 0.11130247265100479,
        "train_cbf_loss": 0.0,
        "train_boundary_loss": 0.0
      }
    },
    {
      "iteration": 10,
      "loss": 0.49265371849760414,
      "update_norm": 3.1378424167633057,
      "certified_percentage": 92.04101562500001,
      "f_h_positive": 24,
      "f_safe_violation": 0,
      "f_depth": 535,
      "f_unsafe_split": 0,
      "loss_dict": {
        "total_loss": 0.49265371849760414,
        "safe_loss": 0.006095978897064924,
        "unsafe_loss": 0.0,
        "unsafe_max_loss": 0.0,
        "cbf_loss": 0.1789940595626831,
        "boundary_loss": 0.0,
        "train_safe_loss": 0.11247134208679199,
        "train_unsafe_loss": 0.013185856863856316,
        "train_unsafe_max_loss": 0.1390562504529953,
        "train_cbf_loss": 0.12451823055744171,
        "train_boundary_loss": 0.0
      }
    }
  ],
  "timestamp": "2026-04-10 15:38:33",