{
  "system": "barr1",
  "activation": "Tanh",
  "initial_pass_rate": 93.18847656250001,
  "final_pass_rate": 95.31250000000001,
  "improvement": 2.1240234375,
  "num_iterations": 10,
  "num_samples": 100,
  "num_inner_steps": 2,
  "lr": 0.005,
  "max_depth": 12,
  "lambda_safe": 1.0,
  "lambda_unsafe": 10.0,
  "lambda_unsafe_max": 5.0,
  "lambda_cbf": 5.0,
  "safe_margin": 0.01,
  "unsafe_margin": 0.01,
  "cbf_margin": 0.0,
  "iteration_results": [
    {
      "iteration": 1,
      "loss": 2.4186140851428113,
      "update_norm": 10.0,
      "certified_percentage": 90.91796875000001,
      "f_h_positive": 114,
      "f_safe_violation": 0,
      "f_depth": 602,
      "f_unsafe_split": 0,
      "loss_dict": {
        "total_loss": 2.4186140851428113,
        "safe_loss": 0.03718302771449089,
        "unsafe_loss": 0.4874483048915863,
        "unsafe_max_loss": 1.0606892108917236,
        "cbf_loss": 0.013690415769815445,
        "boundary_loss": 0.0,
        "train_safe_loss": 1.0424939393997192,
        "train_unsafe_loss": 0.06037402153015137,
        "train_unsafe_max_loss": 0.4894094467163086,
        "train_cbf_loss": 0.026967782527208328,
        "train_boundary_loss": 0.0
      }
    },
    {
      "iteration": 2,
      "loss": 0.6551571052521468,
      "update_norm": 5.9779744148254395,
      "certified_percentage": 95.62988281250001,
      "f_h_positive": 0,
      "f_safe_violation": 0,
      "f_depth": 358,
      "f_unsafe_split": 0,
      "loss_dict": {
        "total_loss": 0.6551571052521468,
        "safe_loss": 0.037962619215250015,
        "unsafe_loss": 0.06619279831647873,
        "unsafe_max_loss": 0.13781483471393585,
        "cbf_loss": 0.0230052899569273,
        "boundary_loss": 0.0,
        "train_safe_loss": 1.31211256980896,
        "train_unsafe_loss": 0.008661260828375816,
        "train_unsafe_max_loss": 0.07461382448673248,
        "train_cbf_loss": 0.0,
        "train_boundary_loss": 0.0
      }
    },
    {
      "iteration": 3,
      "loss": 0.4654948632232845,
      "update_norm": 3.274836301803589,
      "certified_percentage": 95.58105468750001,
      "f_h_positive": 0,
      "f_safe_violation": 0,
      "f_depth": 362,
      "f_unsafe_split": 0,
      "loss_dict": {
        "total_loss": 0.4654948632232845,
        "safe_loss": 0.021213248372077942,
        "unsafe_loss": 0.0,
        "unsafe_max_loss": 0.0,
        "cbf_loss": 0.01721142791211605,
        "boundary_loss": 0.0,
        "train_safe_loss": 1.5004985332489014,
        "train_unsafe_loss": 0.0046227723360061646,
        "train_unsafe_max_loss": 0.041596561670303345,
        "train_cbf_loss": 0.0,
        "train_boundary_loss": 0.0
      }
    },
    {
      "iteration": 4,
      "loss": 0.3891365316230804,
      "update_norm": 2.612490653991699,
      "certified_percentage": 95.58105468750001,
      "f_h_positive": 0,
      "f_safe_violation": 0,
      "f_depth": 362,
      "f_unsafe_split": 0,
      "loss_dict": {
        "total_loss": 0.3891365316230804,
        "safe_loss": 0.02026706002652645,
        "unsafe_loss": 0.0,
        "unsafe_max_loss": 0.0,
        "cbf_loss": 0.018284866586327553,
        "boundary_loss": 0.0,
        "train_safe_loss": 1.140777349472046,
        "train_unsafe_loss": 0.005631013307720423,
        "train_unsafe_max_loss": 0.04955345019698143,
        "train_cbf_loss": 0.0,
        "train_boundary_loss": 0.0
      }
    },
    {
      "iteration": 5,
      "loss": 0.39180489676073194,
      "update_norm": 2.463054895401001,
      "certified_percentage": 95.53222656250001,
      "f_h_positive": 0,
      "f_safe_violation": 0,
      "f_depth": 366,
      "f_unsafe_split": 0,
      "loss_dict": {
        "total_loss": 0.39180489676073194,
        "safe_loss": 0.021124565973877907,
        "unsafe_loss": 0.0,
        "unsafe_max_loss": 0.0,
        "cbf_loss": 0.025938278064131737,
        "boundary_loss": 0.0,
        "train_safe_loss": 1.0436571836471558,
        "train_unsafe_loss": 0.006585664115846157,
        "train_unsafe_max_loss": 0.061377961188554764,
        "train_cbf_loss": 0.0,
        "train_boundary_loss": 0.0
      }
    },
    {
      "iteration": 6,
      "loss": 0.4364857964683324,
      "update_norm": 2.47432017326355,
      "certified_percentage": 95.25146484375001,
      "f_h_positive": 0,
      "f_safe_violation": 0,
      "f_depth": 389,
      "f_unsafe_split": 0,
      "loss_dict": {
        "total_loss": 0.4364857964683324,
        "safe_loss": 0.02107776701450348,
        "unsafe_loss": 0.0,
        "unsafe_max_loss": 0.0,
        "cbf_loss": 0.03781453147530556,
        "boundary_loss": 0.0,
        "train_safe_loss": 1.0673340559005737,
        "train_unsafe_loss": 0.007469809148460627,
        "train_unsafe_max_loss": 0.07875212281942368,
        "train_cbf_loss": 0.0,
        "train_boundary_loss": 0.0
      }
    },
    {
      "iteration": 7,
      "loss": 0.4432592894881964,
      "update_norm": 2.3283586502075195,
      "certified_percentage": 95.45898437500001,
      "f_h_positive": 0,
      "f_safe_violation": 0,
      "f_depth": 372,
      "f_unsafe_split": 0,
      "loss_dict": {
        "total_loss": 0.4432592894881964,
        "safe_loss": 0.018794113770127296,
        "unsafe_loss": 0.0,
        "unsafe_max_loss": 0.0,
        "cbf_loss": 0.03590300306677818,
        "boundary_loss": 0.0,
        "train_safe_loss": 1.0518219470977783,
        "train_unsafe_loss": 0.008590658195316792,
        "train_unsafe_max_loss": 0.08739989995956421,
        "train_cbf_loss": 0.0,
        "train_boundary_loss": 0.0
      }
    },
    {
      "iteration": 8,
      "loss": 0.4472026824951172,
      "update_norm": 2.280719757080078,
      "certified_percentage": 95.36132812500001,
      "f_h_positive": 0,
      "f_safe_violation": 0,
      "f_depth": 380,
      "f_unsafe_split": 0,
      "loss_dict": {
        "total_loss": 0.4472026824951172,
        "safe_loss": 0.020674683153629303,
        "unsafe_loss": 0.0,
        "unsafe_max_loss": 0.0,
        "cbf_loss": 0.049989353865385056,
        "boundary_loss": 0.0,
        "train_safe_loss": 1.0043576955795288,
        "train_unsafe_loss": 0.004828760400414467,
        "train_unsafe_max_loss": 0.09310879558324814,
        "train_cbf_loss": 0.0,
        "train_boundary_loss": 0.0
      }
    },
    {
      "iteration": 9,
      "loss": 0.4364744077902287,
      "update_norm": 2.1434433460235596,
      "certified_percentage": 95.33691406250001,
      "f_h_positive": 0,
      "f_safe_violation": 0,
      "f_depth": 382,
      "f_unsafe_split": 0,
      "loss_dict": {
        "total_loss": 0.4364744077902287,
        "safe_loss": 0.019533321261405945,
        "unsafe_loss": 0.0,
        "unsafe_max_loss": 0.0,
        "cbf_loss": 0.05416170880198479,
        "boundary_loss": 0.0,
        "train_safe_loss": 0.8720765709877014,
        "train_unsafe_loss": 0.007477057632058859,
        "train_unsafe_max_loss": 0.101741723716259,
        "train_cbf_loss": 0.0,
        "train_boundary_loss": 0.0
      }
    },
    {
      "iteration": 10,
      "loss": 0.4696478620171547,
      "update_norm": 2.127906322479248,
      "certified_percentage": 95.31250000000001,
      "f_h_positive": 0,
      "f_safe_violation": 0,
      "f_depth": 384,
      "f_unsafe_split": 0,
      "loss_dict": {
        "total_loss": 0.4696478620171547,
        "safe_loss": 0.017429156228899956,
        "unsafe_loss": 0.0,
        "unsafe_max_loss": 0.0,
        "cbf_loss": 0.062412939965724945,
        "boundary_loss": 0.0,
        "train_safe_loss": 0.9545115232467651,
        "train_unsafe_loss": 0.006134700961410999,
        "train_unsafe_max_loss": 0.10664781183004379,
        "train_cbf_loss": 0.0,
        "train_boundary_loss": 0.0
      }
    }
  ],
  "timestamp": "2026-04-10 15:44:47",
  "note": "clean_modified_v2: 完整 5 种 loss，直接梯度更新"
}