{
  "system": "barr2",
  "activation": "Relu",
  "initial_pass_rate": 89.47753906250001,
  "final_pass_rate": 67.60253906250001,
  "improvement": -21.875,
  "num_iterations": 10,
  "num_samples": 100,
  "num_inner_steps": 2,
  "lr": 0.005,
  "max_depth": 12,
  "lambda_safe": 1.0,
  "lambda_unsafe": 10.0,
  "lambda_unsafe_max": 5.0,
  "lambda_cbf": 5.0,
  "safe_margin": 0.01,
  "unsafe_margin": 0.01,
  "cbf_margin": 0.0,
  "iteration_results": [
    {
      "iteration": 1,
      "loss": 0.5005387269193307,
      "update_norm": 6.171785354614258,
      "certified_percentage": 89.02587890625001,
      "f_h_positive": 0,
      "f_safe_violation": 0,
      "f_depth": 899,
      "f_unsafe_split": 0,
      "loss_dict": {
        "total_loss": 0.5005387269193307,
        "safe_loss": 0.0043595777824521065,
        "unsafe_loss": 0.0,
        "unsafe_max_loss": 0.0,
        "cbf_loss": 0.0026580188423395157,
        "boundary_loss": 0.0,
        "train_safe_loss": 1.5063551664352417,
        "train_unsafe_loss": 0.002310999436303973,
        "train_unsafe_max_loss": 0.0910080149769783,
        "train_cbf_loss": 0.0,
        "train_boundary_loss": 0.0
      }
    },
    {
      "iteration": 2,
      "loss": 0.33897416698309824,
      "update_norm": 5.315060138702393,
      "certified_percentage": 87.42675781250001,
      "f_h_positive": 2,
      "f_safe_violation": 0,
      "f_depth": 1027,
      "f_unsafe_split": 0,
      "loss_dict": {
        "total_loss": 0.33897416698309824,
        "safe_loss": 0.005819421261548996,
        "unsafe_loss": 0.0,
        "unsafe_max_loss": 0.0,
        "cbf_loss": 0.009264162741601467,
        "boundary_loss": 0.0,
        "train_safe_loss": 1.073730230331421,
        "train_unsafe_loss": 0.0036070330534130335,
        "train_unsafe_max_loss": 0.106525719165802,
        "train_cbf_loss": 6.0288650274742395e-05,
        "train_boundary_loss": 0.0
      }
    },
    {
      "iteration": 3,
      "loss": 1.5127989877015353,
      "update_norm": 10.0,
      "certified_percentage": 86.86523437500001,
      "f_h_positive": 0,
      "f_safe_violation": 0,
      "f_depth": 1076,
      "f_unsafe_split": 0,
      "loss_dict": {
        "total_loss": 1.5127989877015353,
        "safe_loss": 0.016890916973352432,
        "unsafe_loss": 0.4173482656478882,
        "unsafe_max_loss": 0.4233456254005432,
        "cbf_loss": 0.014513694681227207,
        "boundary_loss": 0.0,
        "train_safe_loss": 1.0648835897445679,
        "train_unsafe_loss": 0.0010374863632023335,
        "train_unsafe_max_loss": 0.02181326225399971,
        "train_cbf_loss": 0.0,
        "train_boundary_loss": 0.0
      }
    },
    {
      "iteration": 4,
      "loss": 0.24831237342732493,
      "update_norm": 6.2675251960754395,
      "certified_percentage": 84.46044921875001,
      "f_h_positive": 0,
      "f_safe_violation": 0,
      "f_depth": 1273,
      "f_unsafe_split": 0,
      "loss_dict": {
        "total_loss": 0.24831237342732493,
        "safe_loss": 0.0009360521216876805,
        "unsafe_loss": 0.0,
        "unsafe_max_loss": 0.0,
        "cbf_loss": 0.010794523172080517,
        "boundary_loss": 0.0,
        "train_safe_loss": 0.8366783857345581,
        "train_unsafe_loss": 0.001228058128617704,
        "train_unsafe_max_loss": 0.01787637174129486,
        "train_cbf_loss": 0.0,
        "train_boundary_loss": 0.0
      }
    },
    {
      "iteration": 5,
      "loss": 0.2958132517815102,
      "update_norm": 3.8669536113739014,
      "certified_percentage": 80.93261718750001,
      "f_h_positive": 0,
      "f_safe_violation": 0,
      "f_depth": 1562,
      "f_unsafe_split": 0,
      "loss_dict": {
        "total_loss": 0.2958132517815102,
        "safe_loss": 0.0011168384226039052,
        "unsafe_loss": 0.0,
        "unsafe_max_loss": 0.0,
        "cbf_loss": 0.0326116643846035,
        "boundary_loss": 0.0,
        "train_safe_loss": 0.4495779573917389,
        "train_unsafe_loss": 0.009168424643576145,
        "train_unsafe_max_loss": 0.0955631285905838,
        "train_cbf_loss": 0.0,
        "train_boundary_loss": 0.0
      }
    },
    {
      "iteration": 6,
      "loss": 0.6124230203451588,
      "update_norm": 4.1659135818481445,
      "certified_percentage": 77.19726562500001,
      "f_h_positive": 3,
      "f_safe_violation": 0,
      "f_depth": 1864,
      "f_unsafe_split": 0,
      "loss_dict": {
        "total_loss": 0.6124230203451588,
        "safe_loss": 0.0005692901322618127,
        "unsafe_loss": 0.0,
        "unsafe_max_loss": 0.0,
        "cbf_loss": 0.14402112364768982,
        "boundary_loss": 0.0,
        "train_safe_loss": 0.34608832001686096,
        "train_unsafe_loss": 0.03433718904852867,
        "train_unsafe_max_loss": 0.24890701472759247,
        "train_cbf_loss": 0.08148898184299469,
        "train_boundary_loss": 0.0
      }
    },
    {
      "iteration": 7,
      "loss": 1.0842520240694284,
      "update_norm": 9.63002872467041,
      "certified_percentage": 79.95605468750001,
      "f_h_positive": 0,
      "f_safe_violation": 0,
      "f_depth": 1642,
      "f_unsafe_split": 0,
      "loss_dict": {
        "total_loss": 1.0842520240694284,
        "safe_loss": 0.036347948014736176,
        "unsafe_loss": 0.22338812053203583,
        "unsafe_max_loss": 0.29497554898262024,
        "cbf_loss": 0.2090841382741928,
        "boundary_loss": 0.0,
        "train_safe_loss": 0.37560996413230896,
        "train_unsafe_loss": 0.004430725239217281,
        "train_unsafe_max_loss": 0.04216306284070015,
        "train_cbf_loss": 0.0,
        "train_boundary_loss": 0.0
      }
    },
    {
      "iteration": 8,
      "loss": 0.4072602230589837,
      "update_norm": 3.8324060440063477,
      "certified_percentage": 73.09570312500001,
      "f_h_positive": 0,
      "f_safe_violation": 0,
      "f_depth": 2204,
      "f_unsafe_split": 0,
      "loss_dict": {
        "total_loss": 0.4072602230589837,
        "safe_loss": 0.0003207409754395485,
        "unsafe_loss": 0.0,
        "unsafe_max_loss": 0.0,
        "cbf_loss": 0.2267351597547531,
        "boundary_loss": 0.0,
        "train_safe_loss": 0.25005125999450684,
        "train_unsafe_loss": 0.0054079825058579445,
        "train_unsafe_max_loss": 0.03818265348672867,
        "train_cbf_loss": 0.0,
        "train_boundary_loss": 0.0
      }
    },
    {
      "iteration": 9,
      "loss": 0.5689471474615857,
      "update_norm": 2.72627329826355,
      "certified_percentage": 69.42138671875001,
      "f_h_positive": 0,
      "f_safe_violation": 0,
      "f_depth": 2505,
      "f_unsafe_split": 0,
      "loss_dict": {
        "total_loss": 0.5689471474615857,
        "safe_loss": 0.0023859026841819286,
        "unsafe_loss": 0.0,
        "unsafe_max_loss": 0.0,
        "cbf_loss": 0.3153255581855774,
        "boundary_loss": 0.0,
        "train_safe_loss": 0.1696755439043045,
        "train_unsafe_loss": 0.012723969295620918,
        "train_unsafe_max_loss": 0.07997193187475204,
        "train_cbf_loss": 0.0,
        "train_boundary_loss": 0.0
      }
    },
    {
      "iteration": 10,
      "loss": 0.6246472216880647,
      "update_norm": 4.128439426422119,
      "certified_percentage": 67.60253906250001,
      "f_h_positive": 0,
      "f_safe_violation": 0,
      "f_depth": 2654,
      "f_unsafe_split": 0,
      "loss_dict": {
        "total_loss": 0.6246472216880647,
        "safe_loss": 0.0008508643950335681,
        "unsafe_loss": 0.0,
        "unsafe_max_loss": 0.0,
        "cbf_loss": 0.3141120970249176,
        "boundary_loss": 0.0,
        "train_safe_loss": 0.08749749511480331,
        "train_unsafe_loss": 0.022496750578284264,
        "train_unsafe_max_loss": 0.12294250726699829,
        "train_cbf_loss": 0.0,
        "train_boundary_loss": 0.0
      }
    }
  ],
  "timestamp": "2026-04-10 15:47:34",
  "note": "clean_modified_v2: 完整 5 种 loss，直接梯度更新"
}