{
  "system": "barr3",
  "activation": "Sigmoid",
  "initial_pass_rate": 88.84277343749997,
  "final_pass_rate": 91.28417968749996,
  "improvement": 2.441406249999986,
  "num_iterations": 10,
  "num_samples": 100,
  "num_inner_steps": 1,
  "lr": 0.005,
  "max_depth": 12,
  "lambda_safe": 1.0,
  "lambda_unsafe": 10.0,
  "lambda_unsafe_max": 5.0,
  "lambda_cbf": 5.0,
  "safe_margin": 0.01,
  "unsafe_margin": 0.01,
  "cbf_margin": 0.0,
  "loss_type": "combined",
  "iteration_results": [
    {
      "iteration": 1,
      "loss": 3.5900380785060406,
      "update_norm": 1.0,
      "certified_percentage": 89.72167968749997,
      "f_h_positive": 52,
      "f_safe_violation": 0,
      "f_depth": 40,
      "f_unsafe_split": 0,
      "loss_dict": {
        "total_loss": 3.5900380785060406,
        "safe_loss": 0.013635704293847084,
        "unsafe_loss": 0.5249022841453552,
        "unsafe_max_loss": 1.1244012117385864,
        "cbf_loss": 7.199125684564933e-05,
        "boundary_loss": 0.0,
        "train_safe_loss": 0.2519245147705078,
        "train_unsafe_loss": 0.5184836387634277,
        "train_unsafe_max_loss": 1.041359543800354,
        "train_cbf_loss": 0.0023290577810257673,
        "train_boundary_loss": 0.0
      }
    },
    {
      "iteration": 2,
      "loss": 3.474901486382199,
      "update_norm": 1.0,
      "certified_percentage": 89.78271484374997,
      "f_h_positive": 50,
      "f_safe_violation": 0,
      "f_depth": 49,
      "f_unsafe_split": 0,
      "loss_dict": {
        "total_loss": 3.474901486382199,
        "safe_loss": 0.01507839560508728,
        "unsafe_loss": 0.49152281880378723,
        "unsafe_max_loss": 1.1041120290756226,
        "cbf_loss": 9.973859414458275e-05,
        "boundary_loss": 0.0,
        "train_safe_loss": 0.2432018667459488,
        "train_unsafe_loss": 0.5048033595085144,
        "train_unsafe_max_loss": 1.0185949802398682,
        "train_cbf_loss": 0.0027666266541928053,
        "train_boundary_loss": 0.0
      }
    },
    {
      "iteration": 3,
      "loss": 3.454221694930311,
      "update_norm": 1.0,
      "certified_percentage": 89.90478515624997,
      "f_h_positive": 49,
      "f_safe_violation": 0,
      "f_depth": 50,
      "f_unsafe_split": 0,
      "loss_dict": {
        "total_loss": 3.454221694930311,
        "safe_loss": 0.014291350729763508,
        "unsafe_loss": 0.5014777779579163,
        "unsafe_max_loss": 1.084964632987976,
        "cbf_loss": 5.312637222232297e-05,
        "boundary_loss": 0.0,
        "train_safe_loss": 0.27683454751968384,
        "train_unsafe_loss": 0.498284250497818,
        "train_unsafe_max_loss": 0.9993486404418945,
        "train_cbf_loss": 0.002950397552922368,
        "train_boundary_loss": 0.0
      }
    },
    {
      "iteration": 4,
      "loss": 3.3847077062285584,
      "update_norm": 0.9999999403953552,
      "certified_percentage": 90.08789062499997,
      "f_h_positive": 50,
      "f_safe_violation": 0,
      "f_depth": 39,
      "f_unsafe_split": 0,
      "loss_dict": {
        "total_loss": 3.3847077062285584,
        "safe_loss": 0.013034246861934662,
        "unsafe_loss": 0.49373894929885864,
        "unsafe_max_loss": 1.064524531364441,
        "cbf_loss": 6.417909753508866e-05,
        "boundary_loss": 0.0,
        "train_safe_loss": 0.2800750136375427,
        "train_unsafe_loss": 0.48367226123809814,
        "train_unsafe_max_loss": 0.9801995158195496,
        "train_cbf_loss": 0.0034167480189353228,
        "train_boundary_loss": 0.0
      }
    },
    {
      "iteration": 5,
      "loss": 3.334827882645186,
      "update_norm": 1.0000001192092896,
      "certified_percentage": 90.20996093749997,
      "f_h_positive": 42,
      "f_safe_violation": 0,
      "f_depth": 39,
      "f_unsafe_split": 0,
      "loss_dict": {
        "total_loss": 3.334827882645186,
        "safe_loss": 0.012319299392402172,
        "unsafe_loss": 0.5063983798027039,
        "unsafe_max_loss": 1.0435154438018799,
        "cbf_loss": 7.239833939820528e-05,
        "boundary_loss": 0.0,
        "train_safe_loss": 0.2599306106567383,
        "train_unsafe_loss": 0.4642277657985687,
        "train_unsafe_max_loss": 0.9585728049278259,
        "train_cbf_loss": 0.003930538892745972,
        "train_boundary_loss": 0.0
      }
    },
    {
      "iteration": 6,
      "loss": 3.347100730437281,
      "update_norm": 1.0,
      "certified_percentage": 90.29541015624996,
      "f_h_positive": 39,
      "f_safe_violation": 0,
      "f_depth": 38,
      "f_unsafe_split": 0,
      "loss_dict": {
        "total_loss": 3.347100730437281,
        "safe_loss": 0.011601622216403484,
        "unsafe_loss": 0.5488806366920471,
        "unsafe_max_loss": 1.0235921144485474,
        "cbf_loss": 6.815101369284093e-05,
        "boundary_loss": 0.0,
        "train_safe_loss": 0.2767994701862335,
        "train_unsafe_loss": 0.4502023756504059,
        "train_unsafe_max_loss": 0.9326539039611816,
        "train_cbf_loss": 0.004360463935881853,
        "train_boundary_loss": 0.0
      }
    },
    {
      "iteration": 7,
      "loss": 3.306842671842484,
      "update_norm": 1.0,
      "certified_percentage": 90.77148437499996,
      "f_h_positive": 44,
      "f_safe_violation": 0,
      "f_depth": 32,
      "f_unsafe_split": 0,
      "loss_dict": {
        "total_loss": 3.306842671842484,
        "safe_loss": 0.011023728176951408,
        "unsafe_loss": 0.5590600967407227,
        "unsafe_max_loss": 1.004787802696228,
        "cbf_loss": 4.7823483328102157e-05,
        "boundary_loss": 0.0,
        "train_safe_loss": 0.2429955005645752,
        "train_unsafe_loss": 0.43776845932006836,
        "train_unsafe_max_loss": 0.9138919711112976,
        "train_cbf_loss": 0.005022651050239801,
        "train_boundary_loss": 0.0
      }
    },
    {
      "iteration": 8,
      "loss": 3.168425716841739,
      "update_norm": 1.0,
      "certified_percentage": 90.83251953124996,
      "f_h_positive": 35,
      "f_safe_violation": 0,
      "f_depth": 45,
      "f_unsafe_split": 0,
      "loss_dict": {
        "total_loss": 3.168425716841739,
        "safe_loss": 0.012167233973741531,
        "unsafe_loss": 0.5064314007759094,
        "unsafe_max_loss": 0.9844568371772766,
        "cbf_loss": 3.799422847805545e-05,
        "boundary_loss": 0.0,
        "train_safe_loss": 0.25903642177581787,
        "train_unsafe_loss": 0.4238571226596832,
        "train_unsafe_max_loss": 0.896924614906311,
        "train_cbf_loss": 0.0058736358769237995,
        "train_boundary_loss": 0.0
      }
    },
    {
      "iteration": 9,
      "loss": 3.213021140198786,
      "update_norm": 0.9999999403953552,
      "certified_percentage": 90.97900390624996,
      "f_h_positive": 35,
      "f_safe_violation": 0,
      "f_depth": 37,
      "f_unsafe_split": 0,
      "loss_dict": {
        "total_loss": 3.213021140198786,
        "safe_loss": 0.012055430561304092,
        "unsafe_loss": 0.5642222762107849,
        "unsafe_max_loss": 0.9644525647163391,
        "cbf_loss": 2.040290564764291e-05,
        "boundary_loss": 0.0,
        "train_safe_loss": 0.24194669723510742,
        "train_unsafe_loss": 0.4130531847476959,
        "train_unsafe_max_loss": 0.8792133331298828,
        "train_cbf_loss": 0.006587720010429621,
        "train_boundary_loss": 0.0
      }
    },
    {
      "iteration": 10,
      "loss": 3.1382191073013623,
      "update_norm": 1.0,
      "certified_percentage": 91.28417968749996,
      "f_h_positive": 34,
      "f_safe_violation": 0,
      "f_depth": 33,
      "f_unsafe_split": 0,
      "loss_dict": {
        "total_loss": 3.1382191073013623,
        "safe_loss": 0.011546465568244457,
        "unsafe_loss": 0.549069344997406,
        "unsafe_max_loss": 0.9441373944282532,
        "cbf_loss": 1.4622288290411234e-05,
        "boundary_loss": 0.0,
        "train_safe_loss": 0.2547231614589691,
        "train_unsafe_loss": 0.40309205651283264,
        "train_unsafe_max_loss": 0.8570078015327454,