{
  "system": "barr2",
  "activation": "Sigmoid",
  "initial_pass_rate": 93.90869140625001,
  "final_pass_rate": 95.31250000000001,
  "improvement": 1.40380859375,
  "num_iterations": 10,
  "num_samples": 100,
  "num_inner_steps": 1,
  "lr": 0.005,
  "max_depth": 12,
  "lambda_safe": 1.0,
  "lambda_unsafe": 10.0,
  "lambda_unsafe_max": 5.0,
  "lambda_cbf": 5.0,
  "safe_margin": 0.01,
  "unsafe_margin": 0.01,
  "cbf_margin": 0.0,
  "loss_type": "combined",
  "iteration_results": [
    {
      "iteration": 1,
      "loss": 3.861686929814217,
      "update_norm": 1.0,
      "certified_percentage": 93.99414062500001,
      "f_h_positive": 8,
      "f_safe_violation": 0,
      "f_depth": 12,
      "f_unsafe_split": 0,
      "loss_dict": {
        "total_loss": 3.861686929814217,
        "safe_loss": 0.02526923641562462,
        "unsafe_loss": 0.7251973152160645,
        "unsafe_max_loss": 1.221925139427185,
        "cbf_loss": 9.928935469361022e-05,
        "boundary_loss": 0.0,
        "train_safe_loss": 0.26510992646217346,
        "train_unsafe_loss": 0.5034958124160767,
        "train_unsafe_max_loss": 0.8942296504974365,
        "train_cbf_loss": 0.0023081486579030752,
        "train_boundary_loss": 0.0
      }
    },
    {
      "iteration": 2,
      "loss": 4.095762089253792,
      "update_norm": 0.9999999403953552,
      "certified_percentage": 94.43359375000001,
      "f_h_positive": 8,
      "f_safe_violation": 0,
      "f_depth": 8,
      "f_unsafe_split": 0,
      "loss_dict": {
        "total_loss": 4.095762089253792,
        "safe_loss": 0.027206329628825188,
        "unsafe_loss": 0.9134494662284851,
        "unsafe_max_loss": 1.177078127861023,
        "cbf_loss": 9.734445484355092e-05,
        "boundary_loss": 0.0,
        "train_safe_loss": 0.2919909954071045,
        "train_unsafe_loss": 0.4875887930393219,
        "train_unsafe_max_loss": 0.8689565658569336,
        "train_cbf_loss": 0.0028664853889495134,
        "train_boundary_loss": 0.0
      }
    },
    {
      "iteration": 3,
      "loss": 3.741011575233036,
      "update_norm": 0.9999999403953552,
      "certified_percentage": 94.44580078125001,
      "f_h_positive": 8,
      "f_safe_violation": 0,
      "f_depth": 7,
      "f_unsafe_split": 0,
      "loss_dict": {
        "total_loss": 3.741011575233036,
        "safe_loss": 0.0221063531935215,
        "unsafe_loss": 0.8639156818389893,
        "unsafe_max_loss": 0.9090862274169922,
        "cbf_loss": 0.00012946606148034334,
        "boundary_loss": 0.0,
        "train_safe_loss": 0.2779514193534851,
        "train_unsafe_loss": 0.4727325141429901,
        "train_unsafe_max_loss": 0.8435144424438477,
        "train_cbf_loss": 0.003175807883962989,
        "train_boundary_loss": 0.0
      }
    },
    {
      "iteration": 4,
      "loss": 3.649044673050715,
      "update_norm": 0.9999999403953552,
      "certified_percentage": 94.48242187500001,
      "f_h_positive": 8,
      "f_safe_violation": 0,
      "f_depth": 4,
      "f_unsafe_split": 0,
      "loss_dict": {
        "total_loss": 3.649044673050715,
        "safe_loss": 0.02511490508913994,
        "unsafe_loss": 0.8400486707687378,
        "unsafe_max_loss": 0.8890015482902527,
        "cbf_loss": 0.00012943099136464298,
        "boundary_loss": 0.0,
        "train_safe_loss": 0.2749813497066498,
        "train_unsafe_loss": 0.45779556035995483,
        "train_unsafe_max_loss": 0.8307434916496277,
        "train_cbf_loss": 0.003271423513069749,
        "train_boundary_loss": 0.0
      }
    },
    {
      "iteration": 5,
      "loss": 3.561305409629616,
      "update_norm": 1.0,
      "certified_percentage": 94.87304687500001,
      "f_h_positive": 8,
      "f_safe_violation": 0,
      "f_depth": 4,
      "f_unsafe_split": 0,
      "loss_dict": {
        "total_loss": 3.561305409629616,
        "safe_loss": 0.025215569883584976,
        "unsafe_loss": 0.8167777061462402,
        "unsafe_max_loss": 0.8673502802848816,
        "cbf_loss": 0.00016248862084466964,
        "boundary_loss": 0.0,
        "train_safe_loss": 0.2962188720703125,
        "train_unsafe_loss": 0.4476977586746216,
        "train_unsafe_max_loss": 0.80882728099823,
        "train_cbf_loss": 0.00398862361907959,
        "train_boundary_loss": 0.0
      }
    },
    {
      "iteration": 6,
      "loss": 3.427987776895558,
      "update_norm": 1.0,
      "certified_percentage": 94.87304687500001,
      "f_h_positive": 8,
      "f_safe_violation": 0,
      "f_depth": 4,
      "f_unsafe_split": 0,
      "loss_dict": {
        "total_loss": 3.427987776895558,
        "safe_loss": 0.02044985443353653,
        "unsafe_loss": 0.7906038761138916,
        "unsafe_max_loss": 0.8261905908584595,
        "cbf_loss": 0.0001503933744970709,
        "boundary_loss": 0.0,
        "train_safe_loss": 0.31137752532958984,
        "train_unsafe_loss": 0.43035244941711426,
        "train_unsafe_max_loss": 0.7745531797409058,
        "train_cbf_loss": 0.004413041286170483,
        "train_boundary_loss": 0.0
      }
    },
    {
      "iteration": 7,
      "loss": 3.348354856202301,
      "update_norm": 0.9999999403953552,
      "certified_percentage": 94.87304687500001,
      "f_h_positive": 8,
      "f_safe_violation": 0,
      "f_depth": 4,
      "f_unsafe_split": 0,
      "loss_dict": {
        "total_loss": 3.348354856202301,
        "safe_loss": 0.022767823189496994,
        "unsafe_loss": 0.7692760229110718,
        "unsafe_max_loss": 0.8069489598274231,
        "cbf_loss": 0.00018071237718686461,
        "boundary_loss": 0.0,
        "train_safe_loss": 0.3760911226272583,
        "train_unsafe_loss": 0.4182611107826233,
        "train_unsafe_max_loss": 0.7511747479438782,
        "train_cbf_loss": 0.004875350743532181,
        "train_boundary_loss": 0.0
      }
    },
    {
      "iteration": 8,
      "loss": 3.246360988416806,
      "update_norm": 0.9999999403953552,
      "certified_percentage": 95.26367187500001,
      "f_h_positive": 8,
      "f_safe_violation": 0,
      "f_depth": 4,
      "f_unsafe_split": 0,
      "loss_dict": {
        "total_loss": 3.246360988416806,
        "safe_loss": 0.02340048924088478,
        "unsafe_loss": 0.7440807223320007,
        "unsafe_max_loss": 0.7852587699890137,
        "cbf_loss": 0.00023065747518558055,
        "boundary_loss": 0.0,
        "train_safe_loss": 0.3214268386363983,
        "train_unsafe_loss": 0.4041445255279541,
        "train_unsafe_max_loss": 0.739116907119751,
        "train_cbf_loss": 0.005610890220850706,
        "train_boundary_loss": 0.0
      }
    },
    {
      "iteration": 9,
      "loss": 3.7590090742334725,
      "update_norm": 1.0,
      "certified_percentage": 95.31250000000001,
      "f_h_positive": 8,
      "f_safe_violation": 0,
      "f_depth": 0,
      "f_unsafe_split": 0,
      "loss_dict": {
        "total_loss": 3.7590090742334725,
        "safe_loss": 0.02284948341548443,
        "unsafe_loss": 0.7199567556381226,
        "unsafe_max_loss": 0.7632670998573303,
        "cbf_loss": 0.0,
        "boundary_loss": 0.0,
        "train_safe_loss": 0.33716660737991333,
        "train_unsafe_loss": 0.38657456636428833,
        "train_unsafe_max_loss": 0.7045620679855347,
        "train_cbf_loss": 0.006114044226706028,
        "train_boundary_loss": 0.0
      }
    },
    {
      "iteration": 10,
      "loss": 3.63993248315528,
      "update_norm": 1.0,
      "certified_percentage": 95.31250000000001,
      "f_h_positive": 8,
      "f_safe_violation": 0,
      "f_depth": 0,
      "f_unsafe_split": 0,
      "loss_dict": {
        "total_loss": 3.63993248315528,
        "safe_loss": 0.023147718980908394,
        "unsafe_loss": 0.6931344866752625,
        "unsafe_max_loss": 0.7393266558647156,
        "cbf_loss": 0.0,
        "boundary_loss": 0.0,
        "train_safe_loss": 0.32510805130004883,
        "train_unsafe_loss": 0.3741770386695862,
        "train_unsafe_max_loss": 0.6898601651191711,
        "train_cbf_loss": 0.006471457425504923,