{
  "system": "barr1",
  "activation": "Tanh",
  "initial_pass_rate": 93.18847656250001,
  "final_pass_rate": 91.96777343750001,
  "improvement": -1.220703125,
  "num_iterations": 10,
  "num_samples": 100,
  "num_inner_steps": 1,
  "lr": 0.005,
  "max_depth": 12,
  "lambda_safe": 1.0,
  "lambda_unsafe": 10.0,
  "lambda_unsafe_max": 5.0,
  "lambda_cbf": 5.0,
  "safe_margin": 0.01,
  "unsafe_margin": 0.01,
  "cbf_margin": 0.0,
  "loss_type": "combined",
  "iteration_results": [
    {
      "iteration": 1,
      "loss": 3.6593398760693767,
      "update_norm": 0.9999999403953552,
      "certified_percentage": 93.07861328125001,
      "f_h_positive": 79,
      "f_safe_violation": 0,
      "f_depth": 214,
      "f_unsafe_split": 0,
      "loss_dict": {
        "total_loss": 3.6593398760693767,
        "safe_loss": 0.018216144293546677,
        "unsafe_loss": 0.8137399554252625,
        "unsafe_max_loss": 1.5281203985214233,
        "cbf_loss": 0.0029918793588876724,
        "boundary_loss": 0.0,
        "train_safe_loss": 1.184507131576538,
        "train_unsafe_loss": 0.10271795094013214,
        "train_unsafe_max_loss": 0.7821192741394043,
        "train_cbf_loss": 0.004515831358730793,
        "train_boundary_loss": 0.0
      }
    },
    {
      "iteration": 2,
      "loss": 3.5191444030497223,
      "update_norm": 1.0,
      "certified_percentage": 93.07861328125001,
      "f_h_positive": 86,
      "f_safe_violation": 0,
      "f_depth": 214,
      "f_unsafe_split": 0,
      "loss_dict": {
        "total_loss": 3.5191444030497223,
        "safe_loss": 0.017923440784215927,
        "unsafe_loss": 0.7815772891044617,
        "unsafe_max_loss": 1.4777573347091675,
        "cbf_loss": 0.003223697654902935,
        "boundary_loss": 0.0,
        "train_safe_loss": 1.096775770187378,
        "train_unsafe_loss": 0.10081824660301208,
        "train_unsafe_max_loss": 0.7491714358329773,
        "train_cbf_loss": 0.005089901853352785,
        "train_boundary_loss": 0.0
      }
    },
    {
      "iteration": 3,
      "loss": 3.401567153671446,
      "update_norm": 1.0,
      "certified_percentage": 93.11523437500001,
      "f_h_positive": 88,
      "f_safe_violation": 0,
      "f_depth": 219,
      "f_unsafe_split": 0,
      "loss_dict": {
        "total_loss": 3.401567153671446,
        "safe_loss": 0.01911008544266224,
        "unsafe_loss": 0.7417488098144531,
        "unsafe_max_loss": 1.4225361347198486,
        "cbf_loss": 0.003858512034639716,
        "boundary_loss": 0.0,
        "train_safe_loss": 1.2085726261138916,
        "train_unsafe_loss": 0.1003013327717781,
        "train_unsafe_max_loss": 0.7196794748306274,
        "train_cbf_loss": 0.006169635336846113,
        "train_boundary_loss": 0.0
      }
    },
    {
      "iteration": 4,
      "loss": 3.2824655185298375,
      "update_norm": 1.0,
      "certified_percentage": 92.87109375000001,
      "f_h_positive": 94,
      "f_safe_violation": 0,
      "f_depth": 239,
      "f_unsafe_split": 0,
      "loss_dict": {
        "total_loss": 3.2824655185298375,
        "safe_loss": 0.017713602632284164,
        "unsafe_loss": 0.7157315015792847,
        "unsafe_max_loss": 1.3834927082061768,
        "cbf_loss": 0.004224068019539118,
        "boundary_loss": 0.0,
        "train_safe_loss": 1.2091100215911865,
        "train_unsafe_loss": 0.08698545396327972,
        "train_unsafe_max_loss": 0.6929550170898438,
        "train_cbf_loss": 0.007488192990422249,
        "train_boundary_loss": 0.0
      }
    },
    {
      "iteration": 5,
      "loss": 3.1236034591371813,
      "update_norm": 1.0,
      "certified_percentage": 92.81005859375001,
      "f_h_positive": 100,
      "f_safe_violation": 0,
      "f_depth": 250,
      "f_unsafe_split": 0,
      "loss_dict": {
        "total_loss": 3.1236034591371813,
        "safe_loss": 0.017898987978696823,
        "unsafe_loss": 0.6778889894485474,
        "unsafe_max_loss": 1.2954533100128174,
        "cbf_loss": 0.004801526665687561,
        "boundary_loss": 0.0,
        "train_safe_loss": 1.1344795227050781,
        "train_unsafe_loss": 0.09615455567836761,
        "train_unsafe_max_loss": 0.6600151658058167,
        "train_cbf_loss": 0.00949135608971119,
        "train_boundary_loss": 0.0
      }
    },
    {
      "iteration": 6,
      "loss": 2.9564230716011175,
      "update_norm": 0.9999999403953552,
      "certified_percentage": 92.68798828125001,
      "f_h_positive": 106,
      "f_safe_violation": 0,
      "f_depth": 271,
      "f_unsafe_split": 0,
      "loss_dict": {
        "total_loss": 2.9564230716011175,
        "safe_loss": 0.017718004062771797,
        "unsafe_loss": 0.6401509046554565,
        "unsafe_max_loss": 1.2599101066589355,
        "cbf_loss": 0.005572474095970392,
        "boundary_loss": 0.0,
        "train_safe_loss": 1.083431601524353,
        "train_unsafe_loss": 0.0700230747461319,
        "train_unsafe_max_loss": 0.630217969417572,
        "train_cbf_loss": 0.011429255828261375,
        "train_boundary_loss": 0.0
      }
    },
    {
      "iteration": 7,
      "loss": 2.7823124839924276,
      "update_norm": 0.9999999403953552,
      "certified_percentage": 92.48046875000001,
      "f_h_positive": 109,
      "f_safe_violation": 0,
      "f_depth": 291,
      "f_unsafe_split": 0,
      "loss_dict": {
        "total_loss": 2.7823124839924276,
        "safe_loss": 0.017358029261231422,
        "unsafe_loss": 0.600908100605011,
        "unsafe_max_loss": 1.122489094734192,
        "cbf_loss": 0.006286446936428547,
        "boundary_loss": 0.0,
        "train_safe_loss": 1.254830241203308,
        "train_unsafe_loss": 0.06810031086206436,
        "train_unsafe_max_loss": 0.6036134958267212,
        "train_cbf_loss": 0.01393146626651287,
        "train_boundary_loss": 0.0
      }
    },
    {
      "iteration": 8,
      "loss": 2.6525208679183074,
      "update_norm": 1.0,
      "certified_percentage": 92.28515625000001,
      "f_h_positive": 111,
      "f_safe_violation": 0,
      "f_depth": 308,
      "f_unsafe_split": 0,
      "loss_dict": {
        "total_loss": 2.6525208679183074,
        "safe_loss": 0.01874430477619171,
        "unsafe_loss": 0.5724614262580872,
        "unsafe_max_loss": 1.0662877559661865,
        "cbf_loss": 0.007518173661082983,
        "boundary_loss": 0.0,
        "train_safe_loss": 1.1813397407531738,
        "train_unsafe_loss": 0.06868848204612732,
        "train_unsafe_max_loss": 0.5709468722343445,
        "train_cbf_loss": 0.015955613926053047,
        "train_boundary_loss": 0.0
      }
    },
    {
      "iteration": 9,
      "loss": 2.530624279131492,
      "update_norm": 1.0,
      "certified_percentage": 92.11425781250001,
      "f_h_positive": 121,
      "f_safe_violation": 0,
      "f_depth": 322,
      "f_unsafe_split": 0,
      "loss_dict": {
        "total_loss": 2.530624279131492,
        "safe_loss": 0.019146157428622246,
        "unsafe_loss": 0.540767252445221,
        "unsafe_max_loss": 1.01731276512146,
        "cbf_loss": 0.00889991782605648,
        "boundary_loss": 0.0,
        "train_safe_loss": 1.2623145580291748,
        "train_unsafe_loss": 0.056277304887771606,
        "train_unsafe_max_loss": 0.5403750538825989,
        "train_cbf_loss": 0.01978014037013054,
        "train_boundary_loss": 0.0
      }
    },
    {
      "iteration": 10,
      "loss": 2.4260941551377377,
      "update_norm": 1.0,
      "certified_percentage": 91.96777343750001,
      "f_h_positive": 120,
      "f_safe_violation": 0,
      "f_depth": 339,
      "f_unsafe_split": 0,
      "loss_dict": {
        "total_loss": 2.4260941551377377,
        "safe_loss": 0.019296269863843918,
        "unsafe_loss": 0.504107654094696,
        "unsafe_max_loss": 0.9950931668281555,
        "cbf_loss": 0.009983977302908897,
        "boundary_loss": 0.0,
        "train_safe_loss": 1.1066306829452515,
        "train_unsafe_loss": 0.07032719999551773,
        "train_unsafe_max_loss": 0.5096630454063416,