{
  "system": "barr2",
  "activation": "Tanh",
  "initial_pass_rate": 98.99902343750001,
  "final_pass_rate": 98.60839843750001,
  "improvement": -0.390625,
  "num_iterations": 10,
  "num_samples": 100,
  "num_inner_steps": 1,
  "lr": 0.005,
  "max_depth": 12,
  "lambda_safe": 1.0,
  "lambda_unsafe": 10.0,
  "lambda_unsafe_max": 5.0,
  "lambda_cbf": 5.0,
  "safe_margin": 0.01,
  "unsafe_margin": 0.01,
  "cbf_margin": 0.0,
  "loss_type": "combined",
  "iteration_results": [
    {
      "iteration": 1,
      "loss": 0.17640242165543896,
      "update_norm": 0.9999999403953552,
      "certified_percentage": 98.99902343750001,
      "f_h_positive": 0,
      "f_safe_violation": 0,
      "f_depth": 82,
      "f_unsafe_split": 0,
      "loss_dict": {
        "total_loss": 0.17640242165543896,
        "safe_loss": 0.03296686336398125,
        "unsafe_loss": 0.0,
        "unsafe_max_loss": 0.0,
        "cbf_loss": 0.00012954359408468008,
        "boundary_loss": 0.0,
        "train_safe_loss": 0.6564907431602478,
        "train_unsafe_loss": 6.088924783398397e-05,
        "train_unsafe_max_loss": 0.0029790939297527075,
        "train_cbf_loss": 0.0,
        "train_boundary_loss": 0.0
      }
    },
    {
      "iteration": 2,
      "loss": 0.18312685676210094,
      "update_norm": 0.9999999403953552,
      "certified_percentage": 98.88916015625001,
      "f_h_positive": 0,
      "f_safe_violation": 0,
      "f_depth": 91,
      "f_unsafe_split": 0,
      "loss_dict": {
        "total_loss": 0.18312685676210094,
        "safe_loss": 0.033765047788619995,
        "unsafe_loss": 0.0,
        "unsafe_max_loss": 0.0,
        "cbf_loss": 0.00016558026254642755,
        "boundary_loss": 0.0,
        "train_safe_loss": 0.6861910820007324,
        "train_unsafe_loss": 6.400566053343937e-05,
        "train_unsafe_max_loss": 0.0022166678681969643,
        "train_cbf_loss": 0.0,
        "train_boundary_loss": 0.0
      }
    },
    {
      "iteration": 3,
      "loss": 0.18273517990746768,
      "update_norm": 1.0,
      "certified_percentage": 98.87695312500001,
      "f_h_positive": 0,
      "f_safe_violation": 0,
      "f_depth": 92,
      "f_unsafe_split": 0,
      "loss_dict": {
        "total_loss": 0.18273517990746768,
        "safe_loss": 0.033972255885601044,
        "unsafe_loss": 0.0,
        "unsafe_max_loss": 0.0,
        "cbf_loss": 0.00016387917276006192,
        "boundary_loss": 0.0,
        "train_safe_loss": 0.6733718514442444,
        "train_unsafe_loss": 8.880276436684653e-05,
        "train_unsafe_max_loss": 0.004377837758511305,
        "train_cbf_loss": 0.0,
        "train_boundary_loss": 0.0
      }
    },
    {
      "iteration": 4,
      "loss": 0.15377222976167104,
      "update_norm": 0.9999999403953552,
      "certified_percentage": 98.77929687500001,
      "f_h_positive": 0,
      "f_safe_violation": 0,
      "f_depth": 100,
      "f_unsafe_split": 0,
      "loss_dict": {
        "total_loss": 0.15377222976167104,
        "safe_loss": 0.03211972117424011,
        "unsafe_loss": 0.0,
        "unsafe_max_loss": 0.0,
        "cbf_loss": 0.00029205629834905267,
        "boundary_loss": 0.0,
        "train_safe_loss": 0.5643091201782227,
        "train_unsafe_loss": 9.467609197599813e-05,
        "train_unsafe_max_loss": 0.003250607056543231,
        "train_cbf_loss": 0.0,
        "train_boundary_loss": 0.0
      }
    },
    {
      "iteration": 5,
      "loss": 0.17119485774310306,
      "update_norm": 1.0,
      "certified_percentage": 98.81591796875001,
      "f_h_positive": 0,
      "f_safe_violation": 0,
      "f_depth": 97,
      "f_unsafe_split": 0,
      "loss_dict": {
        "total_loss": 0.17119485774310306,
        "safe_loss": 0.030461864545941353,
        "unsafe_loss": 0.0,
        "unsafe_max_loss": 0.0,
        "cbf_loss": 0.00036337575875222683,
        "boundary_loss": 0.0,
        "train_safe_loss": 0.6235780715942383,
        "train_unsafe_loss": 0.0001322212629020214,
        "train_unsafe_max_loss": 0.005520080681890249,
        "train_cbf_loss": 0.0,
        "train_boundary_loss": 0.0
      }
    },
    {
      "iteration": 6,
      "loss": 0.16889951050688978,
      "update_norm": 0.9999999403953552,
      "certified_percentage": 98.76708984375001,
      "f_h_positive": 0,
      "f_safe_violation": 0,
      "f_depth": 101,
      "f_unsafe_split": 0,
      "loss_dict": {
        "total_loss": 0.16889951050688978,
        "safe_loss": 0.028385549783706665,
        "unsafe_loss": 0.0,
        "unsafe_max_loss": 0.0,
        "cbf_loss": 0.0002843748079612851,
        "boundary_loss": 0.0,
        "train_safe_loss": 0.6021326184272766,
        "train_unsafe_loss": 0.00018137277220375836,
        "train_unsafe_max_loss": 0.00836885441094637,
        "train_cbf_loss": 0.0,
        "train_boundary_loss": 0.0
      }
    },
    {
      "iteration": 7,
      "loss": 0.15754013355763163,
      "update_norm": 1.0,
      "certified_percentage": 98.73046875000001,
      "f_h_positive": 0,
      "f_safe_violation": 0,
      "f_depth": 104,
      "f_unsafe_split": 0,
      "loss_dict": {
        "total_loss": 0.15754013355763163,
        "safe_loss": 0.02644151821732521,
        "unsafe_loss": 0.0,
        "unsafe_max_loss": 0.0,
        "cbf_loss": 0.00039357325294986367,
        "boundary_loss": 0.0,
        "train_safe_loss": 0.557732343673706,
        "train_unsafe_loss": 0.00017977115930989385,
        "train_unsafe_max_loss": 0.008444218896329403,
        "train_cbf_loss": 0.0,
        "train_boundary_loss": 0.0
      }
    },
    {
      "iteration": 8,
      "loss": 0.1640193580496998,
      "update_norm": 0.9999999403953552,
      "certified_percentage": 98.63281250000001,
      "f_h_positive": 0,
      "f_safe_violation": 0,
      "f_depth": 112,
      "f_unsafe_split": 0,
      "loss_dict": {
        "total_loss": 0.1640193580496998,
        "safe_loss": 0.02534717321395874,
        "unsafe_loss": 0.0,
        "unsafe_max_loss": 0.0,
        "cbf_loss": 0.000238934691878967,
        "boundary_loss": 0.0,
        "train_safe_loss": 0.5777131915092468,
        "train_unsafe_loss": 0.00021445954916998744,
        "train_unsafe_max_loss": 0.009935559704899788,
        "train_cbf_loss": 0.0,
        "train_boundary_loss": 0.0
      }
    },
    {
      "iteration": 9,
      "loss": 0.15133929701551097,
      "update_norm": 1.0,
      "certified_percentage": 98.65722656250001,
      "f_h_positive": 0,
      "f_safe_violation": 0,
      "f_depth": 110,
      "f_unsafe_split": 0,
      "loss_dict": {
        "total_loss": 0.15133929701551097,
        "safe_loss": 0.024807536974549294,
        "unsafe_loss": 0.0,
        "unsafe_max_loss": 0.0,
        "cbf_loss": 0.0004693061055149883,
        "boundary_loss": 0.0,
        "train_safe_loss": 0.5537153482437134,
        "train_unsafe_loss": 0.0001519881479907781,
        "train_unsafe_max_loss": 0.004593578167259693,
        "train_cbf_loss": 0.0,
        "train_boundary_loss": 0.0
      }
    },
    {
      "iteration": 10,
      "loss": 0.15372868449776433,
      "update_norm": 1.0,
      "certified_percentage": 98.60839843750001,
      "f_h_positive": 0,
      "f_safe_violation": 0,
      "f_depth": 114,
      "f_unsafe_split": 0,
      "loss_dict": {
        "total_loss": 0.15372868449776433,
        "safe_loss": 0.024744762107729912,
        "unsafe_loss": 0.0,
        "unsafe_max_loss": 0.0,
        "cbf_loss": 0.0007123233517631888,
        "boundary_loss": 0.0,
        "train_safe_loss": 0.5342652201652527,
        "train_unsafe_loss": 0.00024113408289849758,
        "train_unsafe_max_loss": 0.009986359626054764,
        "train_cbf_loss": 0.0,
        "train_boundary_loss": 0.0
      }
    }
  ],
  "timestamp": "2026-04-10 17:03:56",
  "note": "modified_v2: 完整 5 种 loss + Jacobian + QP 投影"
}