{
  "system": "simple_2d",
  "activation": "Relu",
  "initial_pass_rate": 85.79101562500003,
  "final_pass_rate": 85.98632812500003,
  "improvement": 0.1953125,
  "num_iterations": 10,
  "num_samples": 100,
  "num_inner_steps": 1,
  "lr": 0.005,
  "max_depth": 12,
  "lambda_safe": 1.0,
  "lambda_unsafe": 10.0,
  "lambda_unsafe_max": 5.0,
  "lambda_cbf": 5.0,
  "safe_margin": 0.01,
  "unsafe_margin": 0.01,
  "cbf_margin": 0.0,
  "loss_type": "combined",
  "iteration_results": [
    {
      "iteration": 1,
      "loss": 0.20855969978629219,
      "update_norm": 1.0,
      "certified_percentage": 85.59570312500003,
      "f_h_positive": 0,
      "f_safe_violation": 0,
      "f_depth": 1180,
      "f_unsafe_split": 0,
      "loss_dict": {
        "total_loss": 0.20855969978629219,
        "safe_loss": 0.021074313670396805,
        "unsafe_loss": 0.0,
        "unsafe_max_loss": 0.0,
        "cbf_loss": 0.1452198028564453,
        "boundary_loss": 0.0,
        "train_safe_loss": 0.0861891508102417,
        "train_unsafe_loss": 9.271087947126944e-06,
        "train_unsafe_max_loss": 0.00015672190056648105,
        "train_cbf_loss": 0.0,
        "train_boundary_loss": 0.0
      }
    },
    {
      "iteration": 2,
      "loss": 0.1953571469975941,
      "update_norm": 1.0,
      "certified_percentage": 85.58349609375003,
      "f_h_positive": 0,
      "f_safe_violation": 0,
      "f_depth": 1181,
      "f_unsafe_split": 0,
      "loss_dict": {
        "total_loss": 0.1953571469975941,
        "safe_loss": 0.017145100980997086,
        "unsafe_loss": 0.0,
        "unsafe_max_loss": 0.0,
        "cbf_loss": 0.13994213938713074,
        "boundary_loss": 0.0,
        "train_safe_loss": 0.06279280036687851,
        "train_unsafe_loss": 1.5596569937770255e-05,
        "train_unsafe_max_loss": 0.00032480480149388313,
        "train_cbf_loss": 0.0,
        "train_boundary_loss": 0.0
      }
    },
    {
      "iteration": 3,
      "loss": 0.16913307370941766,
      "update_norm": 0.9999999403953552,
      "certified_percentage": 85.92529296875003,
      "f_h_positive": 0,
      "f_safe_violation": 0,
      "f_depth": 1153,
      "f_unsafe_split": 0,
      "loss_dict": {
        "total_loss": 0.16913307370941766,
        "safe_loss": 0.018184060230851173,
        "unsafe_loss": 0.0,
        "unsafe_max_loss": 0.0,
        "cbf_loss": 0.12169446796178818,
        "boundary_loss": 0.0,
        "train_safe_loss": 0.0465809591114521,
        "train_unsafe_loss": 2.4826143999234773e-05,
        "train_unsafe_max_loss": 0.0006093348492868245,
        "train_cbf_loss": 0.0,
        "train_boundary_loss": 0.0
      }
    },
    {
      "iteration": 4,
      "loss": 0.1588119575262681,
      "update_norm": 1.0,
      "certified_percentage": 86.27929687500003,
      "f_h_positive": 0,
      "f_safe_violation": 0,
      "f_depth": 1124,
      "f_unsafe_split": 0,
      "loss_dict": {
        "total_loss": 0.1588119575262681,
        "safe_loss": 0.015624554827809334,
        "unsafe_loss": 0.0,
        "unsafe_max_loss": 0.0,
        "cbf_loss": 0.11438564956188202,
        "boundary_loss": 0.0,
        "train_safe_loss": 0.039183229207992554,
        "train_unsafe_loss": 5.62950772291515e-05,
        "train_unsafe_max_loss": 0.001589769497513771,
        "train_cbf_loss": 0.0,
        "train_boundary_loss": 0.0
      }
    },
    {
      "iteration": 5,
      "loss": 0.14423740969141363,
      "update_norm": 1.0,
      "certified_percentage": 86.23046875000003,
      "f_h_positive": 0,
      "f_safe_violation": 0,
      "f_depth": 1128,
      "f_unsafe_split": 0,
      "loss_dict": {
        "total_loss": 0.14423740969141363,
        "safe_loss": 0.015340277925133705,
        "unsafe_loss": 0.0,
        "unsafe_max_loss": 0.0,
        "cbf_loss": 0.1034318283200264,
        "boundary_loss": 0.0,
        "train_safe_loss": 0.033731859177351,
        "train_unsafe_loss": 8.071542106335983e-05,
        "train_unsafe_max_loss": 0.0019822411704808474,
        "train_cbf_loss": 0.0,
        "train_boundary_loss": 0.0
      }
    },
    {
      "iteration": 6,
      "loss": 0.1475520813764888,
      "update_norm": 1.0,
      "certified_percentage": 86.37695312500003,
      "f_h_positive": 0,
      "f_safe_violation": 0,
      "f_depth": 1116,
      "f_unsafe_split": 0,
      "loss_dict": {
        "total_loss": 0.1475520813764888,
        "safe_loss": 0.015604098327457905,
        "unsafe_loss": 0.0,
        "unsafe_max_loss": 0.0,
        "cbf_loss": 0.10266605764627457,
        "boundary_loss": 0.0,
        "train_safe_loss": 0.03434060886502266,
        "train_unsafe_loss": 0.00017364723316859454,
        "train_unsafe_max_loss": 0.00503937155008316,
        "train_cbf_loss": 0.0,
        "train_boundary_loss": 0.0
      }
    },
    {
      "iteration": 7,
      "loss": 0.13655000752623891,
      "update_norm": 1.0,
      "certified_percentage": 86.43798828125003,
      "f_h_positive": 0,
      "f_safe_violation": 0,
      "f_depth": 1111,
      "f_unsafe_split": 0,
      "loss_dict": {
        "total_loss": 0.13655000752623891,
        "safe_loss": 0.014245662838220596,
        "unsafe_loss": 0.0,
        "unsafe_max_loss": 0.0,
        "cbf_loss": 0.09447475522756577,
        "boundary_loss": 0.0,
        "train_safe_loss": 0.027552390471100807,
        "train_unsafe_loss": 0.00024397658125963062,
        "train_unsafe_max_loss": 0.005917686969041824,
        "train_cbf_loss": 0.0,
        "train_boundary_loss": 0.0
      }
    },
    {
      "iteration": 8,
      "loss": 0.143736529033049,
      "update_norm": 1.0,
      "certified_percentage": 86.43798828125003,
      "f_h_positive": 0,
      "f_safe_violation": 0,
      "f_depth": 1111,
      "f_unsafe_split": 0,
      "loss_dict": {
        "total_loss": 0.143736529033049,
        "safe_loss": 0.014393872581422329,
        "unsafe_loss": 0.0,
        "unsafe_max_loss": 0.0,
        "cbf_loss": 0.09396814554929733,
        "boundary_loss": 0.0,
        "train_safe_loss": 0.021236147731542587,
        "train_unsafe_loss": 0.00041401604539714754,
        "train_unsafe_max_loss": 0.013067041523754597,
        "train_cbf_loss": 0.0,
        "train_boundary_loss": 0.0
      }
    },
    {
      "iteration": 9,
      "loss": 0.14510450532543473,
      "update_norm": 0.9999999403953552,
      "certified_percentage": 86.20605468750003,
      "f_h_positive": 0,
      "f_safe_violation": 0,
      "f_depth": 1130,
      "f_unsafe_split": 0,
      "loss_dict": {
        "total_loss": 0.14510450532543473,
        "safe_loss": 0.011922217905521393,
        "unsafe_loss": 0.0,
        "unsafe_max_loss": 0.0,
        "cbf_loss": 0.08840649574995041,
        "boundary_loss": 0.0,
        "train_safe_loss": 0.020963022485375404,
        "train_unsafe_loss": 0.0007896681199781597,
        "train_unsafe_max_loss": 0.019520724192261696,
        "train_cbf_loss": 0.0,
        "train_boundary_loss": 0.0
      }
    },
    {
      "iteration": 10,
      "loss": 0.13620299627655186,
      "update_norm": 0.9999999403953552,
      "certified_percentage": 85.98632812500003,
      "f_h_positive": 0,
      "f_safe_violation": 0,
      "f_depth": 1148,
      "f_unsafe_split": 0,
      "loss_dict": {
        "total_loss": 0.13620299627655186,
        "safe_loss": 0.011286335065960884,
        "unsafe_loss": 0.0,
        "unsafe_max_loss": 0.0,
        "cbf_loss": 0.09005694836378098,
        "boundary_loss": 0.0,
        "train_safe_loss": 0.007728123106062412,
        "train_unsafe_loss": 0.0005424577393569052,
        "train_unsafe_max_loss": 0.014017641544342041,
        "train_cbf_loss": 0.0,
        "train_boundary_loss": 0.0
      }
    }
  ],
  "timestamp": "2026-04-10 16:47:40",
  "note": "modified_v2: 完整 5 种 loss + Jacobian + QP 投影"
}