{
  "system": "barr1",
  "activation": "Relu",
  "initial_pass_rate": 73.18115234375001,
  "final_pass_rate": 73.46191406250001,
  "improvement": 0.28076171875,
  "num_iterations": 10,
  "num_samples": 100,
  "num_inner_steps": 1,
  "lr": 0.005,
  "max_depth": 12,
  "lambda_safe": 1.0,
  "lambda_unsafe": 10.0,
  "lambda_unsafe_max": 5.0,
  "lambda_cbf": 5.0,
  "safe_margin": 0.01,
  "unsafe_margin": 0.01,
  "cbf_margin": 0.0,
  "loss_type": "combined",
  "iteration_results": [
    {
      "iteration": 1,
      "loss": 4.454495238043212,
      "update_norm": 1.0,
      "certified_percentage": 73.31542968750001,
      "f_h_positive": 114,
      "f_safe_violation": 0,
      "f_depth": 1555,
      "f_unsafe_split": 0,
      "loss_dict": {
        "total_loss": 4.454495238043212,
        "safe_loss": 0.00798232015222311,
        "unsafe_loss": 0.7311498522758484,
        "unsafe_max_loss": 2.659228563308716,
        "cbf_loss": 0.0008564734598621726,
        "boundary_loss": 0.0,
        "train_safe_loss": 0.5068545937538147,
        "train_unsafe_loss": 0.1409374177455902,
        "train_unsafe_max_loss": 0.8318439722061157,
        "train_cbf_loss": 0.006323353853076696,
        "train_boundary_loss": 0.0
      }
    },
    {
      "iteration": 2,
      "loss": 4.287078931151579,
      "update_norm": 1.0,
      "certified_percentage": 73.75488281250001,
      "f_h_positive": 106,
      "f_safe_violation": 0,
      "f_depth": 1587,
      "f_unsafe_split": 0,
      "loss_dict": {
        "total_loss": 4.287078931151579,
        "safe_loss": 0.00848434865474701,
        "unsafe_loss": 0.6933985352516174,
        "unsafe_max_loss": 2.564758062362671,
        "cbf_loss": 0.0010912325233221054,
        "boundary_loss": 0.0,
        "train_safe_loss": 0.49097272753715515,
        "train_unsafe_loss": 0.13539862632751465,
        "train_unsafe_max_loss": 0.8127114176750183,
        "train_cbf_loss": 0.008448266424238682,
        "train_boundary_loss": 0.0
      }
    },
    {
      "iteration": 3,
      "loss": 4.180427045600179,
      "update_norm": 1.0,
      "certified_percentage": 73.70605468750001,
      "f_h_positive": 107,
      "f_safe_violation": 0,
      "f_depth": 1621,
      "f_unsafe_split": 0,
      "loss_dict": {
        "total_loss": 4.180427045600179,
        "safe_loss": 0.007610365282744169,
        "unsafe_loss": 0.6866819262504578,
        "unsafe_max_loss": 2.461090564727783,
        "cbf_loss": 0.0012804127763956785,
        "boundary_loss": 0.0,
        "train_safe_loss": 0.5589756369590759,
        "train_unsafe_loss": 0.13593195378780365,
        "train_unsafe_max_loss": 0.7856242060661316,
        "train_cbf_loss": 0.00997231062501669,
        "train_boundary_loss": 0.0
      }
    },
    {
      "iteration": 4,
      "loss": 3.337144640099723,
      "update_norm": 1.0,
      "certified_percentage": 73.69384765625001,
      "f_h_positive": 110,
      "f_safe_violation": 0,
      "f_depth": 1640,
      "f_unsafe_split": 0,
      "loss_dict": {
        "total_loss": 3.337144640099723,
        "safe_loss": 0.007920823059976101,
        "unsafe_loss": 0.6563165783882141,
        "unsafe_max_loss": 1.5635195970535278,
        "cbf_loss": 0.0014593017986044288,
        "boundary_loss": 0.0,
        "train_safe_loss": 0.5305125713348389,
        "train_unsafe_loss": 0.11896031349897385,
        "train_unsafe_max_loss": 0.7697427868843079,
        "train_cbf_loss": 0.01161141972988844,
        "train_boundary_loss": 0.0
      }
    },
    {
      "iteration": 5,
      "loss": 3.202580814870695,
      "update_norm": 1.0,
      "certified_percentage": 73.58398437500001,
      "f_h_positive": 113,
      "f_safe_violation": 0,
      "f_depth": 1683,
      "f_unsafe_split": 0,
      "loss_dict": {
        "total_loss": 3.202580814870695,
        "safe_loss": 0.00767059950158,
        "unsafe_loss": 0.6423118114471436,
        "unsafe_max_loss": 1.4620540142059326,
        "cbf_loss": 0.0025160168297588825,
        "boundary_loss": 0.0,
        "train_safe_loss": 0.4500962495803833,
        "train_unsafe_loss": 0.1288158893585205,
        "train_unsafe_max_loss": 0.7272899746894836,
        "train_cbf_loss": 0.0174282006919384,
        "train_boundary_loss": 0.0
      }
    },
    {
      "iteration": 6,
      "loss": 3.059199662103007,
      "update_norm": 1.0,
      "certified_percentage": 73.38867187500001,
      "f_h_positive": 121,
      "f_safe_violation": 0,
      "f_depth": 1713,
      "f_unsafe_split": 0,
      "loss_dict": {
        "total_loss": 3.059199662103007,
        "safe_loss": 0.007491337601095438,
        "unsafe_loss": 0.6057319045066833,
        "unsafe_max_loss": 1.4357167482376099,
        "cbf_loss": 0.0038181249983608723,
        "boundary_loss": 0.0,
        "train_safe_loss": 0.46042346954345703,
        "train_unsafe_loss": 0.08910784125328064,
        "train_unsafe_max_loss": 0.7236891984939575,
        "train_cbf_loss": 0.024553069844841957,
        "train_boundary_loss": 0.0
      }
    },
    {
      "iteration": 7,
      "loss": 2.9294689969004444,
      "update_norm": 0.9999999403953552,
      "certified_percentage": 73.48632812500001,
      "f_h_positive": 120,
      "f_safe_violation": 0,
      "f_depth": 1721,
      "f_unsafe_split": 0,
      "loss_dict": {
        "total_loss": 2.9294689969004444,
        "safe_loss": 0.006718902382999659,
        "unsafe_loss": 0.5599579215049744,
        "unsafe_max_loss": 1.4087584018707275,
        "cbf_loss": 0.005062811076641083,
        "boundary_loss": 0.0,
        "train_safe_loss": 0.5220593214035034,
        "train_unsafe_loss": 0.08326373249292374,
        "train_unsafe_max_loss": 0.684425950050354,
        "train_cbf_loss": 0.02491668052971363,
        "train_boundary_loss": 0.0
      }
    },
    {
      "iteration": 8,
      "loss": 2.842480126845961,
      "update_norm": 1.0,
      "certified_percentage": 73.35205078125001,
      "f_h_positive": 129,
      "f_safe_violation": 0,
      "f_depth": 1743,
      "f_unsafe_split": 0,
      "loss_dict": {
        "total_loss": 2.842480126845961,
        "safe_loss": 0.006542434450238943,
        "unsafe_loss": 0.5400411486625671,
        "unsafe_max_loss": 1.3585554361343384,
        "cbf_loss": 0.008758469484746456,
        "boundary_loss": 0.0,
        "train_safe_loss": 0.508796215057373,
        "train_unsafe_loss": 0.08244466781616211,
        "train_unsafe_max_loss": 0.6649741530418396,
        "train_cbf_loss": 0.03064873069524765,
        "train_boundary_loss": 0.0
      }
    },
    {
      "iteration": 9,
      "loss": 2.7421519140092037,
      "update_norm": 0.9999999403953552,
      "certified_percentage": 73.49853515625001,
      "f_h_positive": 126,
      "f_safe_violation": 0,
      "f_depth": 1751,
      "f_unsafe_split": 0,
      "loss_dict": {
        "total_loss": 2.7421519140092037,
        "safe_loss": 0.006812366656959057,
        "unsafe_loss": 0.5055824518203735,
        "unsafe_max_loss": 1.327812671661377,
        "cbf_loss": 0.011069200932979584,
        "boundary_loss": 0.0,
        "train_safe_loss": 0.5998415350914001,
        "train_unsafe_loss": 0.06901337206363678,
        "train_unsafe_max_loss": 0.6370265483856201,
        "train_cbf_loss": 0.04415144771337509,
        "train_boundary_loss": 0.0
      }
    },
    {
      "iteration": 10,
      "loss": 2.641137635335326,
      "update_norm": 1.0,
      "certified_percentage": 73.46191406250001,
      "f_h_positive": 131,
      "f_safe_violation": 0,
      "f_depth": 1791,
      "f_unsafe_split": 0,
      "loss_dict": {
        "total_loss": 2.641137635335326,
        "safe_loss": 0.006742940284311771,
        "unsafe_loss": 0.48617029190063477,
        "unsafe_max_loss": 1.2656946182250977,
        "cbf_loss": 0.014005354605615139,
        "boundary_loss": 0.0,
        "train_safe_loss": 0.49191147089004517,
        "train_unsafe_loss": 0.08323890715837479,
        "train_unsafe_max_loss": 0.606326699256897,