{
  "system": "barr1",
  "activation": "Sigmoid",
  "initial_pass_rate": 71.47216796875001,
  "final_pass_rate": 76.58691406250001,
  "improvement": 5.11474609375,
  "num_iterations": 10,
  "num_samples": 100,
  "num_inner_steps": 1,
  "lr": 0.005,
  "max_depth": 12,
  "lambda_safe": 1.0,
  "lambda_unsafe": 10.0,
  "lambda_unsafe_max": 5.0,
  "lambda_cbf": 5.0,
  "safe_margin": 0.01,
  "unsafe_margin": 0.01,
  "cbf_margin": 0.0,
  "loss_type": "combined",
  "iteration_results": [
    {
      "iteration": 1,
      "loss": 3.403114825099086,
      "update_norm": 0.9999999403953552,
      "certified_percentage": 71.88720703125001,
      "f_h_positive": 109,
      "f_safe_violation": 0,
      "f_depth": 110,
      "f_unsafe_split": 0,
      "loss_dict": {
        "total_loss": 3.403114825099086,
        "safe_loss": 0.004702697042375803,
        "unsafe_loss": 0.4982505738735199,
        "unsafe_max_loss": 1.5922309160232544,
        "cbf_loss": 0.009128035977482796,
        "boundary_loss": 0.0,
        "train_safe_loss": 0.02879403531551361,
        "train_unsafe_loss": 0.21309928596019745,
        "train_unsafe_max_loss": 1.0481573343276978,
        "train_cbf_loss": 0.004822437651455402,
        "train_boundary_loss": 0.0
      }
    },
    {
      "iteration": 2,
      "loss": 3.3171286738167205,
      "update_norm": 0.9999999403953552,
      "certified_percentage": 72.93701171875001,
      "f_h_positive": 114,
      "f_safe_violation": 0,
      "f_depth": 105,
      "f_unsafe_split": 0,
      "loss_dict": {
        "total_loss": 3.3171286738167205,
        "safe_loss": 0.004809701815247536,
        "unsafe_loss": 0.4889204204082489,
        "unsafe_max_loss": 1.5842512845993042,
        "cbf_loss": 0.007284206338226795,
        "boundary_loss": 0.0,
        "train_safe_loss": 0.03943643346428871,
        "train_unsafe_loss": 0.2087203711271286,
        "train_unsafe_max_loss": 0.9788643717765808,
        "train_cbf_loss": 0.006023735739290714,
        "train_boundary_loss": 0.0
      }
    },
    {
      "iteration": 3,
      "loss": 3.2882198844260224,
      "update_norm": 1.0,
      "certified_percentage": 73.15673828125001,
      "f_h_positive": 115,
      "f_safe_violation": 0,
      "f_depth": 108,
      "f_unsafe_split": 0,
      "loss_dict": {
        "total_loss": 3.2882198844260224,
        "safe_loss": 0.005201790481805801,
        "unsafe_loss": 0.47301435470581055,
        "unsafe_max_loss": 1.5758368968963623,
        "cbf_loss": 0.00703675951808691,
        "boundary_loss": 0.0,
        "train_safe_loss": 0.03682767599821091,
        "train_unsafe_loss": 0.21110263466835022,
        "train_unsafe_max_loss": 0.9794902801513672,
        "train_cbf_loss": 0.006860052701085806,
        "train_boundary_loss": 0.0
      }
    },
    {
      "iteration": 4,
      "loss": 3.238719606694455,
      "update_norm": 0.9999999403953552,
      "certified_percentage": 73.42529296875001,
      "f_h_positive": 104,
      "f_safe_violation": 0,
      "f_depth": 111,
      "f_unsafe_split": 0,
      "loss_dict": {
        "total_loss": 3.238719606694455,
        "safe_loss": 0.003379635978490114,
        "unsafe_loss": 0.47079890966415405,
        "unsafe_max_loss": 1.5409759283065796,
        "cbf_loss": 0.012693162076175213,
        "boundary_loss": 0.0,
        "train_safe_loss": 0.034373342990875244,
        "train_unsafe_loss": 0.19636116921901703,
        "train_unsafe_max_loss": 0.9838384985923767,
        "train_cbf_loss": 0.007085185497999191,
        "train_boundary_loss": 0.0
      }
    },
    {
      "iteration": 5,
      "loss": 3.2267035268402346,
      "update_norm": 1.0,
      "certified_percentage": 74.46289062500001,
      "f_h_positive": 103,
      "f_safe_violation": 0,
      "f_depth": 105,
      "f_unsafe_split": 0,
      "loss_dict": {
        "total_loss": 3.2267035268402346,
        "safe_loss": 0.005047633312642574,
        "unsafe_loss": 0.48810526728630066,
        "unsafe_max_loss": 1.5154883861541748,
        "cbf_loss": 0.012794448994100094,
        "boundary_loss": 0.0,
        "train_safe_loss": 0.02403038553893566,
        "train_unsafe_loss": 0.21201395988464355,
        "train_unsafe_max_loss": 0.9301387071609497,
        "train_cbf_loss": 0.007568631786853075,
        "train_boundary_loss": 0.0
      }
    },
    {
      "iteration": 6,
      "loss": 3.1176849398761988,
      "update_norm": 1.0,
      "certified_percentage": 74.60937500000001,
      "f_h_positive": 94,
      "f_safe_violation": 0,
      "f_depth": 110,
      "f_unsafe_split": 0,
      "loss_dict": {
        "total_loss": 3.1176849398761988,
        "safe_loss": 0.0049978396855294704,
        "unsafe_loss": 0.4828602969646454,
        "unsafe_max_loss": 1.506723165512085,
        "cbf_loss": 0.013008171692490578,
        "boundary_loss": 0.0,
        "train_safe_loss": 0.03506825491786003,
        "train_unsafe_loss": 0.16059015691280365,
        "train_unsafe_max_loss": 0.9195892214775085,
        "train_cbf_loss": 0.006987242493778467,
        "train_boundary_loss": 0.0
      }
    },
    {
      "iteration": 7,
      "loss": 3.1230310443012663,
      "update_norm": 0.9999999403953552,
      "certified_percentage": 75.59814453125001,
      "f_h_positive": 107,
      "f_safe_violation": 0,
      "f_depth": 102,
      "f_unsafe_split": 0,
      "loss_dict": {
        "total_loss": 3.1230310443012663,
        "safe_loss": 0.006600945722311735,
        "unsafe_loss": 0.5053961277008057,
        "unsafe_max_loss": 1.4856641292572021,
        "cbf_loss": 0.014223572798073292,
        "boundary_loss": 0.0,
        "train_safe_loss": 0.028695015236735344,
        "train_unsafe_loss": 0.15710052847862244,
        "train_unsafe_max_loss": 0.9072429537773132,
        "train_cbf_loss": 0.008454092778265476,
        "train_boundary_loss": 0.0
      }
    },
    {
      "iteration": 8,
      "loss": 3.0202242702556155,
      "update_norm": 0.9999999403953552,
      "certified_percentage": 75.83007812500001,
      "f_h_positive": 107,
      "f_safe_violation": 0,
      "f_depth": 119,
      "f_unsafe_split": 0,
      "loss_dict": {
        "total_loss": 3.0202242702556155,
        "safe_loss": 0.006991692818701267,
        "unsafe_loss": 0.4662621021270752,
        "unsafe_max_loss": 1.448067545890808,
        "cbf_loss": 0.015181731432676315,
        "boundary_loss": 0.0,
        "train_safe_loss": 0.03268704563379288,
        "train_unsafe_loss": 0.15715576708316803,
        "train_unsafe_max_loss": 0.8980888724327087,
        "train_cbf_loss": 0.008159488439559937,
        "train_boundary_loss": 0.0
      }
    },
    {
      "iteration": 9,
      "loss": 2.9135404781748853,
      "update_norm": 1.0,
      "certified_percentage": 76.30615234375001,
      "f_h_positive": 109,
      "f_safe_violation": 0,
      "f_depth": 113,
      "f_unsafe_split": 0,
      "loss_dict": {
        "total_loss": 2.9135404781748853,
        "safe_loss": 0.005831120535731316,
        "unsafe_loss": 0.45535144209861755,
        "unsafe_max_loss": 1.422320008277893,
        "cbf_loss": 0.02248561941087246,
        "boundary_loss": 0.0,
        "train_safe_loss": 0.0343334823846817,
        "train_unsafe_loss": 0.14219845831394196,
        "train_unsafe_max_loss": 0.8358671069145203,
        "train_cbf_loss": 0.012443117797374725,
        "train_boundary_loss": 0.0
      }
    },
    {
      "iteration": 10,
      "loss": 2.917903385202711,
      "update_norm": 1.0,
      "certified_percentage": 76.58691406250001,
      "f_h_positive": 106,
      "f_safe_violation": 0,
      "f_depth": 110,
      "f_unsafe_split": 0,
      "loss_dict": {
        "total_loss": 2.917903385202711,
        "safe_loss": 0.0068532791920006275,
        "unsafe_loss": 0.4401360750198364,
        "unsafe_max_loss": 1.4300212860107422,
        "cbf_loss": 0.015099897049367428,
        "boundary_loss": 0.0,
        "train_safe_loss": 0.032576560974121094,
        "train_unsafe_loss": 0.1591016799211502,