{
  "system": "simple_2d",
  "activation": "Tanh",
  "initial_pass_rate": 98.96240234375003,
  "final_pass_rate": 98.57177734375003,
  "improvement": -0.390625,
  "num_iterations": 10,
  "num_samples": 100,
  "num_inner_steps": 1,
  "lr": 0.005,
  "max_depth": 12,
  "lambda_safe": 1.0,
  "lambda_unsafe": 10.0,
  "lambda_unsafe_max": 5.0,
  "lambda_cbf": 5.0,
  "safe_margin": 0.01,
  "unsafe_margin": 0.01,
  "cbf_margin": 0.0,
  "loss_type": "combined",
  "iteration_results": [
    {
      "iteration": 1,
      "loss": 0.6765332699843611,
      "update_norm": 1.0,
      "certified_percentage": 98.93798828125003,
      "f_h_positive": 0,
      "f_safe_violation": 0,
      "f_depth": 87,
      "f_unsafe_split": 0,
      "loss_dict": {
        "total_loss": 0.6765332699843611,
        "safe_loss": 0.0182010680437088,
        "unsafe_loss": 0.0,
        "unsafe_max_loss": 0.0,
        "cbf_loss": 0.5346378087997437,
        "boundary_loss": 0.0,
        "train_safe_loss": 0.014549464918673038,
        "train_unsafe_loss": 1.3993769698572578e-06,
        "train_unsafe_max_loss": 3.590184132917784e-05,
        "train_cbf_loss": 0.0,
        "train_boundary_loss": 0.0
      }
    },
    {
      "iteration": 2,
      "loss": 0.4942788388582926,
      "update_norm": 1.0,
      "certified_percentage": 98.93798828125003,
      "f_h_positive": 0,
      "f_safe_violation": 0,
      "f_depth": 87,
      "f_unsafe_split": 0,
      "loss_dict": {
        "total_loss": 0.4942788388582926,
        "safe_loss": 0.016967229545116425,
        "unsafe_loss": 0.0,
        "unsafe_max_loss": 0.0,
        "cbf_loss": 0.3897889256477356,
        "boundary_loss": 0.0,
        "train_safe_loss": 0.010917539708316326,
        "train_unsafe_loss": 1.1854154990942334e-06,
        "train_unsafe_max_loss": 5.482075721374713e-05,
        "train_cbf_loss": 0.0,
        "train_boundary_loss": 0.0
      }
    },
    {
      "iteration": 3,
      "loss": 0.41017291548087087,
      "update_norm": 1.0,
      "certified_percentage": 98.87695312500003,
      "f_h_positive": 0,
      "f_safe_violation": 0,
      "f_depth": 92,
      "f_unsafe_split": 0,
      "loss_dict": {
        "total_loss": 0.41017291548087087,
        "safe_loss": 0.016024254262447357,
        "unsafe_loss": 0.0,
        "unsafe_max_loss": 0.0,
        "cbf_loss": 0.32240381836891174,
        "boundary_loss": 0.0,
        "train_safe_loss": 0.012101794593036175,
        "train_unsafe_loss": 2.5391163944732398e-06,
        "train_unsafe_max_loss": 0.00010422601189929992,
        "train_cbf_loss": 0.0,
        "train_boundary_loss": 0.0
      }
    },
    {
      "iteration": 4,
      "loss": 0.27277930198715694,
      "update_norm": 1.0,
      "certified_percentage": 98.86474609375003,
      "f_h_positive": 0,
      "f_safe_violation": 0,
      "f_depth": 93,
      "f_unsafe_split": 0,
      "loss_dict": {
        "total_loss": 0.27277930198715694,
        "safe_loss": 0.01511123962700367,
        "unsafe_loss": 0.0,
        "unsafe_max_loss": 0.0,
        "cbf_loss": 0.21319574117660522,
        "boundary_loss": 0.0,
        "train_safe_loss": 0.009130443446338177,
        "train_unsafe_loss": 4.38425468018977e-06,
        "train_unsafe_max_loss": 0.00017059528909157962,
        "train_cbf_loss": 0.0,
        "train_boundary_loss": 0.0
      }
    },
    {
      "iteration": 5,
      "loss": 0.23738391578399387,
      "update_norm": 1.0,
      "certified_percentage": 98.80371093750003,
      "f_h_positive": 0,
      "f_safe_violation": 0,
      "f_depth": 98,
      "f_unsafe_split": 0,
      "loss_dict": {
        "total_loss": 0.23738391578399387,
        "safe_loss": 0.013433371670544147,
        "unsafe_loss": 0.0,
        "unsafe_max_loss": 0.0,
        "cbf_loss": 0.18352051079273224,
        "boundary_loss": 0.0,
        "train_safe_loss": 0.014977111481130123,
        "train_unsafe_loss": 9.480015251028817e-06,
        "train_unsafe_max_loss": 0.000685565173625946,
        "train_cbf_loss": 0.0,
        "train_boundary_loss": 0.0
      }
    },
    {
      "iteration": 6,
      "loss": 0.19639592503426684,
      "update_norm": 1.0,
      "certified_percentage": 98.77929687500003,
      "f_h_positive": 0,
      "f_safe_violation": 0,
      "f_depth": 100,
      "f_unsafe_split": 0,
      "loss_dict": {
        "total_loss": 0.19639592503426684,
        "safe_loss": 0.011494606733322144,
        "unsafe_loss": 0.0,
        "unsafe_max_loss": 0.0,
        "cbf_loss": 0.15101635456085205,
        "boundary_loss": 0.0,
        "train_safe_loss": 0.011893341317772865,
        "train_unsafe_loss": 2.0730969481519423e-05,
        "train_unsafe_max_loss": 0.0013813339173793793,
        "train_cbf_loss": 0.0,
        "train_boundary_loss": 0.0
      }
    },
    {
      "iteration": 7,
      "loss": 0.15220571826284868,
      "update_norm": 0.9999999403953552,
      "certified_percentage": 98.74267578125003,
      "f_h_positive": 0,
      "f_safe_violation": 0,
      "f_depth": 103,
      "f_unsafe_split": 0,
      "loss_dict": {
        "total_loss": 0.15220571826284868,
        "safe_loss": 0.01114641036838293,
        "unsafe_loss": 0.0,
        "unsafe_max_loss": 0.0,
        "cbf_loss": 0.11472350358963013,
        "boundary_loss": 0.0,
        "train_safe_loss": 0.006297926418483257,
        "train_unsafe_loss": 3.994681901531294e-05,
        "train_unsafe_max_loss": 0.0034723100252449512,
        "train_cbf_loss": 0.0,
        "train_boundary_loss": 0.0
      }
    },
    {
      "iteration": 8,
      "loss": 0.0710042789723957,
      "update_norm": 1.0,
      "certified_percentage": 98.63281250000003,
      "f_h_positive": 0,
      "f_safe_violation": 0,
      "f_depth": 112,
      "f_unsafe_split": 0,
      "loss_dict": {
        "total_loss": 0.0710042789723957,
        "safe_loss": 0.009710274636745453,
        "unsafe_loss": 0.0,
        "unsafe_max_loss": 0.0,
        "cbf_loss": 0.049288809299468994,
        "boundary_loss": 0.0,
        "train_safe_loss": 0.007306674029678106,
        "train_unsafe_loss": 4.654205986298621e-05,
        "train_unsafe_max_loss": 0.004018140025436878,
        "train_cbf_loss": 0.0,
        "train_boundary_loss": 0.0
      }
    },
    {
      "iteration": 9,
      "loss": 0.13105790333202094,
      "update_norm": 0.9999999403953552,
      "certified_percentage": 98.57177734375003,
      "f_h_positive": 0,
      "f_safe_violation": 0,
      "f_depth": 117,
      "f_unsafe_split": 0,
      "loss_dict": {
        "total_loss": 0.13105790333202094,
        "safe_loss": 0.008715006522834301,
        "unsafe_loss": 0.0,
        "unsafe_max_loss": 0.0,
        "cbf_loss": 0.10114103555679321,
        "boundary_loss": 0.0,
        "train_safe_loss": 0.006714899558573961,
        "train_unsafe_loss": 1.2110634088458028e-05,
        "train_unsafe_max_loss": 0.0005950846243649721,
        "train_cbf_loss": 0.0,
        "train_boundary_loss": 0.0
      }
    },
    {
      "iteration": 10,
      "loss": 0.05119658578041708,
      "update_norm": 0.9999999403953552,
      "certified_percentage": 98.57177734375003,
      "f_h_positive": 0,
      "f_safe_violation": 0,
      "f_depth": 117,
      "f_unsafe_split": 0,
      "loss_dict": {
        "total_loss": 0.05119658578041708,
        "safe_loss": 0.008414087817072868,
        "unsafe_loss": 0.0,
        "unsafe_max_loss": 0.0,
        "cbf_loss": 0.033727701753377914,
        "boundary_loss": 0.0,
        "train_safe_loss": 0.00024074302928056568,
        "train_unsafe_loss": 6.328362360363826e-05,
        "train_unsafe_max_loss": 0.005372033454477787,
        "train_cbf_loss": 0.0,
        "train_boundary_loss": 0.0
      }
    }
  ],
  "timestamp": "2026-04-10 16:45:56",
  "note": "modified_v2: 完整 5 种 loss + Jacobian + QP 投影"
}