{
  "system": "barr2",
  "activation": "Relu",
  "initial_pass_rate": 89.47753906250001,
  "final_pass_rate": 89.51416015625001,
  "improvement": 0.03662109375,
  "num_iterations": 10,
  "num_samples": 100,
  "num_inner_steps": 1,
  "lr": 0.005,
  "max_depth": 12,
  "lambda_safe": 1.0,
  "lambda_unsafe": 10.0,
  "lambda_unsafe_max": 5.0,
  "lambda_cbf": 5.0,
  "safe_margin": 0.01,
  "unsafe_margin": 0.01,
  "cbf_margin": 0.0,
  "loss_type": "combined",
  "iteration_results": [
    {
      "iteration": 1,
      "loss": 0.47561356498044915,
      "update_norm": 1.0,
      "certified_percentage": 89.64843750000001,
      "f_h_positive": 0,
      "f_safe_violation": 0,
      "f_depth": 848,
      "f_unsafe_split": 0,
      "loss_dict": {
        "total_loss": 0.47561356498044915,
        "safe_loss": 0.015558797866106033,
        "unsafe_loss": 0.0,
        "unsafe_max_loss": 0.0,
        "cbf_loss": 0.0007432238198816776,
        "boundary_loss": 0.0,
        "train_safe_loss": 1.7282705307006836,
        "train_unsafe_loss": 0.0006469134823419154,
        "train_unsafe_max_loss": 0.02968793548643589,
        "train_cbf_loss": 0.0,
        "train_boundary_loss": 0.0
      }
    },
    {
      "iteration": 2,
      "loss": 0.47938587942917366,
      "update_norm": 1.0,
      "certified_percentage": 89.55078125000001,
      "f_h_positive": 0,
      "f_safe_violation": 0,
      "f_depth": 856,
      "f_unsafe_split": 0,
      "loss_dict": {
        "total_loss": 0.47938587942917366,
        "safe_loss": 0.014935270883142948,
        "unsafe_loss": 0.0,
        "unsafe_max_loss": 0.0,
        "cbf_loss": 0.0008858350920490921,
        "boundary_loss": 0.0,
        "train_safe_loss": 1.781010389328003,
        "train_unsafe_loss": 0.0006684739491902292,
        "train_unsafe_max_loss": 0.0220967885106802,
        "train_cbf_loss": 0.0,
        "train_boundary_loss": 0.0
      }
    },
    {
      "iteration": 3,
      "loss": 0.5188038125197636,
      "update_norm": 1.0,
      "certified_percentage": 89.55078125000001,
      "f_h_positive": 0,
      "f_safe_violation": 0,
      "f_depth": 856,
      "f_unsafe_split": 0,
      "loss_dict": {
        "total_loss": 0.5188038125197636,
        "safe_loss": 0.015119262970983982,
        "unsafe_loss": 0.0,
        "unsafe_max_loss": 0.0,
        "cbf_loss": 0.0008776436443440616,
        "boundary_loss": 0.0,
        "train_safe_loss": 1.8284368515014648,
        "train_unsafe_loss": 0.0007763122557662427,
        "train_unsafe_max_loss": 0.043901558965444565,
        "train_cbf_loss": 0.0,
        "train_boundary_loss": 0.0
      }
    },
    {
      "iteration": 4,
      "loss": 0.4652826582023408,
      "update_norm": 1.0,
      "certified_percentage": 89.58740234375001,
      "f_h_positive": 0,
      "f_safe_violation": 0,
      "f_depth": 853,
      "f_unsafe_split": 0,
      "loss_dict": {
        "total_loss": 0.4652826582023408,
        "safe_loss": 0.01355485338717699,
        "unsafe_loss": 0.0,
        "unsafe_max_loss": 0.0,
        "cbf_loss": 0.0010495501337572932,
        "boundary_loss": 0.0,
        "train_safe_loss": 1.6257537603378296,
        "train_unsafe_loss": 0.001016116701066494,
        "train_unsafe_max_loss": 0.041282620280981064,
        "train_cbf_loss": 0.0,
        "train_boundary_loss": 0.0
      }
    },
    {
      "iteration": 5,
      "loss": 0.5060136105166748,
      "update_norm": 1.0,
      "certified_percentage": 89.55078125000001,
      "f_h_positive": 0,
      "f_safe_violation": 0,
      "f_depth": 856,
      "f_unsafe_split": 0,
      "loss_dict": {
        "total_loss": 0.5060136105166748,
        "safe_loss": 0.012440072372555733,
        "unsafe_loss": 0.0,
        "unsafe_max_loss": 0.0,
        "cbf_loss": 0.0025355275720357895,
        "boundary_loss": 0.0,
        "train_safe_loss": 1.7382019758224487,
        "train_unsafe_loss": 0.0012812309432774782,
        "train_unsafe_max_loss": 0.049584489315748215,
        "train_cbf_loss": 0.0,
        "train_boundary_loss": 0.0
      }
    },
    {
      "iteration": 6,
      "loss": 0.5031927454401739,
      "update_norm": 0.9999999403953552,
      "certified_percentage": 89.64843750000001,
      "f_h_positive": 0,
      "f_safe_violation": 0,
      "f_depth": 848,
      "f_unsafe_split": 0,
      "loss_dict": {
        "total_loss": 0.5031927454401739,
        "safe_loss": 0.010925324633717537,
        "unsafe_loss": 0.0,
        "unsafe_max_loss": 0.0,
        "cbf_loss": 0.0024561374448239803,
        "boundary_loss": 0.0,
        "train_safe_loss": 1.5731509923934937,
        "train_unsafe_loss": 0.0014736972516402602,
        "train_unsafe_max_loss": 0.08033540099859238,
        "train_cbf_loss": 0.0,
        "train_boundary_loss": 0.0
      }
    },
    {
      "iteration": 7,
      "loss": 0.4671414895565249,
      "update_norm": 1.0,
      "certified_percentage": 89.69726562500001,
      "f_h_positive": 0,
      "f_safe_violation": 0,
      "f_depth": 844,
      "f_unsafe_split": 0,
      "loss_dict": {
        "total_loss": 0.4671414895565249,
        "safe_loss": 0.010825037956237793,
        "unsafe_loss": 0.0,
        "unsafe_max_loss": 0.0,
        "cbf_loss": 0.0030997737776488066,
        "boundary_loss": 0.0,
        "train_safe_loss": 1.4667243957519531,
        "train_unsafe_loss": 0.0016003672499209642,
        "train_unsafe_max_loss": 0.071902796626091,
        "train_cbf_loss": 0.0,
        "train_boundary_loss": 0.0
      }
    },
    {
      "iteration": 8,
      "loss": 0.46688501589233056,
      "update_norm": 1.0,
      "certified_percentage": 89.53857421875001,
      "f_h_positive": 0,
      "f_safe_violation": 0,
      "f_depth": 857,
      "f_unsafe_split": 0,
      "loss_dict": {
        "total_loss": 0.46688501589233056,
        "safe_loss": 0.01149981189519167,
        "unsafe_loss": 0.0,
        "unsafe_max_loss": 0.0,
        "cbf_loss": 0.0028131676372140646,
        "boundary_loss": 0.0,
        "train_safe_loss": 1.409802794456482,
        "train_unsafe_loss": 0.0021337366197258234,
        "train_unsafe_max_loss": 0.08216685056686401,
        "train_cbf_loss": 0.0,
        "train_boundary_loss": 0.0
      }
    },
    {
      "iteration": 9,
      "loss": 0.4114192276610993,
      "update_norm": 1.0,
      "certified_percentage": 89.42871093750001,
      "f_h_positive": 0,
      "f_safe_violation": 0,
      "f_depth": 866,
      "f_unsafe_split": 0,
      "loss_dict": {
        "total_loss": 0.4114192276610993,
        "safe_loss": 0.012411289848387241,
        "unsafe_loss": 0.0,
        "unsafe_max_loss": 0.0,
        "cbf_loss": 0.002781129674986005,
        "boundary_loss": 0.0,
        "train_safe_loss": 1.4304585456848145,
        "train_unsafe_loss": 0.001170413801446557,
        "train_unsafe_max_loss": 0.03543945774435997,
        "train_cbf_loss": 0.0,
        "train_boundary_loss": 0.0
      }
    },
    {
      "iteration": 10,
      "loss": 0.49845688632922247,
      "update_norm": 0.9999999403953552,
      "certified_percentage": 89.51416015625001,
      "f_h_positive": 0,
      "f_safe_violation": 0,
      "f_depth": 859,
      "f_unsafe_split": 0,
      "loss_dict": {
        "total_loss": 0.49845688632922247,
        "safe_loss": 0.01669597253203392,
        "unsafe_loss": 0.0,
        "unsafe_max_loss": 0.0,
        "cbf_loss": 0.0038862114306539297,
        "boundary_loss": 0.0,
        "train_safe_loss": 1.467873454093933,
        "train_unsafe_loss": 0.0021206552628427744,
        "train_unsafe_max_loss": 0.09372410178184509,
        "train_cbf_loss": 0.0,
        "train_boundary_loss": 0.0
      }
    }
  ],
  "timestamp": "2026-04-10 17:08:18",
  "note": "modified_v2: 完整 5 种 loss + Jacobian + QP 投影"
}