{
  "system": "barr4",
  "activation": "Tanh",
  "method": "β-ProCeT",
  "max_depth_limit": 14,
  "num_inner_steps": 5,
  "lr": 0.005,
  "target_pass_rate": 100.0,
  "patience": 3,
  "max_total_iterations": 10,
  "lambda_": 2.0,
  "original_max_depth_harmonic": 42.76607131958008,
  "original_max_depth_standard": 46.798892974853516,
  "original_max_depth_R_safe": 98.52449798583984,
  "original_max_depth_R_unsafe": 27.310253143310547,
  "final_harmonic_pass_rate": 89.29145050048828,
  "final_standard_pass_rate": 91.70232391357422,
  "final_R_safe": 100.0,
  "final_R_unsafe": 80.65451049804688,
  "harmonic_improvement": 46.5253791809082,
  "standard_improvement": 44.9034309387207,
  "num_iterations": 10,
  "iteration_results": [
    {
      "iteration": 1,
      "max_depth": 14,
      "mode": "CeT",
      "loss": 5.664695483205751,
      "HarmonicMeanPassRate": 51.11993408203125,
      "R_safe": 99.79551696777344,
      "R_unsafe": 34.36049270629883,
      "standard_pass_rate": 54.8658561706543,
      "f_h_positive": 0,
      "f_safe_violation": 0,
      "f_depth_unsafe": 63,
      "f_depth_safe": 44304,
      "f_unsafe_split": 0,
      "definitive_fail": 0,
      "repair_type": "Phase2_All",
      "top_n_used": 50,
      "beta_s": 0.999,
      "beta_us": 0.999
    },
    {
      "iteration": 2,
      "max_depth": 14,
      "mode": "CeT",
      "loss": 4.94582341817705,
      "HarmonicMeanPassRate": 57.111392974853516,
      "R_safe": 99.9912338256836,
      "R_unsafe": 39.97057342529297,
      "standard_pass_rate": 60.86875915527344,
      "f_h_positive": 0,
      "f_safe_violation": 0,
      "f_depth_unsafe": 3,
      "f_depth_safe": 38463,
      "f_unsafe_split": 0,
      "definitive_fail": 0,
      "repair_type": "Phase2_All",
      "top_n_used": 50,
      "beta_s": 0.999,
      "beta_us": 0.999
    },
    {
      "iteration": 3,
      "max_depth": 14,
      "mode": "CeT",
      "loss": 4.261069460820837,
      "HarmonicMeanPassRate": 59.82790756225586,
      "R_safe": 99.89347076416016,
      "R_unsafe": 42.70119094848633,
      "standard_pass_rate": 64.5433120727539,
      "f_h_positive": 0,
      "f_safe_violation": 0,
      "f_depth_unsafe": 40,
      "f_depth_safe": 34814,
      "f_unsafe_split": 0,
      "definitive_fail": 0,
      "repair_type": "Phase2_All",
      "top_n_used": 50,
      "beta_s": 0.999,
      "beta_us": 0.999
    },
    {
      "iteration": 4,
      "max_depth": 14,
      "mode": "CeT",
      "loss": 3.5871059316358322,
      "HarmonicMeanPassRate": 63.11585235595703,
      "R_safe": 99.99285125732422,
      "R_unsafe": 46.110477447509766,
      "standard_pass_rate": 69.1271743774414,
      "f_h_positive": 0,
      "f_safe_violation": 0,
      "f_depth_unsafe": 3,
      "f_depth_safe": 30345,
      "f_unsafe_split": 0,
      "definitive_fail": 0,
      "repair_type": "Phase2_All",
      "top_n_used": 50,
      "beta_s": 0.999,
      "beta_us": 0.999
    },
    {
      "iteration": 5,
      "max_depth": 14,
      "mode": "ProCeT",
      "loss": 3.202709198656982,
      "HarmonicMeanPassRate": 69.25724029541016,
      "R_safe": 100.0,
      "R_unsafe": 52.972145080566406,
      "standard_pass_rate": 74.16895294189453,
      "f_h_positive": 0,
      "f_safe_violation": 0,
      "f_depth_unsafe": 0,
      "f_depth_safe": 25392,
      "f_unsafe_split": 0,
      "definitive_fail": 0,
      "repair_type": "Phase2_All",
      "top_n_used": 50,
      "beta_s": 0.999,
      "beta_us": 0.999
    },
    {
      "iteration": 6,
      "max_depth": 14,
      "mode": "ProCeT",
      "loss": 2.2514599197378082,
      "HarmonicMeanPassRate": 74.12818908691406,
      "R_safe": 100.0,
      "R_unsafe": 58.89180374145508,
      "standard_pass_rate": 79.291015625,
      "f_h_positive": 0,
      "f_safe_violation": 0,
      "f_depth_unsafe": 0,
      "f_depth_safe": 20357,
      "f_unsafe_split": 0,
      "definitive_fail": 0,
      "repair_type": "Phase2_All",
      "top_n_used": 50,
      "beta_s": 0.999,
      "beta_us": 0.999
    },
    {
      "iteration": 7,
      "max_depth": 14,
      "mode": "ProCeT",
      "loss": 1.7695939161983976,
      "HarmonicMeanPassRate": 79.35445404052734,
      "R_safe": 99.99809265136719,
      "R_unsafe": 65.77568817138672,
      "standard_pass_rate": 84.0256118774414,
      "f_h_positive": 0,
      "f_safe_violation": 0,
      "f_depth_unsafe": 1,
      "f_depth_safe": 15702,
      "f_unsafe_split": 0,
      "definitive_fail": 0,
      "repair_type": "Phase2_All",
      "top_n_used": 50,
      "beta_s": 0.999,
      "beta_us": 0.999
    },
    {
      "iteration": 8,
      "max_depth": 14,
      "mode": "ProCeT",
      "loss": 1.4595761695684677,
      "HarmonicMeanPassRate": 83.42922973632812,
      "R_safe": 99.95818328857422,
      "R_unsafe": 71.59103393554688,
      "standard_pass_rate": 87.46015930175781,
      "f_h_positive": 0,
      "f_safe_violation": 0,
      "f_depth_unsafe": 23,
      "f_depth_safe": 12304,
      "f_unsafe_split": 0,
      "definitive_fail": 0,
      "repair_type": "Phase2_All",
      "top_n_used": 50,
      "beta_s": 0.999,
      "beta_us": 0.999
    },
    {
      "iteration": 9,
      "max_depth": 14,
      "mode": "ProCeT",
      "loss": 1.300631294016847,
      "HarmonicMeanPassRate": 86.22188568115234,
      "R_safe": 99.99821472167969,
      "R_unsafe": 75.78175354003906,
      "standard_pass_rate": 89.56493377685547,
      "f_h_positive": 0,
      "f_safe_violation": 0,
      "f_depth_unsafe": 1,
      "f_depth_safe": 10257,
      "f_unsafe_split": 0,
      "definitive_fail": 0,
      "repair_type": "Phase2_All",
      "top_n_used": 50,
      "beta_s": 0.999,
      "beta_us": 0.999
    },
    {
      "iteration": 10,
      "max_depth": 14,
      "mode": "ProCeT",
      "loss": 0.9825603380039564,
      "HarmonicMeanPassRate": 89.29145050048828,
      "R_safe": 100.0,
      "R_unsafe": 80.65451049804688,
      "standard_pass_rate": 91.70232391357422,
      "f_h_positive": 0,
      "f_safe_violation": 0,
      "f_depth_unsafe": 0,
      "f_depth_safe": 8157,
      "f_unsafe_split": 0,
      "definitive_fail": 0,
      "repair_type": "Phase2_All",
      "top_n_used": 50,
      "beta_s": 0.999,
      "beta_us": 0.999
    }
  ],
  "repair_time_seconds": 2672.6195883899927,
  "timestamp": "2026-06-20 22:36:11",
  "top_n_protect": 50,
  "delta_theta_norm_bound": 0.05,
  "beta_s": 0.999,
  "beta_us": 0.999,
  "protection_audit_summary": {
    "total_safe_checks": 2500,
    "total_safe_success": 2105,
    "total_safe_failure": 395,
    "total_unsafe_checks": 2500,
    "total_unsafe_success": 1948,
    "total_unsafe_failure": 552
  }
}