{
  "system": "barr2",
  "activation": "Tanh",
  "method": "β-ProCeT",
  "top_n_protect": 50,
  "beta_s": 0.999,
  "beta_us": 0.999,
  "delta_theta_norm_bound": 0.05,
  "total_safe_checks": 1500,
  "total_safe_success": 1039,
  "total_safe_failure": 461,
  "total_unsafe_checks": 1500,
  "total_unsafe_success": 1453,
  "total_unsafe_failure": 47,
  "iterations": [
    {
      "iteration": 1,
      "max_depth": 12,
      "mode": "CeT",
      "top_n_safe": 50,
      "top_n_unsafe": 50,
      "audit_before_inner_loop": {
        "inner_step": 0,
        "safe": {
          "total": 50,
          "success": 50,
          "failure": 0,
          "min_L_min": 0.0015807151794433594,
          "min_L_mean": 0.0880822166800499
        },
        "unsafe": {
          "total": 50,
          "success": 50,
          "failure": 0,
          "h_max_max": -0.0003504753112792969,
          "h_max_mean": -0.021724354475736618
        }
      },
      "audit_after_steps": [
        {
          "inner_step": 1,
          "safe": {
            "total": 50,
            "success": 37,
            "failure": 13,
            "min_L_min": -0.20575523376464844,
            "min_L_mean": 0.05634818598628044
          },
          "unsafe": {
            "total": 50,
            "success": 50,
            "failure": 0,
            "h_max_max": -0.005105018615722656,
            "h_max_mean": -0.07712207734584808
          }
        },
        {
          "inner_step": 2,
          "safe": {
            "total": 50,
            "success": 34,
            "failure": 16,
            "min_L_min": -0.4793548583984375,
            "min_L_mean": 0.02627652697265148
          },
          "unsafe": {
            "total": 50,
            "success": 50,
            "failure": 0,
            "h_max_max": -0.005988121032714844,
            "h_max_mean": -0.13051435351371765
          }
        },
        {
          "inner_step": 3,
          "safe": {
            "total": 50,
            "success": 32,
            "failure": 18,
            "min_L_min": -0.7686309814453125,
            "min_L_mean": -0.005038661882281303
          },
          "unsafe": {
            "total": 50,
            "success": 50,
            "failure": 0,
            "h_max_max": -0.005458831787109375,
            "h_max_mean": -0.18265794217586517
          }
        },
        {
          "inner_step": 4,
          "safe": {
            "total": 50,
            "success": 29,
            "failure": 21,
            "min_L_min": -1.0510501861572266,
            "min_L_mean": -0.03226836025714874
          },
          "unsafe": {
            "total": 50,
            "success": 50,
            "failure": 0,
            "h_max_max": -0.003029346466064453,
            "h_max_mean": -0.23285312950611115
          }
        },
        {
          "inner_step": 5,
          "safe": {
            "total": 50,
            "success": 29,
            "failure": 21,
            "min_L_min": -1.3255805969238281,
            "min_L_mean": -0.05934995785355568
          },
          "unsafe": {
            "total": 50,
            "success": 49,
            "failure": 1,
            "h_max_max": 0.0010814666748046875,
            "h_max_mean": -0.2827301323413849
          }
        }
      ]
    },
    {
      "iteration": 2,
      "max_depth": 12,
      "mode": "CeT",
      "top_n_safe": 50,
      "top_n_unsafe": 50,
      "audit_before_inner_loop": {
        "inner_step": 0,
        "safe": {
          "total": 50,
          "success": 50,
          "failure": 0,
          "min_L_min": 0.010225296020507812,
          "min_L_mean": 0.10262137651443481
        },
        "unsafe": {
          "total": 50,
          "success": 50,
          "failure": 0,
          "h_max_max": -0.0030066967010498047,
          "h_max_mean": -0.035001885145902634
        }
      },
      "audit_after_steps": [
        {
          "inner_step": 1,
          "safe": {
            "total": 50,
            "success": 31,
            "failure": 19,
            "min_L_min": -0.37937355041503906,
            "min_L_mean": 0.007167396601289511
          },
          "unsafe": {
            "total": 50,
            "success": 50,
            "failure": 0,
            "h_max_max": -0.0028123855590820312,
            "h_max_mean": -0.11698233336210251
          }
        },
        {
          "inner_step": 2,
          "safe": {
            "total": 50,
            "success": 26,
            "failure": 24,
            "min_L_min": -0.7799110412597656,
            "min_L_mean": -0.08694469183683395
          },
          "unsafe": {
            "total": 50,
            "success": 50,
            "failure": 0,
            "h_max_max": -0.0022323131561279297,
            "h_max_mean": -0.19743165373802185
          }
        },
        {
          "inner_step": 3,
          "safe": {
            "total": 50,
            "success": 22,
            "failure": 28,
            "min_L_min": -1.1638450622558594,
            "min_L_mean": -0.18447686731815338
          },
          "unsafe": {
            "total": 50,
            "success": 50,
            "failure": 0,
            "h_max_max": -0.0013415813446044922,
            "h_max_mean": -0.2750188410282135
          }
        },
        {
          "inner_step": 4,
          "safe": {
            "total": 50,
            "success": 20,
            "failure": 30,
            "min_L_min": -1.5324344635009766,
            "min_L_mean": -0.2837783694267273
          },
          "unsafe": {
            "total": 50,
            "success": 50,
            "failure": 0,
            "h_max_max": -0.0005202293395996094,
            "h_max_mean": -0.3499698340892792
          }
        },
        {
          "inner_step": 5,
          "safe": {
            "total": 50,
            "success": 19,
            "failure": 31,
            "min_L_min": -1.8704338073730469,
            "min_L_mean": -0.378604531288147
          },
          "unsafe": {
            "total": 50,
            "success": 50,
            "failure": 0,
            "h_max_max": -0.0006167888641357422,
            "h_max_mean": -0.41720882058143616
          }
        }
      ]
    },
    {
      "iteration": 3,
      "max_depth": 12,
      "mode": "ProCeT",
      "top_n_safe": 50,
      "top_n_unsafe": 50,
      "audit_before_inner_loop": {
        "inner_step": 0,
        "safe": {
          "total": 50,
          "success": 50,
          "failure": 0,
          "min_L_min": 0.00017505884170532227,
          "min_L_mean": 0.08236782997846603
        },
        "unsafe": {
          "total": 50,
          "success": 50,
          "failure": 0,
          "h_max_max": -0.0006167888641357422,
          "h_max_mean": -0.04156472161412239
        }
      },
      "audit_after_steps": [
        {
          "inner_step": 1,
          "safe": {
            "total": 50,
            "success": 50,
            "failure": 0,
            "min_L_min": 0.0008463859558105469,
            "min_L_mean": 0.15523840487003326
          },
          "unsafe": {
            "total": 50,
            "success": 50,
            "failure": 0,
            "h_max_max": -0.00021910667419433594,
            "h_max_mean": -0.10736406594514847
          }
        },
        {
          "inner_step": 2,
          "safe": {
            "total": 50,
            "success": 43,
            "failure": 7,
            "min_L_min": -0.1343836784362793,
            "min_L_mean": 0.2247493416070938
          },
          "unsafe": {
            "total": 50,
            "success": 49,
            "failure": 1,
            "h_max_max": 0.0004055500030517578,
            "h_max_mean": -0.1702175885438919
          }
        },
        {
          "inner_step": 3,
          "safe": {
            "total": 50,
            "success": 42,
            "failure": 8,
            "min_L_min": -0.20373249053955078,
            "min_L_mean": 0.22615890204906464
          },