{
  "system": "simple2d",
  "activation": "Sigmoid",
  "method": "β-ProCeT",
  "top_n_protect": 50,
  "beta_s": 0.999,
  "beta_us": 0.999,
  "delta_theta_norm_bound": 0.05,
  "total_safe_checks": 1250,
  "total_safe_success": 586,
  "total_safe_failure": 664,
  "total_unsafe_checks": 1250,
  "total_unsafe_success": 1146,
  "total_unsafe_failure": 104,
  "iterations": [
    {
      "iteration": 1,
      "max_depth": 12,
      "mode": "CeT",
      "top_n_safe": 50,
      "top_n_unsafe": 50,
      "audit_before_inner_loop": {
        "inner_step": 0,
        "safe": {
          "total": 50,
          "success": 50,
          "failure": 0,
          "min_L_min": 0.0013358592987060547,
          "min_L_mean": 0.06364622712135315
        },
        "unsafe": {
          "total": 50,
          "success": 50,
          "failure": 0,
          "h_max_max": -0.0003350973129272461,
          "h_max_mean": -0.010372758843004704
        }
      },
      "audit_after_steps": [
        {
          "inner_step": 1,
          "safe": {
            "total": 50,
            "success": 31,
            "failure": 19,
            "min_L_min": -0.09990167617797852,
            "min_L_mean": 0.029332317411899567
          },
          "unsafe": {
            "total": 50,
            "success": 45,
            "failure": 5,
            "h_max_max": 0.015108376741409302,
            "h_max_mean": -0.06756053864955902
          }
        },
        {
          "inner_step": 2,
          "safe": {
            "total": 50,
            "success": 22,
            "failure": 28,
            "min_L_min": -0.21555256843566895,
            "min_L_mean": 0.0017999649280682206
          },
          "unsafe": {
            "total": 50,
            "success": 45,
            "failure": 5,
            "h_max_max": 0.04197242856025696,
            "h_max_mean": -0.12134994566440582
          }
        },
        {
          "inner_step": 3,
          "safe": {
            "total": 50,
            "success": 16,
            "failure": 34,
            "min_L_min": -0.3246796131134033,
            "min_L_mean": -0.0413915254175663
          },
          "unsafe": {
            "total": 50,
            "success": 45,
            "failure": 5,
            "h_max_max": 0.06073969602584839,
            "h_max_mean": -0.17144596576690674
          }
        },
        {
          "inner_step": 4,
          "safe": {
            "total": 50,
            "success": 15,
            "failure": 35,
            "min_L_min": -0.43576765060424805,
            "min_L_mean": -0.07453464716672897
          },
          "unsafe": {
            "total": 50,
            "success": 45,
            "failure": 5,
            "h_max_max": 0.07272323966026306,
            "h_max_mean": -0.2244652956724167
          }
        },
        {
          "inner_step": 5,
          "safe": {
            "total": 50,
            "success": 15,
            "failure": 35,
            "min_L_min": -0.5382418632507324,
            "min_L_mean": -0.10605880618095398
          },
          "unsafe": {
            "total": 50,
            "success": 45,
            "failure": 5,
            "h_max_max": 0.08149325847625732,
            "h_max_mean": -0.2738128900527954
          }
        }
      ]
    },
    {
      "iteration": 2,
      "max_depth": 12,
      "mode": "CeT",
      "top_n_safe": 50,
      "top_n_unsafe": 50,
      "audit_before_inner_loop": {
        "inner_step": 0,
        "safe": {
          "total": 50,
          "success": 50,
          "failure": 0,
          "min_L_min": 0.0005145072937011719,
          "min_L_mean": 0.040986593812704086
        },
        "unsafe": {
          "total": 50,
          "success": 50,
          "failure": 0,
          "h_max_max": -3.5896897315979004e-05,
          "h_max_mean": -0.024918315932154655
        }
      },
      "audit_after_steps": [
        {
          "inner_step": 1,
          "safe": {
            "total": 50,
            "success": 48,
            "failure": 2,
            "min_L_min": -0.03590035438537598,
            "min_L_mean": 0.059349413961172104
          },
          "unsafe": {
            "total": 50,
            "success": 43,
            "failure": 7,
            "h_max_max": 0.029444783926010132,
            "h_max_mean": -0.022824423387646675
          }
        },
        {
          "inner_step": 2,
          "safe": {
            "total": 50,
            "success": 47,
            "failure": 3,
            "min_L_min": -0.07908916473388672,
            "min_L_mean": 0.07760043442249298
          },
          "unsafe": {
            "total": 50,
            "success": 37,
            "failure": 13,
            "h_max_max": 0.060790032148361206,
            "h_max_mean": -0.020781392231583595
          }
        },
        {
          "inner_step": 3,
          "safe": {
            "total": 50,
            "success": 45,
            "failure": 5,
            "min_L_min": -0.12811636924743652,
            "min_L_mean": 0.09060637652873993
          },
          "unsafe": {
            "total": 50,
            "success": 34,
            "failure": 16,
            "h_max_max": 0.08775639533996582,
            "h_max_mean": -0.024455852806568146
          }
        },
        {
          "inner_step": 4,
          "safe": {
            "total": 50,
            "success": 43,
            "failure": 7,
            "min_L_min": -0.18035507202148438,
            "min_L_mean": 0.10028586536645889
          },
          "unsafe": {
            "total": 50,
            "success": 34,
            "failure": 16,
            "h_max_max": 0.1122085452079773,
            "h_max_mean": -0.03128063306212425
          }
        },
        {
          "inner_step": 5,
          "safe": {
            "total": 50,
            "success": 42,
            "failure": 8,
            "min_L_min": -0.22962570190429688,
            "min_L_mean": 0.10877049714326859
          },
          "unsafe": {
            "total": 50,
            "success": 35,
            "failure": 15,
            "h_max_max": 0.13458740711212158,
            "h_max_mean": -0.03882186487317085
          }
        }
      ]
    },
    {
      "iteration": 3,
      "max_depth": 12,
      "mode": "CeT",
      "top_n_safe": 50,
      "top_n_unsafe": 50,
      "audit_before_inner_loop": {
        "inner_step": 0,
        "safe": {
          "total": 50,
          "success": 50,
          "failure": 0,
          "min_L_min": 0.003958940505981445,
          "min_L_mean": 0.056137993931770325
        },
        "unsafe": {
          "total": 50,
          "success": 50,
          "failure": 0,
          "h_max_max": -0.0009062290191650391,
          "h_max_mean": -0.01918361894786358
        }
      },
      "audit_after_steps": [
        {
          "inner_step": 1,
          "safe": {
            "total": 50,
            "success": 40,
            "failure": 10,
            "min_L_min": -0.024244308471679688,
            "min_L_mean": 0.0410827174782753
          },
          "unsafe": {
            "total": 50,
            "success": 50,
            "failure": 0,
            "h_max_max": -0.006014645099639893,
            "h_max_mean": -0.03457542881369591
          }
        },
        {
          "inner_step": 2,
          "safe": {
            "total": 50,
            "success": 35,
            "failure": 15,
            "min_L_min": -0.049794673919677734,
            "min_L_mean": 0.02758057601749897
          },
          "unsafe": {
            "total": 50,
            "success": 50,
            "failure": 0,
            "h_max_max": -0.010313868522644043,
            "h_max_mean": -0.048247937113046646
          }
        },
        {
          "inner_step": 3,
          "safe": {
            "total": 50,
            "success": 30,
            "failure": 20,
            "min_L_min": -0.07102274894714355,
            "min_L_mean": 0.01637078821659088
          },