{
  "system": "cartpole",
  "activation": "Tanh",
  "method": "β-ProCeT",
  "top_n_protect": 50,
  "beta_s": 0.999,
  "beta_us": 0.999,
  "delta_theta_norm_bound": 0.05,
  "total_safe_checks": 1250,
  "total_safe_success": 1250,
  "total_safe_failure": 0,
  "total_unsafe_checks": 1250,
  "total_unsafe_success": 1233,
  "total_unsafe_failure": 17,
  "iterations": [
    {
      "iteration": 1,
      "max_depth": 14,
      "mode": "CeT",
      "top_n_safe": 50,
      "top_n_unsafe": 50,
      "audit_before_inner_loop": {
        "inner_step": 0,
        "safe": {
          "total": 50,
          "success": 50,
          "failure": 0,
          "min_L_min": 173.145263671875,
          "min_L_mean": 229.9405059814453
        },
        "unsafe": {
          "total": 50,
          "success": 50,
          "failure": 0,
          "h_max_max": -0.00014495849609375,
          "h_max_mean": -0.0018687630072236061
        }
      },
      "audit_after_steps": [
        {
          "inner_step": 1,
          "safe": {
            "total": 50,
            "success": 50,
            "failure": 0,
            "min_L_min": 177.79661560058594,
            "min_L_mean": 234.39451599121094
          },
          "unsafe": {
            "total": 50,
            "success": 50,
            "failure": 0,
            "h_max_max": -0.7901248931884766,
            "h_max_mean": -1.0154513120651245
          }
        },
        {
          "inner_step": 2,
          "safe": {
            "total": 50,
            "success": 50,
            "failure": 0,
            "min_L_min": 182.9833984375,
            "min_L_mean": 239.03448486328125
          },
          "unsafe": {
            "total": 50,
            "success": 50,
            "failure": 0,
            "h_max_max": -1.4886369705200195,
            "h_max_mean": -1.9336236715316772
          }
        },
        {
          "inner_step": 3,
          "safe": {
            "total": 50,
            "success": 50,
            "failure": 0,
            "min_L_min": 174.03099060058594,
            "min_L_mean": 224.6102752685547
          },
          "unsafe": {
            "total": 50,
            "success": 50,
            "failure": 0,
            "h_max_max": -2.146695613861084,
            "h_max_mean": -2.739933967590332
          }
        },
        {
          "inner_step": 4,
          "safe": {
            "total": 50,
            "success": 50,
            "failure": 0,
            "min_L_min": 157.1673126220703,
            "min_L_mean": 214.99176025390625
          },
          "unsafe": {
            "total": 50,
            "success": 50,
            "failure": 0,
            "h_max_max": -2.8291378021240234,
            "h_max_mean": -3.441627264022827
          }
        },
        {
          "inner_step": 5,
          "safe": {
            "total": 50,
            "success": 50,
            "failure": 0,
            "min_L_min": 163.89028930664062,
            "min_L_mean": 208.6533203125
          },
          "unsafe": {
            "total": 50,
            "success": 50,
            "failure": 0,
            "h_max_max": -3.2538585662841797,
            "h_max_mean": -3.9773318767547607
          }
        }
      ]
    },
    {
      "iteration": 2,
      "max_depth": 14,
      "mode": "CeT",
      "top_n_safe": 50,
      "top_n_unsafe": 50,
      "audit_before_inner_loop": {
        "inner_step": 0,
        "safe": {
          "total": 50,
          "success": 50,
          "failure": 0,
          "min_L_min": 457.702392578125,
          "min_L_mean": 597.5308227539062
        },
        "unsafe": {
          "total": 50,
          "success": 50,
          "failure": 0,
          "h_max_max": -0.00016880035400390625,
          "h_max_mean": -0.002588615519925952
        }
      },
      "audit_after_steps": [
        {
          "inner_step": 1,
          "safe": {
            "total": 50,
            "success": 50,
            "failure": 0,
            "min_L_min": 372.68585205078125,
            "min_L_mean": 509.5804748535156
          },
          "unsafe": {
            "total": 50,
            "success": 50,
            "failure": 0,
            "h_max_max": -0.2480001449584961,
            "h_max_mean": -0.7244524359703064
          }
        },
        {
          "inner_step": 2,
          "safe": {
            "total": 50,
            "success": 50,
            "failure": 0,
            "min_L_min": 303.71612548828125,
            "min_L_mean": 455.166748046875
          },
          "unsafe": {
            "total": 50,
            "success": 50,
            "failure": 0,
            "h_max_max": -0.4516453742980957,
            "h_max_mean": -1.3884097337722778
          }
        },
        {
          "inner_step": 3,
          "safe": {
            "total": 50,
            "success": 50,
            "failure": 0,
            "min_L_min": 303.74127197265625,
            "min_L_mean": 440.0451965332031
          },
          "unsafe": {
            "total": 50,
            "success": 50,
            "failure": 0,
            "h_max_max": -0.7785072326660156,
            "h_max_mean": -2.0814216136932373
          }
        },
        {
          "inner_step": 4,
          "safe": {
            "total": 50,
            "success": 50,
            "failure": 0,
            "min_L_min": 300.0679931640625,
            "min_L_mean": 429.9606628417969
          },
          "unsafe": {
            "total": 50,
            "success": 50,
            "failure": 0,
            "h_max_max": -1.4163676500320435,
            "h_max_mean": -2.737628698348999
          }
        },
        {
          "inner_step": 5,
          "safe": {
            "total": 50,
            "success": 50,
            "failure": 0,
            "min_L_min": 287.7109375,
            "min_L_mean": 410.072509765625
          },
          "unsafe": {
            "total": 50,
            "success": 50,
            "failure": 0,
            "h_max_max": -2.0338144302368164,
            "h_max_mean": -3.2764170169830322
          }
        }
      ]
    },
    {
      "iteration": 3,
      "max_depth": 14,
      "mode": "ProCeT",
      "top_n_safe": 50,
      "top_n_unsafe": 50,
      "audit_before_inner_loop": {
        "inner_step": 0,
        "safe": {
          "total": 50,
          "success": 50,
          "failure": 0,
          "min_L_min": 863.1768188476562,
          "min_L_mean": 1149.0086669921875
        },
        "unsafe": {
          "total": 50,
          "success": 50,
          "failure": 0,
          "h_max_max": -0.0004329681396484375,
          "h_max_mean": -0.010982651263475418
        }
      },
      "audit_after_steps": [
        {
          "inner_step": 1,
          "safe": {
            "total": 50,
            "success": 50,
            "failure": 0,
            "min_L_min": 866.7611083984375,
            "min_L_mean": 1118.70263671875
          },
          "unsafe": {
            "total": 50,
            "success": 49,
            "failure": 1,
            "h_max_max": 0.4066276550292969,
            "h_max_mean": -0.41673704981803894
          }
        },
        {
          "inner_step": 2,
          "safe": {
            "total": 50,
            "success": 50,
            "failure": 0,
            "min_L_min": 838.5250244140625,
            "min_L_mean": 1077.0635986328125
          },
          "unsafe": {
            "total": 50,
            "success": 48,
            "failure": 2,
            "h_max_max": 0.33568668365478516,
            "h_max_mean": -0.8005831837654114
          }
        },
        {
          "inner_step": 3,
          "safe": {
            "total": 50,
            "success": 50,
            "failure": 0,
            "min_L_min": 795.9012451171875,
            "min_L_mean": 1040.2088623046875
          },
          "unsafe": {
            "total": 50,
            "success": 48,
            "failure": 2,
            "h_max_max": 0.3360104560852051,