{
  "system": "barr1",
  "activation": "Tanh",
  "method": "β-ProCeT",
  "max_depth_limit": 12,
  "num_inner_steps": 5,
  "lr": 0.005,
  "target_pass_rate": 100.0,
  "patience": 3,
  "max_total_iterations": 10,
  "lambda_": 2.0,
  "original_max_depth_harmonic": 93.45733642578125,
  "original_max_depth_standard": 93.20068359375,
  "original_max_depth_R_safe": 98.2269515991211,
  "original_max_depth_R_unsafe": 89.12947082519531,
  "final_harmonic_pass_rate": 97.75775146484375,
  "final_standard_pass_rate": 97.705078125,
  "final_R_safe": 98.54804992675781,
  "final_R_unsafe": 96.98001861572266,
  "harmonic_improvement": 4.3004150390625,
  "standard_improvement": 4.50439453125,
  "num_iterations": 10,
  "iteration_results": [
    {
      "iteration": 1,
      "max_depth": 12,
      "mode": "CeT",
      "loss": 0.4157570959816516,
      "HarmonicMeanPassRate": 94.44744110107422,
      "R_safe": 97.35365295410156,
      "R_unsafe": 91.70972442626953,
      "standard_pass_rate": 94.287109375,
      "f_h_positive": 82,
      "f_safe_violation": 0,
      "f_depth_unsafe": 99,
      "f_depth_safe": 164,
      "f_unsafe_split": 0,
      "definitive_fail": 82,
      "repair_type": "Phase2_All",
      "top_n_used": 50,
      "beta_s": 0.999,
      "beta_us": 0.999
    },
    {
      "iteration": 2,
      "max_depth": 12,
      "mode": "CeT",
      "loss": 0.3208265014219619,
      "HarmonicMeanPassRate": 95.97090148925781,
      "R_safe": 97.43457794189453,
      "R_unsafe": 94.550537109375,
      "standard_pass_rate": 95.9228515625,
      "f_h_positive": 63,
      "f_safe_violation": 0,
      "f_depth_unsafe": 100,
      "f_depth_safe": 102,
      "f_unsafe_split": 0,
      "definitive_fail": 63,
      "repair_type": "Phase2_All",
      "top_n_used": 50,
      "beta_s": 0.999,
      "beta_us": 0.999
    },
    {
      "iteration": 3,
      "max_depth": 12,
      "mode": "ProCeT",
      "loss": 0.36497938342210723,
      "HarmonicMeanPassRate": 97.08855438232422,
      "R_safe": 98.36998748779297,
      "R_unsafe": 95.84007263183594,
      "standard_pass_rate": 97.03369140625,
      "f_h_positive": 52,
      "f_safe_violation": 0,
      "f_depth_unsafe": 63,
      "f_depth_safe": 73,
      "f_unsafe_split": 0,
      "definitive_fail": 52,
      "repair_type": "Phase2_All",
      "top_n_used": 50,
      "beta_s": 0.999,
      "beta_us": 0.999
    },
    {
      "iteration": 4,
      "max_depth": 12,
      "mode": "ProCeT",
      "loss": 0.40900363922119143,
      "HarmonicMeanPassRate": 97.22869873046875,
      "R_safe": 98.15103912353516,
      "R_unsafe": 96.32353210449219,
      "standard_pass_rate": 97.18017578125,
      "f_h_positive": 45,
      "f_safe_violation": 0,
      "f_depth_unsafe": 71,
      "f_depth_safe": 66,
      "f_unsafe_split": 0,
      "definitive_fail": 45,
      "repair_type": "Phase2_All",
      "top_n_used": 50,
      "beta_s": 0.999,
      "beta_us": 0.999
    },
    {
      "iteration": 5,
      "max_depth": 12,
      "mode": "ProCeT",
      "loss": 0.3974127328343328,
      "HarmonicMeanPassRate": 97.26943969726562,
      "R_safe": 98.48326110839844,
      "R_unsafe": 96.08516693115234,
      "standard_pass_rate": 97.20458984375,
      "f_h_positive": 56,
      "f_safe_violation": 0,
      "f_depth_unsafe": 58,
      "f_depth_safe": 68,
      "f_unsafe_split": 0,
      "definitive_fail": 56,
      "repair_type": "Phase2_All",
      "top_n_used": 50,
      "beta_s": 0.999,
      "beta_us": 0.999
    },
    {
      "iteration": 6,
      "max_depth": 12,
      "mode": "ProCeT",
      "loss": 0.37196342484289857,
      "HarmonicMeanPassRate": 97.22278594970703,
      "R_safe": 98.076416015625,
      "R_unsafe": 96.38389587402344,
      "standard_pass_rate": 97.16796875,
      "f_h_positive": 43,
      "f_safe_violation": 0,
      "f_depth_unsafe": 73,
      "f_depth_safe": 70,
      "f_unsafe_split": 0,
      "definitive_fail": 43,
      "repair_type": "Phase2_All",
      "top_n_used": 50,
      "beta_s": 0.999,
      "beta_us": 0.999
    },
    {
      "iteration": 7,
      "max_depth": 12,
      "mode": "ProCeT",
      "loss": 0.3400767255558197,
      "HarmonicMeanPassRate": 97.33750915527344,
      "R_safe": 98.22844696044922,
      "R_unsafe": 96.46258544921875,
      "standard_pass_rate": 97.27783203125,
      "f_h_positive": 41,
      "f_safe_violation": 0,
      "f_depth_unsafe": 67,
      "f_depth_safe": 75,
      "f_unsafe_split": 0,
      "definitive_fail": 41,
      "repair_type": "Phase2_All",
      "top_n_used": 50,
      "beta_s": 0.999,
      "beta_us": 0.999
    },
    {
      "iteration": 8,
      "max_depth": 12,
      "mode": "ProCeT",
      "loss": 0.3192547559738159,
      "HarmonicMeanPassRate": 97.50888061523438,
      "R_safe": 98.5672607421875,
      "R_unsafe": 96.47298431396484,
      "standard_pass_rate": 97.4365234375,
      "f_h_positive": 38,
      "f_safe_violation": 0,
      "f_depth_unsafe": 54,
      "f_depth_safe": 80,
      "f_unsafe_split": 0,
      "definitive_fail": 38,
      "repair_type": "Phase2_All",
      "top_n_used": 50,
      "beta_s": 0.999,
      "beta_us": 0.999
    },
    {
      "iteration": 9,
      "max_depth": 12,
      "mode": "ProCeT",
      "loss": 0.30909857068743024,
      "HarmonicMeanPassRate": 97.59261322021484,
      "R_safe": 98.43708801269531,
      "R_unsafe": 96.76250457763672,
      "standard_pass_rate": 97.5341796875,
      "f_h_positive": 39,
      "f_safe_violation": 0,
      "f_depth_unsafe": 59,
      "f_depth_safe": 66,
      "f_unsafe_split": 0,
      "definitive_fail": 39,
      "repair_type": "Phase2_All",
      "top_n_used": 50,
      "beta_s": 0.999,
      "beta_us": 0.999
    },
    {
      "iteration": 10,
      "max_depth": 12,
      "mode": "ProCeT",
      "loss": 0.30633627135178143,
      "HarmonicMeanPassRate": 97.75775146484375,
      "R_safe": 98.54804992675781,
      "R_unsafe": 96.98001861572266,
      "standard_pass_rate": 97.705078125,
      "f_h_positive": 37,
      "f_safe_violation": 0,
      "f_depth_unsafe": 55,
      "f_depth_safe": 58,
      "f_unsafe_split": 0,
      "definitive_fail": 37,
      "repair_type": "Phase2_All",
      "top_n_used": 50,
      "beta_s": 0.999,
      "beta_us": 0.999
    }
  ],
  "repair_time_seconds": 84.81795716297347,
  "timestamp": "2026-06-20 21:35:56",
  "top_n_protect": 50,
  "delta_theta_norm_bound": 0.05,
  "beta_s": 0.999,
  "beta_us": 0.999,
  "protection_audit_summary": {
    "total_safe_checks": 2500,
    "total_safe_success": 1905,
    "total_safe_failure": 595,
    "total_unsafe_checks": 2500,
    "total_unsafe_success": 2068,
    "total_unsafe_failure": 432
  }
}