{
  "timestamp": "20260420_141922",
  "max_depth": 15,
  "results": [
    {
      "activation": "Relu",
      "system": "barr3",
      "max_depth": 15,
      "HarmonicMeanPassRate": 92.03450359137531,
      "standard_pass_rate": 92.57049560546875,
      "R_safe": 99.99385409624485,
      "R_unsafe": 85.24883312117355,
      "volumes": {
        "V_safe": 8.192596435546875,
        "V_unsafe": 7.081535339355469,
        "F_h": 0.0,
        "F_safe_violation": 0.0,
        "F_depth_unsafe": 0.0005035400390625,
        "F_depth_safe": 1.2253646850585938,
        "F_unsafe_split": 0.0
      }
    }
  ]
}