{
  "timestamp": "20260420_141702",
  "max_depth": 15,
  "results": [
    {
      "activation": "Relu",
      "system": "barr2",
      "max_depth": 15,
      "HarmonicMeanPassRate": 97.96131603246343,
      "standard_pass_rate": 97.4395751953125,
      "R_safe": 100.0,
      "R_unsafe": 96.0040959207487,
      "volumes": {
        "V_safe": 5.747802734375,
        "V_unsafe": 9.842529296875,
        "F_h": 0.0,
        "F_safe_violation": 0.0,
        "F_depth_unsafe": 0.0,
        "F_depth_safe": 0.40966796875,
        "F_unsafe_split": 0.0
      }
    }
  ]
}