{
  "timestamp": "20260420_145226",
  "max_depth": 15,
  "results": [
    {
      "activation": "Sigmoid",
      "system": "barr2",
      "max_depth": 15,
      "HarmonicMeanPassRate": 94.09723247004435,
      "standard_pass_rate": 94.0765380859375,
      "R_safe": 99.99348831151917,
      "R_unsafe": 88.85761874676929,
      "volumes": {
        "V_safe": 7.498046875,
        "V_unsafe": 7.55419921875,
        "F_h": 0.0,
        "F_safe_violation": 0.0,
        "F_depth_unsafe": 0.00048828125,
        "F_depth_safe": 0.947265625,
        "F_unsafe_split": 0.0
      }
    }
  ]
}