{
  "system": "barr2",
  "activation": "Sigmoid",
  "method": "Progressive Depth Phased Repair",
  "rs_n": 50,
  "rs_sigma": 0.001,
  "top_n_protect": 500,
  "max_depth_start": 10,
  "max_depth_limit": 15,
  "depth_schedule": [
    10,
    12,
    15
  ],
  "num_inner_steps": 5,
  "lr": 0.005,
  "target_pass_rate": 100.0,
  "plateau_threshold": 0.5,
  "max_stagnant_iterations": 5,
  "max_total_iterations": 30,
  "initial_pass_rate": 93.98498535156251,
  "final_pass_rate": 92.85888671875001,
  "improvement": -1.1260986328125,
  "num_iterations": 14,
  "initial_regions": {
    "V_safe": 557,
    "V_unsafe": 495
  },
  "iteration_results": [
    {
      "iteration": 1,
      "phase": 1,
      "max_depth": 10,
      "loss": 0.5750274658203125,
      "update_norm": 0.9953750967979431,
      "certified_percentage": 94.48242187500001,
      "usr": 78.51239669421489,
      "f_h_ratio": 21.487603305785125,
      "weighted_safety_score": 65.14745308310992,
      "f_h_positive": 8,
      "f_safe_violation": 0,
      "f_depth": 9,
      "f_unsafe_split": 0,
      "areas": {
        "V_safe": 12.1484375,
        "V_unsafe": 2.96875,
        "F_h": 0.8125,
        "F_safe_violation": 0.0,
        "F_depth": 0.0703125,
        "F_unsafe_split": 0.0
      },
      "definitive_fail": 8,
      "uncertain_fail": 9,
      "top_n_used": 230,
      "improvement": 34,
      "repair_type": "Phase1_Definitive"
    },
    {
      "iteration": 2,
      "phase": 1,
      "max_depth": 10,
      "loss": 0.7286162376403809,
      "update_norm": 0.9952033162117004,
      "certified_percentage": 95.11718750000001,
      "usr": 80.9145129224652,
      "f_h_ratio": 19.08548707753479,
      "weighted_safety_score": 67.03296703296702,
      "f_h_positive": 8,
      "f_safe_violation": 0,
      "f_depth": 4,
      "f_unsafe_split": 0,
      "areas": {
        "V_safe": 12.0390625,
        "V_unsafe": 3.1796875,
        "F_h": 0.75,
        "F_safe_violation": 0.0,
        "F_depth": 0.03125,
        "F_unsafe_split": 0.0
      },
      "definitive_fail": 8,
      "uncertain_fail": 4,
      "top_n_used": 231,
      "improvement": 0,
      "repair_type": "Phase1_Definitive"
    },
    {
      "iteration": 3,
      "phase": 1,
      "max_depth": 10,
      "loss": 0.6180448532104492,
      "update_norm": 0.9941821694374084,
      "certified_percentage": 95.50781250000001,
      "usr": 82.87937743190662,
      "f_h_ratio": 17.120622568093385,
      "weighted_safety_score": 69.01408450704226,
      "f_h_positive": 9,
      "f_safe_violation": 0,
      "f_depth": 4,
      "f_unsafe_split": 0,
      "areas": {
        "V_safe": 11.953125,
        "V_unsafe": 3.328125,
        "F_h": 0.6875,
        "F_safe_violation": 0.0,
        "F_depth": 0.03125,
        "F_unsafe_split": 0.0
      },
      "definitive_fail": 9,
      "uncertain_fail": 4,
      "top_n_used": 261,
      "improvement": -1,
      "repair_type": "Phase1_Definitive"
    },
    {
      "iteration": 4,
      "phase": 1,
      "max_depth": 10,
      "loss": 0.5187512636184692,
      "update_norm": 0.9918649792671204,
      "certified_percentage": 95.75195312500001,
      "usr": 84.76190476190476,
      "f_h_ratio": 15.238095238095239,
      "weighted_safety_score": 71.09826589595376,
      "f_h_positive": 11,
      "f_safe_violation": 0,
      "f_depth": 7,
      "f_unsafe_split": 0,
      "areas": {
        "V_safe": 11.84375,
        "V_unsafe": 3.4765625,
        "F_h": 0.625,
        "F_safe_violation": 0.0,
        "F_depth": 0.0546875,
        "F_unsafe_split": 0.0
      },
      "definitive_fail": 11,
      "uncertain_fail": 7,
      "top_n_used": 296,
      "improvement": -2,
      "repair_type": "Phase1_Definitive"
    },
    {
      "iteration": 5,
      "phase": 1,
      "max_depth": 10,
      "loss": 0.41572579741477966,
      "update_norm": 0.9945996999740601,
      "certified_percentage": 94.72656250000001,
      "usr": 86.76470588235294,
      "f_h_ratio": 13.23529411764706,
      "weighted_safety_score": 73.29376854599407,
      "f_h_positive": 15,
      "f_safe_violation": 0,
      "f_depth": 36,
      "f_unsafe_split": 0,
      "areas": {
        "V_safe": 11.46875,
        "V_unsafe": 3.6875,
        "F_h": 0.5625,
        "F_safe_violation": 0.0,
        "F_depth": 0.28125,
        "F_unsafe_split": 0.0
      },
      "definitive_fail": 15,
      "uncertain_fail": 36,
      "top_n_used": 337,
      "improvement": -4,
      "repair_type": "Phase1_Definitive"
    },
    {
      "iteration": 6,
      "phase": 1,
      "max_depth": 10,
      "loss": 0.3150584399700165,
      "update_norm": 0.9954370856285095,
      "certified_percentage": 89.74609375000001,
      "usr": 89.75206611570248,
      "f_h_ratio": 10.24793388429752,
      "weighted_safety_score": 76.20874904067536,
      "f_h_positive": 25,
      "f_safe_violation": 0,
      "f_depth": 148,
      "f_unsafe_split": 0,
      "areas": {
        "V_safe": 10.1171875,
        "V_unsafe": 4.2421875,
        "F_h": 0.484375,
        "F_safe_violation": 0.0,
        "F_depth": 1.15625,
        "F_unsafe_split": 0.0
      },
      "definitive_fail": 25,
      "uncertain_fail": 148,
      "top_n_used": 366,
      "improvement": -10,
      "repair_type": "Phase1_Definitive"
    },
    {
      "iteration": 7,
      "phase": 1,
      "max_depth": 10,
      "loss": 0.22551123797893524,
      "update_norm": 0.9942054748535156,
      "certified_percentage": 86.57226562500001,
      "usr": 98.4869325997249,
      "f_h_ratio": 1.5130674002751032,
      "weighted_safety_score": 94.87657196087565,
      "f_h_positive": 10,
      "f_safe_violation": 0,
      "f_depth": 264,
      "f_unsafe_split": 0,
      "areas": {
        "V_safe": 8.2578125,
        "V_unsafe": 5.59375,
        "F_h": 0.0859375,
        "F_safe_violation": 0.0,
        "F_depth": 2.0625,
        "F_unsafe_split": 0.0
      },
      "definitive_fail": 10,
      "uncertain_fail": 264,
      "top_n_used": 359,
      "improvement": 15,
      "repair_type": "Phase1_Definitive"
    },
    {
      "iteration": 8,
      "phase": 1,
      "max_depth": 10,
      "loss": 0.18010737001895905,
      "update_norm": 0.9935358166694641,
      "certified_percentage": 88.62304687500001,
      "usr": 100.0,
      "f_h_ratio": 0.0,
      "weighted_safety_score": 100.0,
      "f_h_positive": 0,
      "f_safe_violation": 0,
      "f_depth": 233,
      "f_unsafe_split": 0,
      "areas": {
        "V_safe": 7.140625,
        "V_unsafe": 7.0390625,
        "F_h": 0.0,
        "F_safe_violation": 0.0,
        "F_depth": 1.8203125,
        "F_unsafe_split": 0.0
      },
      "definitive_fail": 0,
      "uncertain_fail": 233,
      "top_n_used": 271,
      "improvement": 10,
      "repair_type": "Phase1_Definitive"
    },
    {
      "iteration": 9,
      "phase": 1,
      "max_depth": 10,
      "loss": 0.18010737001895905,
      "update_norm": 0.9935358166694641,
      "certified_percentage": 88.62304687500001,
      "usr": 100.0,
      "f_h_ratio": 0.0,
      "weighted_safety_score": 100.0,
      "f_h_positive": 0,
      "f_safe_violation": 0,
      "f_depth": 233,
      "f_unsafe_split": 0,
      "areas": {
        "V_safe": 7.140625,
        "V_unsafe": 7.0390625,
        "F_h": 0.0,
        "F_safe_violation": 0.0,
        "F_depth": 1.8203125,
        "F_unsafe_split": 0.0
      },
      "definitive_fail": 0,
      "uncertain_fail": 233,
      "top_n_used": 271,
      "improvement": 0,
      "repair_type": "Phase1_Definitive"
    },
    {
      "iteration": 10,
      "phase": 2,
      "max_depth": 12,
      "loss": 0.16324803233146667,
      "update_norm": 1.0001251697540283,
      "certified_percentage": 91.97998046875001,
      "usr": 100.0,
      "f_h_ratio": 0.0,
      "weighted_safety_score": 100.0,
      "f_h_positive": 0,
      "f_safe_violation": 0,
      "f_depth": 657,
      "f_unsafe_split": 0,
      "areas": {
        "V_safe": 7.669921875,
        "V_unsafe": 7.046875,
        "F_h": 0.0,