{
  "system": "barr3",
  "activation": "Sigmoid",
  "method": "Progressive Depth Phased Repair",
  "rs_n": 50,
  "rs_sigma": 0.001,
  "top_n_protect": 500,
  "max_depth_start": 10,
  "max_depth_limit": 15,
  "depth_schedule": [
    10,
    12,
    15
  ],
  "num_inner_steps": 5,
  "lr": 0.005,
  "target_pass_rate": 100.0,
  "plateau_threshold": 0.5,
  "max_stagnant_iterations": 5,
  "max_total_iterations": 30,
  "initial_pass_rate": 89.07623291015622,
  "final_pass_rate": 91.84722900390621,
  "improvement": 2.770996093749986,
  "num_iterations": 16,
  "initial_regions": {
    "V_safe": 801,
    "V_unsafe": 479
  },
  "iteration_results": [
    {
      "iteration": 1,
      "phase": 1,
      "max_depth": 10,
      "loss": 0.30678024888038635,
      "update_norm": 0.994644820690155,
      "certified_percentage": 89.50195312499997,
      "usr": 73.25581395348837,
      "f_h_ratio": 26.744186046511626,
      "weighted_safety_score": 50.323974082073434,
      "f_h_positive": 27,
      "f_safe_violation": 0,
      "f_depth": 31,
      "f_unsafe_split": 0,
      "areas": {
        "V_safe": 10.707275390625,
        "V_unsafe": 4.060546875,
        "F_h": 1.482421875,
        "F_safe_violation": 0.0,
        "F_depth": 0.249755859375,
        "F_unsafe_split": 0.0
      },
      "definitive_fail": 27,
      "uncertain_fail": 31,
      "top_n_used": 309,
      "improvement": 174,
      "repair_type": "Phase1_Definitive"
    },
    {
      "iteration": 2,
      "phase": 1,
      "max_depth": 10,
      "loss": 0.6746623516082764,
      "update_norm": 0.9966866374015808,
      "certified_percentage": 90.38085937499996,
      "usr": 76.17728531855957,
      "f_h_ratio": 23.822714681440445,
      "weighted_safety_score": 52.169076751946605,
      "f_h_positive": 26,
      "f_safe_violation": 0,
      "f_depth": 25,
      "f_unsafe_split": 0,
      "areas": {
        "V_safe": 10.481689453125,
        "V_unsafe": 4.43115234375,
        "F_h": 1.3857421875,
        "F_safe_violation": 0.0,
        "F_depth": 0.201416015625,
        "F_unsafe_split": 0.0
      },
      "definitive_fail": 26,
      "uncertain_fail": 25,
      "top_n_used": 338,
      "improvement": 1,
      "repair_type": "Phase1_Definitive"
    },
    {
      "iteration": 3,
      "phase": 1,
      "max_depth": 10,
      "loss": 0.6146314740180969,
      "update_norm": 0.9953839778900146,
      "certified_percentage": 90.47851562499996,
      "usr": 79.27321668909825,
      "f_h_ratio": 20.72678331090175,
      "weighted_safety_score": 55.15433896330809,
      "f_h_positive": 20,
      "f_safe_violation": 0,
      "f_depth": 41,
      "f_unsafe_split": 0,
      "areas": {
        "V_safe": 10.18359375,
        "V_unsafe": 4.745361328125,
        "F_h": 1.24072265625,
        "F_safe_violation": 0.0,
        "F_depth": 0.330322265625,
        "F_unsafe_split": 0.0
      },
      "definitive_fail": 20,
      "uncertain_fail": 41,
      "top_n_used": 356,
      "improvement": 6,
      "repair_type": "Phase1_Definitive"
    },
    {
      "iteration": 4,
      "phase": 1,
      "max_depth": 10,
      "loss": 0.633350133895874,
      "update_norm": 0.9923078417778015,
      "certified_percentage": 88.52539062499997,
      "usr": 80.6861499364676,
      "f_h_ratio": 19.3138500635324,
      "weighted_safety_score": 55.503512880562056,
      "f_h_positive": 18,
      "f_safe_violation": 0,
      "f_depth": 83,
      "f_unsafe_split": 0,
      "areas": {
        "V_safe": 9.49072265625,
        "V_unsafe": 5.115966796875,
        "F_h": 1.224609375,
        "F_safe_violation": 0.0,
        "F_depth": 0.668701171875,
        "F_unsafe_split": 0.0
      },
      "definitive_fail": 18,
      "uncertain_fail": 83,
      "top_n_used": 394,
      "improvement": 2,
      "repair_type": "Phase1_Definitive"
    },
    {
      "iteration": 5,
      "phase": 1,
      "max_depth": 10,
      "loss": 0.5816383361816406,
      "update_norm": 0.9953734278678894,
      "certified_percentage": 88.33007812499997,
      "usr": 82.09658421672556,
      "f_h_ratio": 17.90341578327444,
      "weighted_safety_score": 55.503512880562056,
      "f_h_positive": 22,
      "f_safe_violation": 0,
      "f_depth": 87,
      "f_unsafe_split": 0,
      "areas": {
        "V_safe": 8.958984375,
        "V_unsafe": 5.615478515625,
        "F_h": 1.224609375,
        "F_safe_violation": 0.0,
        "F_depth": 0.700927734375,
        "F_unsafe_split": 0.0
      },
      "definitive_fail": 22,
      "uncertain_fail": 87,
      "top_n_used": 358,
      "improvement": -4,
      "repair_type": "Phase1_Definitive"
    },
    {
      "iteration": 6,
      "phase": 1,
      "max_depth": 10,
      "loss": 0.47261548042297363,
      "update_norm": 0.9930334687232971,
      "certified_percentage": 87.74414062499997,
      "usr": 83.46545866364666,
      "f_h_ratio": 16.534541336353342,
      "weighted_safety_score": 56.57346817370613,
      "f_h_positive": 26,
      "f_safe_violation": 0,
      "f_depth": 105,
      "f_unsafe_split": 0,
      "areas": {
        "V_safe": 8.5400390625,
        "V_unsafe": 5.937744140625,
        "F_h": 1.17626953125,
        "F_safe_violation": 0.0,
        "F_depth": 0.845947265625,
        "F_unsafe_split": 0.0
      },
      "definitive_fail": 26,
      "uncertain_fail": 105,
      "top_n_used": 367,
      "improvement": -4,
      "repair_type": "Phase1_Definitive"
    },
    {
      "iteration": 7,
      "phase": 1,
      "max_depth": 10,
      "loss": 0.37893545627593994,
      "update_norm": 0.9947130680084229,
      "certified_percentage": 86.71874999999997,
      "usr": 85.82333696837514,
      "f_h_ratio": 14.176663031624864,
      "weighted_safety_score": 59.60223741454319,
      "f_h_positive": 35,
      "f_safe_violation": 0,
      "f_depth": 142,
      "f_unsafe_split": 0,
      "areas": {
        "V_safe": 7.968017578125,
        "V_unsafe": 6.340576171875,
        "F_h": 1.04736328125,
        "F_safe_violation": 0.0,
        "F_depth": 1.14404296875,
        "F_unsafe_split": 0.0
      },
      "definitive_fail": 35,
      "uncertain_fail": 142,
      "top_n_used": 370,
      "improvement": -9,
      "repair_type": "Phase1_Definitive"
    },
    {
      "iteration": 8,
      "phase": 1,
      "max_depth": 10,
      "loss": 0.2934334874153137,
      "update_norm": 0.9929026365280151,
      "certified_percentage": 85.83984374999997,
      "usr": 90.56203605514315,
      "f_h_ratio": 9.43796394485684,
      "weighted_safety_score": 68.76096876096877,
      "f_h_positive": 38,
      "f_safe_violation": 0,
      "f_depth": 201,
      "f_unsafe_split": 0,
      "areas": {
        "V_safe": 7.283203125,
        "V_unsafe": 6.88037109375,
        "F_h": 0.717041015625,
        "F_safe_violation": 0.0,
        "F_depth": 1.619384765625,
        "F_unsafe_split": 0.0
      },
      "definitive_fail": 38,
      "uncertain_fail": 201,
      "top_n_used": 375,
      "improvement": -3,
      "repair_type": "Phase1_Definitive"
    },
    {
      "iteration": 9,
      "phase": 1,
      "max_depth": 10,
      "loss": 0.23990590870380402,
      "update_norm": 0.9946536421775818,
      "certified_percentage": 85.05859374999997,
      "usr": 95.46827794561933,
      "f_h_ratio": 4.531722054380665,
      "weighted_safety_score": 81.65511618426416,
      "f_h_positive": 31,
      "f_safe_violation": 0,
      "f_depth": 261,
      "f_unsafe_split": 0,
      "areas": {
        "V_safe": 6.39697265625,
        "V_unsafe": 7.6376953125,
        "F_h": 0.362548828125,
        "F_safe_violation": 0.0,
        "F_depth": 2.102783203125,
        "F_unsafe_split": 0.0
      },
      "definitive_fail": 31,
      "uncertain_fail": 261,
      "top_n_used": 375,
      "improvement": 7,
      "repair_type": "Phase1_Definitive"
    },
    {
      "iteration": 10,
      "phase": 1,
      "max_depth": 10,
      "loss": 0.20141349732875824,
      "update_norm": 0.9946851134300232,
      "certified_percentage": 83.78906249999997,