{
  "system": "barr1",
  "activation": "Sigmoid",
  "method": "Progressive Depth Phased Repair",
  "rs_n": 50,
  "rs_sigma": 0.001,
  "top_n_protect": 500,
  "max_depth_start": 10,
  "max_depth_limit": 15,
  "depth_schedule": [
    10,
    12,
    15
  ],
  "num_inner_steps": 5,
  "lr": 0.005,
  "target_pass_rate": 100.0,
  "plateau_threshold": 0.5,
  "max_stagnant_iterations": 5,
  "max_total_iterations": 30,
  "initial_pass_rate": 71.94824218750001,
  "final_pass_rate": 91.51306152343751,
  "improvement": 19.5648193359375,
  "num_iterations": 18,
  "initial_regions": {
    "V_safe": 840,
    "V_unsafe": 249
  },
  "iteration_results": [
    {
      "iteration": 1,
      "phase": 1,
      "max_depth": 10,
      "loss": 0.27082720398902893,
      "update_norm": 0.994217038154602,
      "certified_percentage": 73.68164062500001,
      "usr": 42.687277051129605,
      "f_h_ratio": 57.31272294887039,
      "weighted_safety_score": 24.522392734105857,
      "f_h_positive": 62,
      "f_safe_violation": 0,
      "f_depth": 57,
      "f_unsafe_split": 0,
      "areas": {
        "V_safe": 8.984375,
        "V_unsafe": 2.8046875,
        "F_h": 3.765625,
        "F_safe_violation": 0.0,
        "F_depth": 0.4453125,
        "F_unsafe_split": 0.0
      },
      "definitive_fail": 62,
      "uncertain_fail": 57,
      "top_n_used": 161,
      "improvement": 442,
      "repair_type": "Phase1_Definitive"
    },
    {
      "iteration": 2,
      "phase": 1,
      "max_depth": 10,
      "loss": 0.49886271357536316,
      "update_norm": 0.9947059750556946,
      "certified_percentage": 75.87890625000001,
      "usr": 47.699757869249396,
      "f_h_ratio": 52.300242130750604,
      "weighted_safety_score": 27.22371967654987,
      "f_h_positive": 52,
      "f_safe_violation": 0,
      "f_depth": 62,
      "f_unsafe_split": 0,
      "areas": {
        "V_safe": 9.0625,
        "V_unsafe": 3.078125,
        "F_h": 3.375,
        "F_safe_violation": 0.0,
        "F_depth": 0.484375,
        "F_unsafe_split": 0.0
      },
      "definitive_fail": 52,
      "uncertain_fail": 62,
      "top_n_used": 168,
      "improvement": 10,
      "repair_type": "Phase1_Definitive"
    },
    {
      "iteration": 3,
      "phase": 1,
      "max_depth": 10,
      "loss": 0.49486690759658813,
      "update_norm": 0.9960205554962158,
      "certified_percentage": 79.05273437500001,
      "usr": 53.41935483870968,
      "f_h_ratio": 46.58064516129032,
      "weighted_safety_score": 31.848215971304512,
      "f_h_positive": 47,
      "f_safe_violation": 0,
      "f_depth": 68,
      "f_unsafe_split": 0,
      "areas": {
        "V_safe": 9.4140625,
        "V_unsafe": 3.234375,
        "F_h": 2.8203125,
        "F_safe_violation": 0.0,
        "F_depth": 0.53125,
        "F_unsafe_split": 0.0
      },
      "definitive_fail": 47,
      "uncertain_fail": 68,
      "top_n_used": 184,
      "improvement": 5,
      "repair_type": "Phase1_Definitive"
    },
    {
      "iteration": 4,
      "phase": 1,
      "max_depth": 10,
      "loss": 0.44119539856910706,
      "update_norm": 0.9914752244949341,
      "certified_percentage": 83.39843750000001,
      "usr": 61.719833564493754,
      "f_h_ratio": 38.28016643550624,
      "weighted_safety_score": 39.09973521624007,
      "f_h_positive": 38,
      "f_safe_violation": 0,
      "f_depth": 64,
      "f_unsafe_split": 0,
      "areas": {
        "V_safe": 9.8671875,
        "V_unsafe": 3.4765625,
        "F_h": 2.15625,
        "F_safe_violation": 0.0,
        "F_depth": 0.5,
        "F_unsafe_split": 0.0
      },
      "definitive_fail": 38,
      "uncertain_fail": 64,
      "top_n_used": 213,
      "improvement": 9,
      "repair_type": "Phase1_Definitive"
    },
    {
      "iteration": 5,
      "phase": 1,
      "max_depth": 10,
      "loss": 0.44374004006385803,
      "update_norm": 0.9952408075332642,
      "certified_percentage": 86.32812500000001,
      "usr": 70.57949479940565,
      "f_h_ratio": 29.420505200594356,
      "weighted_safety_score": 48.30287206266319,
      "f_h_positive": 40,
      "f_safe_violation": 0,
      "f_depth": 82,
      "f_unsafe_split": 0,
      "areas": {
        "V_safe": 10.1015625,
        "V_unsafe": 3.7109375,
        "F_h": 1.546875,
        "F_safe_violation": 0.0,
        "F_depth": 0.640625,
        "F_unsafe_split": 0.0
      },
      "definitive_fail": 40,
      "uncertain_fail": 82,
      "top_n_used": 264,
      "improvement": -2,
      "repair_type": "Phase1_Definitive"
    },
    {
      "iteration": 6,
      "phase": 1,
      "max_depth": 10,
      "loss": 0.3722022473812103,
      "update_norm": 0.9954430460929871,
      "certified_percentage": 87.20703125000001,
      "usr": 77.92792792792793,
      "f_h_ratio": 22.07207207207207,
      "weighted_safety_score": 56.39276179175319,
      "f_h_positive": 31,
      "f_safe_violation": 0,
      "f_depth": 115,
      "f_unsafe_split": 0,
      "areas": {
        "V_safe": 9.8984375,
        "V_unsafe": 4.0546875,
        "F_h": 1.1484375,
        "F_safe_violation": 0.0,
        "F_depth": 0.8984375,
        "F_unsafe_split": 0.0
      },
      "definitive_fail": 31,
      "uncertain_fail": 115,
      "top_n_used": 305,
      "improvement": 9,
      "repair_type": "Phase1_Definitive"
    },
    {
      "iteration": 7,
      "phase": 1,
      "max_depth": 10,
      "loss": 0.3303212821483612,
      "update_norm": 0.9942529797554016,
      "certified_percentage": 86.62109375000001,
      "usr": 83.72781065088756,
      "f_h_ratio": 16.272189349112427,
      "weighted_safety_score": 63.79196840026333,
      "f_h_positive": 21,
      "f_safe_violation": 0,
      "f_depth": 164,
      "f_unsafe_split": 0,
      "areas": {
        "V_safe": 9.4375,
        "V_unsafe": 4.421875,
        "F_h": 0.859375,
        "F_safe_violation": 0.0,
        "F_depth": 1.28125,
        "F_unsafe_split": 0.0
      },
      "definitive_fail": 21,
      "uncertain_fail": 164,
      "top_n_used": 327,
      "improvement": 10,
      "repair_type": "Phase1_Definitive"
    },
    {
      "iteration": 8,
      "phase": 1,
      "max_depth": 10,
      "loss": 0.32279500365257263,
      "update_norm": 0.9943007826805115,
      "certified_percentage": 86.32812500000001,
      "usr": 92.08523592085236,
      "f_h_ratio": 7.91476407914764,
      "weighted_safety_score": 79.3322734499205,
      "f_h_positive": 17,
      "f_safe_violation": 0,
      "f_depth": 228,
      "f_unsafe_split": 0,
      "areas": {
        "V_safe": 9.0859375,
        "V_unsafe": 4.7265625,
        "F_h": 0.40625,
        "F_safe_violation": 0.0,
        "F_depth": 1.78125,
        "F_unsafe_split": 0.0
      },
      "definitive_fail": 17,
      "uncertain_fail": 228,
      "top_n_used": 312,
      "improvement": 4,
      "repair_type": "Phase1_Definitive"
    },
    {
      "iteration": 9,
      "phase": 1,
      "max_depth": 10,
      "loss": 0.27274951338768005,
      "update_norm": 0.9936480522155762,
      "certified_percentage": 85.88867187500001,
      "usr": 95.07246376811594,
      "f_h_ratio": 4.9275362318840585,
      "weighted_safety_score": 85.55649957519117,
      "f_h_positive": 6,
      "f_safe_violation": 0,
      "f_depth": 255,
      "f_unsafe_split": 0,
      "areas": {
        "V_safe": 8.6171875,
        "V_unsafe": 5.125,
        "F_h": 0.265625,
        "F_safe_violation": 0.0,
        "F_depth": 1.9921875,
        "F_unsafe_split": 0.0
      },
      "definitive_fail": 6,
      "uncertain_fail": 255,
      "top_n_used": 306,
      "improvement": 11,
      "repair_type": "Phase1_Definitive"
    },
    {
      "iteration": 10,
      "phase": 1,
      "max_depth": 10,
      "loss": 0.26319921016693115,
      "update_norm": 0.9945167303085327,
      "certified_percentage": 86.13281250000001,
      "usr": 100.0,
      "f_h_ratio": 0.0,
      "weighted_safety_score": 100.0,
      "f_h_positive": 0,
      "f_safe_violation": 0,
      "f_depth": 284,
      "f_unsafe_split": 0,