{
  "system": "barr1",
  "activation": "Tanh",
  "method": "Harmonic Mean CBF Pass Rate (v8_ibp, IBP min_L)",
  "top_n_protect": 500,
  "max_depth_start": 10,
  "max_depth_limit": 15,
  "depth_schedule": [
    10,
    12,
    15
  ],
  "num_inner_steps": 1,
  "lr": 0.005,
  "target_pass_rate": 100.0,
  "plateau_threshold": 0.5,
  "max_stagnant_iterations": 5,
  "max_total_iterations": 30,
  "original_max_depth_harmonic": 95.29438846474417,
  "original_max_depth_standard": 95.11260986328125,
  "original_max_depth_R_safe": 99.72916945298917,
  "original_max_depth_R_unsafe": 91.2372291456158,
  "final_harmonic_pass_rate": 95.82902240219919,
  "final_standard_pass_rate": 95.8526611328125,
  "final_R_safe": 99.15387026010654,
  "final_R_unsafe": 92.71991911021233,
  "harmonic_improvement": 0.5346339374550126,
  "standard_improvement": 0.74005126953125,
  "num_iterations": 8,
  "iteration_results": [
    {
      "iteration": 1,
      "phase": 1,
      "max_depth": 10,
      "loss": 0.5918524265289307,
      "HarmonicMeanPassRate": 84.86469477658906,
      "R_safe": 86.11111111111111,
      "R_unsafe": 83.65384615384616,
      "standard_pass_rate": 84.86328125,
      "f_h_positive": 15,
      "f_safe_violation": 0,
      "f_depth": 280,
      "f_unsafe_split": 0,
      "definitive_fail": 15,
      "top_n_used": 500,
      "repair_type": "Phase1_Definitive"
    },
    {
      "iteration": 2,
      "phase": 1,
      "max_depth": 10,
      "loss": 0.7213385701179504,
      "HarmonicMeanPassRate": 84.6571676869372,
      "R_safe": 84.28428428428428,
      "R_unsafe": 85.03336510962822,
      "standard_pass_rate": 84.66796875,
      "f_h_positive": 0,
      "f_safe_violation": 0,
      "f_depth": 314,
      "f_unsafe_split": 0,
      "definitive_fail": 0,
      "top_n_used": 117,
      "repair_type": "Phase1_Definitive"
    },
    {
      "iteration": 3,
      "phase": 1,
      "max_depth": 10,
      "loss": 0.7213385701179504,
      "HarmonicMeanPassRate": 84.6571676869372,
      "R_safe": 84.28428428428428,
      "R_unsafe": 85.03336510962822,
      "standard_pass_rate": 84.66796875,
      "f_h_positive": 0,
      "f_safe_violation": 0,
      "f_depth": 314,
      "f_unsafe_split": 0,
      "definitive_fail": 0,
      "top_n_used": 117,
      "repair_type": "Phase1_Definitive"
    },
    {
      "iteration": 4,
      "phase": 2,
      "max_depth": 12,
      "loss": 0.07073437230317456,
      "HarmonicMeanPassRate": 92.04992781187201,
      "R_safe": 94.5143432310015,
      "R_unsafe": 89.71076339497392,
      "standard_pass_rate": 92.041015625,
      "f_h_positive": 72,
      "f_safe_violation": 0,
      "f_depth": 436,
      "f_unsafe_split": 0,
      "definitive_fail": 72,
      "top_n_used": 116,
      "repair_type": "Phase2_All"
    },
    {
      "iteration": 5,
      "phase": 2,
      "max_depth": 15,
      "loss": 0.09262876916588761,
      "HarmonicMeanPassRate": 95.85889152655189,
      "R_safe": 99.27989981214778,
      "R_unsafe": 92.66579354685082,
      "standard_pass_rate": 95.8892822265625,
      "f_h_positive": 201,
      "f_safe_violation": 0,
      "f_depth": 460,
      "f_unsafe_split": 0,
      "definitive_fail": 201,
      "top_n_used": 247,
      "repair_type": "Phase2_All"
    },
    {
      "iteration": 6,
      "phase": 2,
      "max_depth": 15,
      "loss": 0.16245518397094622,
      "HarmonicMeanPassRate": 95.86765516908014,
      "R_safe": 99.24524756506217,
      "R_unsafe": 92.71239398898973,
      "standard_pass_rate": 95.8953857421875,
      "f_h_positive": 205,
      "f_safe_violation": 0,
      "f_depth": 482,
      "f_unsafe_split": 0,
      "definitive_fail": 205,
      "top_n_used": 500,
      "repair_type": "Phase2_All"
    },
    {
      "iteration": 7,
      "phase": 2,
      "max_depth": 15,
      "loss": 0.16005097917420721,
      "HarmonicMeanPassRate": 95.85431735078316,
      "R_safe": 99.21052631578947,
      "R_unsafe": 92.71775345073775,
      "standard_pass_rate": 95.880126953125,
      "f_h_positive": 214,
      "f_safe_violation": 0,
      "f_depth": 504,
      "f_unsafe_split": 0,
      "definitive_fail": 214,
      "top_n_used": 500,
      "repair_type": "Phase2_All"
    },
    {
      "iteration": 8,
      "phase": 2,
      "max_depth": 15,
      "loss": 0.15869646558854572,
      "HarmonicMeanPassRate": 95.82902240219919,
      "R_safe": 99.15387026010654,
      "R_unsafe": 92.71991911021233,
      "standard_pass_rate": 95.8526611328125,
      "f_h_positive": 222,
      "f_safe_violation": 0,
      "f_depth": 540,
      "f_unsafe_split": 0,
      "definitive_fail": 222,
      "top_n_used": 500,
      "repair_type": "Phase2_All"
    }
  ],
  "timestamp": "2026-04-17 20:59:29"
}