{
  "system": "simple2d",
  "activation": "Sigmoid",
  "method": "α-ProCeT",
  "max_depth_limit": 12,
  "num_inner_steps": 5,
  "lr": 0.005,
  "target_pass_rate": 100.0,
  "patience": 3,
  "max_total_iterations": 10,
  "lambda_": 2.0,
  "original_max_depth_harmonic": 97.32152557373047,
  "original_max_depth_standard": 98.05908203125,
  "original_max_depth_R_safe": 98.7534408569336,
  "original_max_depth_R_unsafe": 95.9305191040039,
  "final_harmonic_pass_rate": 99.29338836669922,
  "final_standard_pass_rate": 99.40185546875,
  "final_R_safe": 99.56385803222656,
  "final_R_unsafe": 99.0243911743164,
  "harmonic_improvement": 1.97186279296875,
  "standard_improvement": 1.3427734375,
  "num_iterations": 10,
  "iteration_results": [
    {
      "iteration": 1,
      "max_depth": 12,
      "mode": "α-ProCeT",
      "loss": 0.26372074197839807,
      "HarmonicMeanPassRate": 98.66251373291016,
      "R_safe": 99.23866271972656,
      "R_unsafe": 98.093017578125,
      "standard_pass_rate": 98.93798828125,
      "f_h_positive": 8,
      "f_safe_violation": 0,
      "f_depth_unsafe": 46,
      "f_depth_safe": 15,
      "f_unsafe_split": 0,
      "definitive_fail": 8,
      "repair_type": "Phase2_All",
      "top_n_used": 50,
      "beta_s": 0.999,
      "beta_us": 0.999
    },
    {
      "iteration": 2,
      "max_depth": 12,
      "mode": "α-ProCeT",
      "loss": 0.31396066368400277,
      "HarmonicMeanPassRate": 98.77320861816406,
      "R_safe": 99.3064956665039,
      "R_unsafe": 98.24561309814453,
      "standard_pass_rate": 99.01123046875,
      "f_h_positive": 9,
      "f_safe_violation": 0,
      "f_depth_unsafe": 41,
      "f_depth_safe": 15,
      "f_unsafe_split": 0,
      "definitive_fail": 9,
      "repair_type": "Phase2_All",
      "top_n_used": 50,
      "beta_s": 0.999,
      "beta_us": 0.999
    },
    {
      "iteration": 3,
      "max_depth": 12,
      "mode": "α-ProCeT",
      "loss": 0.30294569118602854,
      "HarmonicMeanPassRate": 98.95372772216797,
      "R_safe": 99.45355224609375,
      "R_unsafe": 98.45890045166016,
      "standard_pass_rate": 99.169921875,
      "f_h_positive": 8,
      "f_safe_violation": 0,
      "f_depth_unsafe": 32,
      "f_depth_safe": 14,
      "f_unsafe_split": 0,
      "definitive_fail": 8,
      "repair_type": "Phase2_All",
      "top_n_used": 50,
      "beta_s": 0.999,
      "beta_us": 0.999
    },
    {
      "iteration": 4,
      "max_depth": 12,
      "mode": "α-ProCeT",
      "loss": 0.31523842580856815,
      "HarmonicMeanPassRate": 98.92428588867188,
      "R_safe": 99.53528594970703,
      "R_unsafe": 98.32073974609375,
      "standard_pass_rate": 99.18212890625,
      "f_h_positive": 8,
      "f_safe_violation": 0,
      "f_depth_unsafe": 27,
      "f_depth_safe": 18,
      "f_unsafe_split": 0,
      "definitive_fail": 8,
      "repair_type": "Phase2_All",
      "top_n_used": 50,
      "beta_s": 0.999,
      "beta_us": 0.999
    },
    {
      "iteration": 5,
      "max_depth": 12,
      "mode": "α-ProCeT",
      "loss": 0.30924545741472087,
      "HarmonicMeanPassRate": 99.02470397949219,
      "R_safe": 99.5505599975586,
      "R_unsafe": 98.50436401367188,
      "standard_pass_rate": 99.2431640625,
      "f_h_positive": 8,
      "f_safe_violation": 0,
      "f_depth_unsafe": 26,
      "f_depth_safe": 14,
      "f_unsafe_split": 0,
      "definitive_fail": 8,
      "repair_type": "Phase2_All",
      "top_n_used": 50,
      "beta_s": 0.999,
      "beta_us": 0.999
    },
    {
      "iteration": 6,
      "max_depth": 12,
      "mode": "α-ProCeT",
      "loss": 0.31840849774224417,
      "HarmonicMeanPassRate": 98.98031616210938,
      "R_safe": 99.46468353271484,
      "R_unsafe": 98.50062561035156,
      "standard_pass_rate": 99.18212890625,
      "f_h_positive": 8,
      "f_safe_violation": 0,
      "f_depth_unsafe": 31,
      "f_depth_safe": 14,
      "f_unsafe_split": 0,
      "definitive_fail": 8,
      "repair_type": "Phase2_All",
      "top_n_used": 50,
      "beta_s": 0.999,
      "beta_us": 0.999
    },
    {
      "iteration": 7,
      "max_depth": 12,
      "mode": "α-ProCeT",
      "loss": 0.2995139575395428,
      "HarmonicMeanPassRate": 99.04922485351562,
      "R_safe": 99.58319091796875,
      "R_unsafe": 98.52095031738281,
      "standard_pass_rate": 99.267578125,
      "f_h_positive": 8,
      "f_safe_violation": 0,
      "f_depth_unsafe": 24,
      "f_depth_safe": 14,
      "f_unsafe_split": 0,
      "definitive_fail": 8,
      "repair_type": "Phase2_All",
      "top_n_used": 50,
      "beta_s": 0.999,
      "beta_us": 0.999
    },
    {
      "iteration": 8,
      "max_depth": 12,
      "mode": "α-ProCeT",
      "loss": 0.3029597953513817,
      "HarmonicMeanPassRate": 99.18401336669922,
      "R_safe": 99.5999984741211,
      "R_unsafe": 98.77149963378906,
      "standard_pass_rate": 99.35302734375,
      "f_h_positive": 9,
      "f_safe_violation": 0,
      "f_depth_unsafe": 23,
      "f_depth_safe": 15,
      "f_unsafe_split": 0,
      "definitive_fail": 9,
      "repair_type": "Phase2_All",
      "top_n_used": 50,
      "beta_s": 0.999,
      "beta_us": 0.999
    },
    {
      "iteration": 9,
      "max_depth": 12,
      "mode": "α-ProCeT",
      "loss": 0.2964483754975455,
      "HarmonicMeanPassRate": 99.25552368164062,
      "R_safe": 99.61705780029297,
      "R_unsafe": 98.89661407470703,
      "standard_pass_rate": 99.40185546875,
      "f_h_positive": 10,
      "f_safe_violation": 0,
      "f_depth_unsafe": 22,
      "f_depth_safe": 9,
      "f_unsafe_split": 0,
      "definitive_fail": 10,
      "repair_type": "Phase2_All",
      "top_n_used": 50,
      "beta_s": 0.999,
      "beta_us": 0.999
    },
    {
      "iteration": 10,
      "max_depth": 12,
      "mode": "α-ProCeT",
      "loss": 0.3090260636572744,
      "HarmonicMeanPassRate": 99.29338836669922,
      "R_safe": 99.56385803222656,
      "R_unsafe": 99.0243911743164,
      "standard_pass_rate": 99.40185546875,
      "f_h_positive": 8,
      "f_safe_violation": 0,
      "f_depth_unsafe": 25,
      "f_depth_safe": 10,
      "f_unsafe_split": 0,
      "definitive_fail": 8,
      "repair_type": "Phase2_All",
      "top_n_used": 50,
      "beta_s": 0.999,
      "beta_us": 0.999
    }
  ],
  "repair_time_seconds": 126.66619358304888,
  "timestamp": "2026-06-20 16:28:12",
  "top_n_protect": 50,
  "delta_theta_norm_bound": 0.05,
  "beta_s": 0.999,
  "beta_us": 0.999,
  "protection_audit_summary": {
    "total_safe_checks": 2500,
    "total_safe_success": 2165,
    "total_safe_failure": 335,
    "total_unsafe_checks": 2500,
    "total_unsafe_success": 2436,
    "total_unsafe_failure": 64
  }
}