{
  "system": "barr4",
  "activation": "Tanh",
  "method": "α-ProCeT",
  "max_depth_limit": 14,
  "num_inner_steps": 5,
  "lr": 0.005,
  "target_pass_rate": 100.0,
  "patience": 3,
  "max_total_iterations": 10,
  "lambda_": 2.0,
  "original_max_depth_harmonic": 42.76607131958008,
  "original_max_depth_standard": 46.798892974853516,
  "original_max_depth_R_safe": 98.52449798583984,
  "original_max_depth_R_unsafe": 27.310253143310547,
  "final_harmonic_pass_rate": 89.03014373779297,
  "final_standard_pass_rate": 91.95770263671875,
  "final_R_safe": 100.0,
  "final_R_unsafe": 80.22913360595703,
  "harmonic_improvement": 46.26407241821289,
  "standard_improvement": 45.158809661865234,
  "num_iterations": 10,
  "iteration_results": [
    {
      "iteration": 1,
      "max_depth": 14,
      "mode": "α-ProCeT",
      "loss": 5.612682204302414,
      "HarmonicMeanPassRate": 49.35816955566406,
      "R_safe": 99.76163482666016,
      "R_unsafe": 32.79092025756836,
      "standard_pass_rate": 54.22303009033203,
      "f_h_positive": 0,
      "f_safe_violation": 0,
      "f_depth_unsafe": 75,
      "f_depth_safe": 44924,
      "f_unsafe_split": 0,
      "definitive_fail": 0,
      "repair_type": "Phase2_All",
      "top_n_used": 50,
      "beta_s": 0.999,
      "beta_us": 0.999
    },
    {
      "iteration": 2,
      "max_depth": 14,
      "mode": "α-ProCeT",
      "loss": 4.845690724457573,
      "HarmonicMeanPassRate": 56.359649658203125,
      "R_safe": 99.99151611328125,
      "R_unsafe": 39.237945556640625,
      "standard_pass_rate": 61.08347702026367,
      "f_h_positive": 0,
      "f_safe_violation": 0,
      "f_depth_unsafe": 3,
      "f_depth_safe": 38252,
      "f_unsafe_split": 0,
      "definitive_fail": 0,
      "repair_type": "Phase2_All",
      "top_n_used": 50,
      "beta_s": 0.999,
      "beta_us": 0.999
    },
    {
      "iteration": 3,
      "max_depth": 14,
      "mode": "α-ProCeT",
      "loss": 3.9904260606901922,
      "HarmonicMeanPassRate": 62.72848892211914,
      "R_safe": 100.0,
      "R_unsafe": 45.696659088134766,
      "standard_pass_rate": 67.2237777709961,
      "f_h_positive": 0,
      "f_safe_violation": 0,
      "f_depth_unsafe": 0,
      "f_depth_safe": 32219,
      "f_unsafe_split": 0,
      "definitive_fail": 0,
      "repair_type": "Phase2_All",
      "top_n_used": 50,
      "beta_s": 0.999,
      "beta_us": 0.999
    },
    {
      "iteration": 4,
      "max_depth": 14,
      "mode": "α-ProCeT",
      "loss": 2.9668889467955752,
      "HarmonicMeanPassRate": 67.79589080810547,
      "R_safe": 100.0,
      "R_unsafe": 51.281227111816406,
      "standard_pass_rate": 73.39579010009766,
      "f_h_positive": 0,
      "f_safe_violation": 0,
      "f_depth_unsafe": 0,
      "f_depth_safe": 26152,
      "f_unsafe_split": 0,
      "definitive_fail": 0,
      "repair_type": "Phase2_All",
      "top_n_used": 50,
      "beta_s": 0.999,
      "beta_us": 0.999
    },
    {
      "iteration": 5,
      "max_depth": 14,
      "mode": "α-ProCeT",
      "loss": 2.464015334926639,
      "HarmonicMeanPassRate": 72.75198364257812,
      "R_safe": 99.99796295166016,
      "R_unsafe": 57.174049377441406,
      "standard_pass_rate": 78.56885528564453,
      "f_h_positive": 0,
      "f_safe_violation": 0,
      "f_depth_unsafe": 1,
      "f_depth_safe": 21066,
      "f_unsafe_split": 0,
      "definitive_fail": 0,
      "repair_type": "Phase2_All",
      "top_n_used": 50,
      "beta_s": 0.999,
      "beta_us": 0.999
    },
    {
      "iteration": 6,
      "max_depth": 14,
      "mode": "α-ProCeT",
      "loss": 2.028695097328132,
      "HarmonicMeanPassRate": 77.3315658569336,
      "R_safe": 100.0,
      "R_unsafe": 63.0411262512207,
      "standard_pass_rate": 82.80899047851562,
      "f_h_positive": 0,
      "f_safe_violation": 0,
      "f_depth_unsafe": 0,
      "f_depth_safe": 16899,
      "f_unsafe_split": 0,
      "definitive_fail": 0,
      "repair_type": "Phase2_All",
      "top_n_used": 50,
      "beta_s": 0.999,
      "beta_us": 0.999
    },
    {
      "iteration": 7,
      "max_depth": 14,
      "mode": "α-ProCeT",
      "loss": 1.5781726626378063,
      "HarmonicMeanPassRate": 81.44107818603516,
      "R_safe": 99.99639129638672,
      "R_unsafe": 68.69419860839844,
      "standard_pass_rate": 86.32685089111328,
      "f_h_positive": 0,
      "f_safe_violation": 0,
      "f_depth_unsafe": 2,
      "f_depth_safe": 13439,
      "f_unsafe_split": 0,
      "definitive_fail": 0,
      "repair_type": "Phase2_All",
      "top_n_used": 50,
      "beta_s": 0.999,
      "beta_us": 0.999
    },
    {
      "iteration": 8,
      "max_depth": 14,
      "mode": "α-ProCeT",
      "loss": 1.3912640485271492,
      "HarmonicMeanPassRate": 84.13716125488281,
      "R_safe": 99.99824523925781,
      "R_unsafe": 72.61882781982422,
      "standard_pass_rate": 88.44593048095703,
      "f_h_positive": 0,
      "f_safe_violation": 0,
      "f_depth_unsafe": 1,
      "f_depth_safe": 11357,
      "f_unsafe_split": 0,
      "definitive_fail": 0,
      "repair_type": "Phase2_All",
      "top_n_used": 50,
      "beta_s": 0.999,
      "beta_us": 0.999
    },
    {
      "iteration": 9,
      "max_depth": 14,
      "mode": "α-ProCeT",
      "loss": 1.0350166887391261,
      "HarmonicMeanPassRate": 86.78694152832031,
      "R_safe": 100.0,
      "R_unsafe": 76.6580581665039,
      "standard_pass_rate": 90.32386779785156,
      "f_h_positive": 0,
      "f_safe_violation": 0,
      "f_depth_unsafe": 0,
      "f_depth_safe": 9512,
      "f_unsafe_split": 0,
      "definitive_fail": 0,
      "repair_type": "Phase2_All",
      "top_n_used": 50,
      "beta_s": 0.999,
      "beta_us": 0.999
    },
    {
      "iteration": 10,
      "max_depth": 14,
      "mode": "α-ProCeT",
      "loss": 0.7500308977645219,
      "HarmonicMeanPassRate": 89.03014373779297,
      "R_safe": 100.0,
      "R_unsafe": 80.22913360595703,
      "standard_pass_rate": 91.95770263671875,
      "f_h_positive": 0,
      "f_safe_violation": 0,
      "f_depth_unsafe": 0,
      "f_depth_safe": 7906,
      "f_unsafe_split": 0,
      "definitive_fail": 0,
      "repair_type": "Phase2_All",
      "top_n_used": 50,
      "beta_s": 0.999,
      "beta_us": 0.999
    }
  ],
  "repair_time_seconds": 2488.37801396905,
  "timestamp": "2026-06-20 17:34:33",
  "top_n_protect": 50,
  "delta_theta_norm_bound": 0.05,
  "beta_s": 0.999,
  "beta_us": 0.999,
  "protection_audit_summary": {
    "total_safe_checks": 2500,
    "total_safe_success": 2283,
    "total_safe_failure": 217,
    "total_unsafe_checks": 2500,
    "total_unsafe_success": 2157,
    "total_unsafe_failure": 343
  }
}