{
  "system": "barr1",
  "activation": "Tanh",
  "method": "α-ProCeT",
  "max_depth_limit": 12,
  "num_inner_steps": 5,
  "lr": 0.005,
  "target_pass_rate": 100.0,
  "patience": 3,
  "max_total_iterations": 10,
  "lambda_": 2.0,
  "original_max_depth_harmonic": 93.45733642578125,
  "original_max_depth_standard": 93.20068359375,
  "original_max_depth_R_safe": 98.2269515991211,
  "original_max_depth_R_unsafe": 89.12947082519531,
  "final_harmonic_pass_rate": 96.90568542480469,
  "final_standard_pass_rate": 96.7529296875,
  "final_R_safe": 98.36065673828125,
  "final_R_unsafe": 95.4931411743164,
  "harmonic_improvement": 3.4483489990234375,
  "standard_improvement": 3.55224609375,
  "num_iterations": 8,
  "iteration_results": [
    {
      "iteration": 1,
      "max_depth": 12,
      "mode": "α-ProCeT",
      "loss": 0.4753913288385096,
      "HarmonicMeanPassRate": 95.3174819946289,
      "R_safe": 97.29443359375,
      "R_unsafe": 93.41926574707031,
      "standard_pass_rate": 95.20263671875,
      "f_h_positive": 77,
      "f_safe_violation": 0,
      "f_depth_unsafe": 102,
      "f_depth_safe": 82,
      "f_unsafe_split": 0,
      "definitive_fail": 77,
      "repair_type": "Phase2_All",
      "top_n_used": 50,
      "beta_s": 0.999,
      "beta_us": 0.999
    },
    {
      "iteration": 2,
      "max_depth": 12,
      "mode": "α-ProCeT",
      "loss": 0.3269944501346385,
      "HarmonicMeanPassRate": 96.88973999023438,
      "R_safe": 98.53300476074219,
      "R_unsafe": 95.30037689208984,
      "standard_pass_rate": 96.7529296875,
      "f_h_positive": 40,
      "f_safe_violation": 0,
      "f_depth_unsafe": 54,
      "f_depth_safe": 112,
      "f_unsafe_split": 0,
      "definitive_fail": 40,
      "repair_type": "Phase2_All",
      "top_n_used": 50,
      "beta_s": 0.999,
      "beta_us": 0.999
    },
    {
      "iteration": 3,
      "max_depth": 12,
      "mode": "α-ProCeT",
      "loss": 0.3683931924463288,
      "HarmonicMeanPassRate": 96.73981475830078,
      "R_safe": 98.59774780273438,
      "R_unsafe": 94.95060729980469,
      "standard_pass_rate": 96.56982421875,
      "f_h_positive": 44,
      "f_safe_violation": 0,
      "f_depth_unsafe": 51,
      "f_depth_safe": 139,
      "f_unsafe_split": 0,
      "definitive_fail": 44,
      "repair_type": "Phase2_All",
      "top_n_used": 50,
      "beta_s": 0.999,
      "beta_us": 0.999
    },
    {
      "iteration": 4,
      "max_depth": 12,
      "mode": "α-ProCeT",
      "loss": 0.32531581851218244,
      "HarmonicMeanPassRate": 96.98807525634766,
      "R_safe": 98.42091369628906,
      "R_unsafe": 95.59637451171875,
      "standard_pass_rate": 96.86279296875,
      "f_h_positive": 33,
      "f_safe_violation": 0,
      "f_depth_unsafe": 58,
      "f_depth_safe": 134,
      "f_unsafe_split": 0,
      "definitive_fail": 33,
      "repair_type": "Phase2_All",
      "top_n_used": 50,
      "beta_s": 0.999,
      "beta_us": 0.999
    },
    {
      "iteration": 5,
      "max_depth": 12,
      "mode": "α-ProCeT",
      "loss": 0.3042563652807428,
      "HarmonicMeanPassRate": 97.13700866699219,
      "R_safe": 98.70416259765625,
      "R_unsafe": 95.61883544921875,
      "standard_pass_rate": 96.98486328125,
      "f_h_positive": 27,
      "f_safe_violation": 0,
      "f_depth_unsafe": 47,
      "f_depth_safe": 150,
      "f_unsafe_split": 0,
      "definitive_fail": 27,
      "repair_type": "Phase2_All",
      "top_n_used": 50,
      "beta_s": 0.999,
      "beta_us": 0.999
    },
    {
      "iteration": 6,
      "max_depth": 12,
      "mode": "α-ProCeT",
      "loss": 0.2909257896392944,
      "HarmonicMeanPassRate": 97.06098937988281,
      "R_safe": 98.59387969970703,
      "R_unsafe": 95.57502746582031,
      "standard_pass_rate": 96.91162109375,
      "f_h_positive": 22,
      "f_safe_violation": 0,
      "f_depth_unsafe": 51,
      "f_depth_safe": 168,
      "f_unsafe_split": 0,
      "definitive_fail": 22,
      "repair_type": "Phase2_All",
      "top_n_used": 50,
      "beta_s": 0.999,
      "beta_us": 0.999
    },
    {
      "iteration": 7,
      "max_depth": 12,
      "mode": "α-ProCeT",
      "loss": 0.26980917172740165,
      "HarmonicMeanPassRate": 96.91517639160156,
      "R_safe": 98.44010925292969,
      "R_unsafe": 95.436767578125,
      "standard_pass_rate": 96.7529296875,
      "f_h_positive": 19,
      "f_safe_violation": 0,
      "f_depth_unsafe": 56,
      "f_depth_safe": 185,
      "f_unsafe_split": 0,
      "definitive_fail": 19,
      "repair_type": "Phase2_All",
      "top_n_used": 50,
      "beta_s": 0.999,
      "beta_us": 0.999
    },
    {
      "iteration": 8,
      "max_depth": 12,
      "mode": "α-ProCeT",
      "loss": 0.2538339553340789,
      "HarmonicMeanPassRate": 96.90568542480469,
      "R_safe": 98.36065673828125,
      "R_unsafe": 95.4931411743164,
      "standard_pass_rate": 96.7529296875,
      "f_h_positive": 17,
      "f_safe_violation": 0,
      "f_depth_unsafe": 59,
      "f_depth_safe": 185,
      "f_unsafe_split": 0,
      "definitive_fail": 17,
      "repair_type": "Phase2_All",
      "top_n_used": 50,
      "beta_s": 0.999,
      "beta_us": 0.999
    }
  ],
  "repair_time_seconds": 95.68619220296387,
  "timestamp": "2026-06-20 16:32:29",
  "top_n_protect": 50,
  "delta_theta_norm_bound": 0.05,
  "beta_s": 0.999,
  "beta_us": 0.999,
  "protection_audit_summary": {
    "total_safe_checks": 2000,
    "total_safe_success": 1562,
    "total_safe_failure": 438,
    "total_unsafe_checks": 2000,
    "total_unsafe_success": 1781,
    "total_unsafe_failure": 219
  }
}