{
  "system": "cartpole",
  "activation": "Tanh",
  "method": "α-ProCeT",
  "top_n_protect": 50,
  "beta_s": 0.999,
  "beta_us": 0.999,
  "delta_theta_norm_bound": 0.05,
  "total_safe_checks": 1000,
  "total_safe_success": 1000,
  "total_safe_failure": 0,
  "total_unsafe_checks": 1000,
  "total_unsafe_success": 992,
  "total_unsafe_failure": 8,
  "iterations": [
    {
      "iteration": 1,
      "max_depth": 14,
      "mode": "α-ProCeT",
      "top_n_safe": 50,
      "top_n_unsafe": 50,
      "audit_before_inner_loop": {
        "inner_step": 0,
        "safe": {
          "total": 50,
          "success": 50,
          "failure": 0,
          "min_L_min": 173.145263671875,
          "min_L_mean": 229.9405059814453
        },
        "unsafe": {
          "total": 50,
          "success": 50,
          "failure": 0,
          "h_max_max": -0.00014495849609375,
          "h_max_mean": -0.0018687630072236061
        }
      },
      "audit_after_steps": [
        {
          "inner_step": 1,
          "safe": {
            "total": 50,
            "success": 50,
            "failure": 0,
            "min_L_min": 176.94216918945312,
            "min_L_mean": 234.4329071044922
          },
          "unsafe": {
            "total": 50,
            "success": 50,
            "failure": 0,
            "h_max_max": -0.7840070724487305,
            "h_max_mean": -1.015175461769104
          }
        },
        {
          "inner_step": 2,
          "safe": {
            "total": 50,
            "success": 50,
            "failure": 0,
            "min_L_min": 179.8585205078125,
            "min_L_mean": 236.23338317871094
          },
          "unsafe": {
            "total": 50,
            "success": 50,
            "failure": 0,
            "h_max_max": -1.4803271293640137,
            "h_max_mean": -1.9330706596374512
          }
        },
        {
          "inner_step": 3,
          "safe": {
            "total": 50,
            "success": 50,
            "failure": 0,
            "min_L_min": 172.22369384765625,
            "min_L_mean": 219.0128936767578
          },
          "unsafe": {
            "total": 50,
            "success": 50,
            "failure": 0,
            "h_max_max": -2.1444621086120605,
            "h_max_mean": -2.749128818511963
          }
        },
        {
          "inner_step": 4,
          "safe": {
            "total": 50,
            "success": 50,
            "failure": 0,
            "min_L_min": 154.89358520507812,
            "min_L_mean": 210.2368927001953
          },
          "unsafe": {
            "total": 50,
            "success": 50,
            "failure": 0,
            "h_max_max": -2.8317229747772217,
            "h_max_mean": -3.4527902603149414
          }
        },
        {
          "inner_step": 5,
          "safe": {
            "total": 50,
            "success": 50,
            "failure": 0,
            "min_L_min": 160.64083862304688,
            "min_L_mean": 203.47314453125
          },
          "unsafe": {
            "total": 50,
            "success": 50,
            "failure": 0,
            "h_max_max": -3.2625815868377686,
            "h_max_mean": -3.9924206733703613
          }
        }
      ]
    },
    {
      "iteration": 2,
      "max_depth": 14,
      "mode": "α-ProCeT",
      "top_n_safe": 50,
      "top_n_unsafe": 50,
      "audit_before_inner_loop": {
        "inner_step": 0,
        "safe": {
          "total": 50,
          "success": 50,
          "failure": 0,
          "min_L_min": 456.42242431640625,
          "min_L_mean": 593.1827392578125
        },
        "unsafe": {
          "total": 50,
          "success": 50,
          "failure": 0,
          "h_max_max": -7.43865966796875e-05,
          "h_max_mean": -0.001995182130485773
        }
      },
      "audit_after_steps": [
        {
          "inner_step": 1,
          "safe": {
            "total": 50,
            "success": 50,
            "failure": 0,
            "min_L_min": 383.8545837402344,
            "min_L_mean": 522.086181640625
          },
          "unsafe": {
            "total": 50,
            "success": 50,
            "failure": 0,
            "h_max_max": -0.2145700454711914,
            "h_max_mean": -0.7996568083763123
          }
        },
        {
          "inner_step": 2,
          "safe": {
            "total": 50,
            "success": 50,
            "failure": 0,
            "min_L_min": 301.35015869140625,
            "min_L_mean": 457.6445617675781
          },
          "unsafe": {
            "total": 50,
            "success": 50,
            "failure": 0,
            "h_max_max": -0.5142011642456055,
            "h_max_mean": -1.6883196830749512
          }
        },
        {
          "inner_step": 3,
          "safe": {
            "total": 50,
            "success": 50,
            "failure": 0,
            "min_L_min": 297.5458679199219,
            "min_L_mean": 440.0320739746094
          },
          "unsafe": {
            "total": 50,
            "success": 50,
            "failure": 0,
            "h_max_max": -0.9867172241210938,
            "h_max_mean": -2.395340919494629
          }
        },
        {
          "inner_step": 4,
          "safe": {
            "total": 50,
            "success": 50,
            "failure": 0,
            "min_L_min": 293.2669982910156,
            "min_L_mean": 434.6875915527344
          },
          "unsafe": {
            "total": 50,
            "success": 50,
            "failure": 0,
            "h_max_max": -1.7020058631896973,
            "h_max_mean": -2.7622568607330322
          }
        },
        {
          "inner_step": 5,
          "safe": {
            "total": 50,
            "success": 50,
            "failure": 0,
            "min_L_min": 281.7975158691406,
            "min_L_mean": 402.9959716796875
          },
          "unsafe": {
            "total": 50,
            "success": 50,
            "failure": 0,
            "h_max_max": -2.3781111240386963,
            "h_max_mean": -3.4055755138397217
          }
        }
      ]
    },
    {
      "iteration": 3,
      "max_depth": 14,
      "mode": "α-ProCeT",
      "top_n_safe": 50,
      "top_n_unsafe": 50,
      "audit_before_inner_loop": {
        "inner_step": 0,
        "safe": {
          "total": 50,
          "success": 50,
          "failure": 0,
          "min_L_min": 851.9086303710938,
          "min_L_mean": 1146.971923828125
        },
        "unsafe": {
          "total": 50,
          "success": 50,
          "failure": 0,
          "h_max_max": -0.0002434253692626953,
          "h_max_mean": -0.012490344233810902
        }
      },
      "audit_after_steps": [
        {
          "inner_step": 1,
          "safe": {
            "total": 50,
            "success": 50,
            "failure": 0,
            "min_L_min": 859.5841674804688,
            "min_L_mean": 1119.3341064453125
          },
          "unsafe": {
            "total": 50,
            "success": 50,
            "failure": 0,
            "h_max_max": -0.022573471069335938,
            "h_max_mean": -0.46517935395240784
          }
        },
        {
          "inner_step": 2,
          "safe": {
            "total": 50,
            "success": 50,
            "failure": 0,
            "min_L_min": 836.0380249023438,
            "min_L_mean": 1080.921142578125
          },
          "unsafe": {
            "total": 50,
            "success": 50,
            "failure": 0,
            "h_max_max": -0.02872943878173828,
            "h_max_mean": -0.6235052347183228
          }
        },
        {
          "inner_step": 3,
          "safe": {
            "total": 50,
            "success": 50,
            "failure": 0,
            "min_L_min": 764.033935546875,
            "min_L_mean": 1040.4505615234375
          },
          "unsafe": {
            "total": 50,
            "success": 49,
            "failure": 1,