{
  "system": "barr1",
  "activation": "Sigmoid",
  "method": "α-ProCeT",
  "max_depth_limit": 12,
  "num_inner_steps": 5,
  "lr": 0.005,
  "target_pass_rate": 100.0,
  "patience": 3,
  "max_total_iterations": 10,
  "lambda_": 2.0,
  "original_max_depth_harmonic": 54.227684020996094,
  "original_max_depth_standard": 71.39892578125,
  "original_max_depth_R_safe": 97.65929412841797,
  "original_max_depth_R_unsafe": 37.534934997558594,
  "final_harmonic_pass_rate": 84.08540344238281,
  "final_standard_pass_rate": 90.10009765625,
  "final_R_safe": 98.16664123535156,
  "final_R_unsafe": 73.5370864868164,
  "harmonic_improvement": 29.85771942138672,
  "standard_improvement": 18.701171875,
  "num_iterations": 10,
  "iteration_results": [
    {
      "iteration": 1,
      "max_depth": 12,
      "mode": "α-ProCeT",
      "loss": 0.4787856860038562,
      "HarmonicMeanPassRate": 62.03127670288086,
      "R_safe": 97.52880096435547,
      "R_unsafe": 45.47848892211914,
      "standard_pass_rate": 75.81787109375,
      "f_h_positive": 109,
      "f_safe_violation": 0,
      "f_depth_unsafe": 118,
      "f_depth_safe": 0,
      "f_unsafe_split": 0,
      "definitive_fail": 109,
      "repair_type": "Phase2_All",
      "top_n_used": 50,
      "beta_s": 0.999,
      "beta_us": 0.999
    },
    {
      "iteration": 2,
      "max_depth": 12,
      "mode": "α-ProCeT",
      "loss": 0.4059114910307385,
      "HarmonicMeanPassRate": 69.67671203613281,
      "R_safe": 97.87535858154297,
      "R_unsafe": 54.09230422973633,
      "standard_pass_rate": 80.50537109375,
      "f_h_positive": 99,
      "f_safe_violation": 0,
      "f_depth_unsafe": 105,
      "f_depth_safe": 0,
      "f_unsafe_split": 0,
      "definitive_fail": 99,
      "repair_type": "Phase2_All",
      "top_n_used": 50,
      "beta_s": 0.999,
      "beta_us": 0.999
    },
    {
      "iteration": 3,
      "max_depth": 12,
      "mode": "α-ProCeT",
      "loss": 0.4150705368998814,
      "HarmonicMeanPassRate": 73.40576934814453,
      "R_safe": 97.70740509033203,
      "R_unsafe": 58.78489685058594,
      "standard_pass_rate": 83.23974609375,
      "f_h_positive": 81,
      "f_safe_violation": 0,
      "f_depth_unsafe": 118,
      "f_depth_safe": 0,
      "f_unsafe_split": 0,
      "definitive_fail": 81,
      "repair_type": "Phase2_All",
      "top_n_used": 50,
      "beta_s": 0.999,
      "beta_us": 0.999
    },
    {
      "iteration": 4,
      "max_depth": 12,
      "mode": "α-ProCeT",
      "loss": 0.38208370208740233,
      "HarmonicMeanPassRate": 75.49954986572266,
      "R_safe": 97.82231140136719,
      "R_unsafe": 61.47186279296875,
      "standard_pass_rate": 84.4970703125,
      "f_h_positive": 80,
      "f_safe_violation": 0,
      "f_depth_unsafe": 113,
      "f_depth_safe": 0,
      "f_unsafe_split": 0,
      "definitive_fail": 80,
      "repair_type": "Phase2_All",
      "top_n_used": 50,
      "beta_s": 0.999,
      "beta_us": 0.999
    },
    {
      "iteration": 5,
      "max_depth": 12,
      "mode": "α-ProCeT",
      "loss": 0.34675765823531934,
      "HarmonicMeanPassRate": 79.90254211425781,
      "R_safe": 98.197021484375,
      "R_unsafe": 67.35419464111328,
      "standard_pass_rate": 87.60986328125,
      "f_h_positive": 80,
      "f_safe_violation": 0,
      "f_depth_unsafe": 97,
      "f_depth_safe": 0,
      "f_unsafe_split": 0,
      "definitive_fail": 80,
      "repair_type": "Phase2_All",
      "top_n_used": 50,
      "beta_s": 0.999,
      "beta_us": 0.999
    },
    {
      "iteration": 6,
      "max_depth": 12,
      "mode": "α-ProCeT",
      "loss": 0.3093760152735135,
      "HarmonicMeanPassRate": 81.908935546875,
      "R_safe": 98.03092193603516,
      "R_unsafe": 70.3408203125,
      "standard_pass_rate": 88.70849609375,
      "f_h_positive": 64,
      "f_safe_violation": 0,
      "f_depth_unsafe": 107,
      "f_depth_safe": 4,
      "f_unsafe_split": 0,
      "definitive_fail": 64,
      "repair_type": "Phase2_All",
      "top_n_used": 50,
      "beta_s": 0.999,
      "beta_us": 0.999
    },
    {
      "iteration": 7,
      "max_depth": 12,
      "mode": "α-ProCeT",
      "loss": 0.3129742170477512,
      "HarmonicMeanPassRate": 81.908935546875,
      "R_safe": 98.03092193603516,
      "R_unsafe": 70.3408203125,
      "standard_pass_rate": 88.70849609375,
      "f_h_positive": 64,
      "f_safe_violation": 0,
      "f_depth_unsafe": 107,
      "f_depth_safe": 4,
      "f_unsafe_split": 0,
      "definitive_fail": 64,
      "repair_type": "Phase2_All",
      "top_n_used": 50,
      "beta_s": 0.999,
      "beta_us": 0.999
    },
    {
      "iteration": 8,
      "max_depth": 12,
      "mode": "α-ProCeT",
      "loss": 0.301877018796849,
      "HarmonicMeanPassRate": 83.68448638916016,
      "R_safe": 98.22012329101562,
      "R_unsafe": 72.89649963378906,
      "standard_pass_rate": 89.9169921875,
      "f_h_positive": 68,
      "f_safe_violation": 0,
      "f_depth_unsafe": 98,
      "f_depth_safe": 4,
      "f_unsafe_split": 0,
      "definitive_fail": 68,
      "repair_type": "Phase2_All",
      "top_n_used": 50,
      "beta_s": 0.999,
      "beta_us": 0.999
    },
    {
      "iteration": 9,
      "max_depth": 12,
      "mode": "α-ProCeT",
      "loss": 0.287234201902101,
      "HarmonicMeanPassRate": 83.83317565917969,
      "R_safe": 98.25581359863281,
      "R_unsafe": 73.10267639160156,
      "standard_pass_rate": 90.00244140625,
      "f_h_positive": 72,
      "f_safe_violation": 0,
      "f_depth_unsafe": 96,
      "f_depth_safe": 4,
      "f_unsafe_split": 0,
      "definitive_fail": 72,
      "repair_type": "Phase2_All",
      "top_n_used": 50,
      "beta_s": 0.999,
      "beta_us": 0.999
    },
    {
      "iteration": 10,
      "max_depth": 12,
      "mode": "α-ProCeT",
      "loss": 0.27859042560467956,
      "HarmonicMeanPassRate": 84.08540344238281,
      "R_safe": 98.16664123535156,
      "R_unsafe": 73.5370864868164,
      "standard_pass_rate": 90.10009765625,
      "f_h_positive": 67,
      "f_safe_violation": 0,
      "f_depth_unsafe": 101,
      "f_depth_safe": 4,
      "f_unsafe_split": 0,
      "definitive_fail": 67,
      "repair_type": "Phase2_All",
      "top_n_used": 50,
      "beta_s": 0.999,
      "beta_us": 0.999
    }
  ],
  "repair_time_seconds": 107.87815787293948,
  "timestamp": "2026-06-20 16:30:48",
  "top_n_protect": 50,
  "delta_theta_norm_bound": 0.05,
  "beta_s": 0.999,
  "beta_us": 0.999,
  "protection_audit_summary": {
    "total_safe_checks": 2500,
    "total_safe_success": 2167,
    "total_safe_failure": 333,
    "total_unsafe_checks": 2500,
    "total_unsafe_success": 2483,
    "total_unsafe_failure": 17
  }
}