{
  "system": "barr2",
  "activation": "Sigmoid",
  "method": "α-ProCeT",
  "top_n_protect": 50,
  "beta_s": 0.999,
  "beta_us": 0.999,
  "delta_theta_norm_bound": 0.05,
  "total_safe_checks": 1500,
  "total_safe_success": 1289,
  "total_safe_failure": 211,
  "total_unsafe_checks": 1500,
  "total_unsafe_success": 1492,
  "total_unsafe_failure": 8,
  "iterations": [
    {
      "iteration": 1,
      "max_depth": 12,
      "mode": "α-ProCeT",
      "top_n_safe": 50,
      "top_n_unsafe": 50,
      "audit_before_inner_loop": {
        "inner_step": 0,
        "safe": {
          "total": 50,
          "success": 50,
          "failure": 0,
          "min_L_min": 0.00034618377685546875,
          "min_L_mean": 0.14126646518707275
        },
        "unsafe": {
          "total": 50,
          "success": 50,
          "failure": 0,
          "h_max_max": -0.001154184341430664,
          "h_max_mean": -0.10416068881750107
        }
      },
      "audit_after_steps": [
        {
          "inner_step": 1,
          "safe": {
            "total": 50,
            "success": 50,
            "failure": 0,
            "min_L_min": 0.0001361370086669922,
            "min_L_mean": 0.1252429038286209
          },
          "unsafe": {
            "total": 50,
            "success": 50,
            "failure": 0,
            "h_max_max": -0.016399621963500977,
            "h_max_mean": -0.12751442193984985
          }
        },
        {
          "inner_step": 2,
          "safe": {
            "total": 50,
            "success": 46,
            "failure": 4,
            "min_L_min": -0.00015211105346679688,
            "min_L_mean": 0.10930676758289337
          },
          "unsafe": {
            "total": 50,
            "success": 50,
            "failure": 0,
            "h_max_max": -0.02959442138671875,
            "h_max_mean": -0.1505149006843567
          }
        },
        {
          "inner_step": 3,
          "safe": {
            "total": 50,
            "success": 42,
            "failure": 8,
            "min_L_min": -0.016968250274658203,
            "min_L_mean": 0.09322967380285263
          },
          "unsafe": {
            "total": 50,
            "success": 50,
            "failure": 0,
            "h_max_max": -0.040809810161590576,
            "h_max_mean": -0.17330501973628998
          }
        },
        {
          "inner_step": 4,
          "safe": {
            "total": 50,
            "success": 39,
            "failure": 11,
            "min_L_min": -0.03391695022583008,
            "min_L_mean": 0.0772990882396698
          },
          "unsafe": {
            "total": 50,
            "success": 50,
            "failure": 0,
            "h_max_max": -0.05201810598373413,
            "h_max_mean": -0.19643758237361908
          }
        },
        {
          "inner_step": 5,
          "safe": {
            "total": 50,
            "success": 35,
            "failure": 15,
            "min_L_min": -0.05090141296386719,
            "min_L_mean": 0.06122646480798721
          },
          "unsafe": {
            "total": 50,
            "success": 50,
            "failure": 0,
            "h_max_max": -0.06322753429412842,
            "h_max_mean": -0.21838617324829102
          }
        }
      ]
    },
    {
      "iteration": 2,
      "max_depth": 12,
      "mode": "α-ProCeT",
      "top_n_safe": 50,
      "top_n_unsafe": 50,
      "audit_before_inner_loop": {
        "inner_step": 0,
        "safe": {
          "total": 50,
          "success": 50,
          "failure": 0,
          "min_L_min": 0.0011749267578125,
          "min_L_mean": 0.11230271309614182
        },
        "unsafe": {
          "total": 50,
          "success": 50,
          "failure": 0,
          "h_max_max": -0.0002276897430419922,
          "h_max_mean": -0.10693883895874023
        }
      },
      "audit_after_steps": [
        {
          "inner_step": 1,
          "safe": {
            "total": 50,
            "success": 50,
            "failure": 0,
            "min_L_min": 0.0005161762237548828,
            "min_L_mean": 0.09954136610031128
          },
          "unsafe": {
            "total": 50,
            "success": 50,
            "failure": 0,
            "h_max_max": -0.023093223571777344,
            "h_max_mean": -0.1247788816690445
          }
        },
        {
          "inner_step": 2,
          "safe": {
            "total": 50,
            "success": 47,
            "failure": 3,
            "min_L_min": -7.653236389160156e-05,
            "min_L_mean": 0.08697828650474548
          },
          "unsafe": {
            "total": 50,
            "success": 50,
            "failure": 0,
            "h_max_max": -0.04599499702453613,
            "h_max_mean": -0.1429612934589386
          }
        },
        {
          "inner_step": 3,
          "safe": {
            "total": 50,
            "success": 41,
            "failure": 9,
            "min_L_min": -0.0190126895904541,
            "min_L_mean": 0.07386986911296844
          },
          "unsafe": {
            "total": 50,
            "success": 50,
            "failure": 0,
            "h_max_max": -0.06893301010131836,
            "h_max_mean": -0.16113914549350739
          }
        },
        {
          "inner_step": 4,
          "safe": {
            "total": 50,
            "success": 40,
            "failure": 10,
            "min_L_min": -0.04485177993774414,
            "min_L_mean": 0.06057612597942352
          },
          "unsafe": {
            "total": 50,
            "success": 50,
            "failure": 0,
            "h_max_max": -0.08745002746582031,
            "h_max_mean": -0.17933332920074463
          }
        },
        {
          "inner_step": 5,
          "safe": {
            "total": 50,
            "success": 36,
            "failure": 14,
            "min_L_min": -0.0707244873046875,
            "min_L_mean": 0.04723342880606651
          },
          "unsafe": {
            "total": 50,
            "success": 50,
            "failure": 0,
            "h_max_max": -0.10614991188049316,
            "h_max_mean": -0.19765964150428772
          }
        }
      ]
    },
    {
      "iteration": 3,
      "max_depth": 12,
      "mode": "α-ProCeT",
      "top_n_safe": 50,
      "top_n_unsafe": 50,
      "audit_before_inner_loop": {
        "inner_step": 0,
        "safe": {
          "total": 50,
          "success": 50,
          "failure": 0,
          "min_L_min": 0.003068685531616211,
          "min_L_mean": 0.08976846933364868
        },
        "unsafe": {
          "total": 50,
          "success": 50,
          "failure": 0,
          "h_max_max": -0.005258798599243164,
          "h_max_mean": -0.10828422755002975
        }
      },
      "audit_after_steps": [
        {
          "inner_step": 1,
          "safe": {
            "total": 50,
            "success": 50,
            "failure": 0,
            "min_L_min": 0.0014514923095703125,
            "min_L_mean": 0.08381184935569763
          },
          "unsafe": {
            "total": 50,
            "success": 50,
            "failure": 0,
            "h_max_max": -0.009584426879882812,
            "h_max_mean": -0.11628071963787079
          }
        },
        {
          "inner_step": 2,
          "safe": {
            "total": 50,
            "success": 46,
            "failure": 4,
            "min_L_min": -0.0014858841896057129,
            "min_L_mean": 0.07778680324554443
          },
          "unsafe": {
            "total": 50,
            "success": 50,
            "failure": 0,
            "h_max_max": -0.0073986053466796875,
            "h_max_mean": -0.12434965372085571
          }
        },
        {
          "inner_step": 3,
          "safe": {
            "total": 50,
            "success": 42,
            "failure": 8,
            "min_L_min": -0.012515604496002197,
            "min_L_mean": 0.07173189520835876
          },