{
  "system": "barr4",
  "activation": "Sigmoid",
  "method": "α-ProCeT",
  "max_depth_limit": 14,
  "num_inner_steps": 5,
  "lr": 0.005,
  "target_pass_rate": 100.0,
  "patience": 3,
  "max_total_iterations": 10,
  "lambda_": 2.0,
  "original_max_depth_harmonic": 87.03694152832031,
  "original_max_depth_standard": 95.26206970214844,
  "original_max_depth_R_safe": 99.27802276611328,
  "original_max_depth_R_unsafe": 77.48318481445312,
  "final_harmonic_pass_rate": 93.61004638671875,
  "final_standard_pass_rate": 97.15089416503906,
  "final_R_safe": 99.38606262207031,
  "final_R_unsafe": 88.46852111816406,
  "harmonic_improvement": 6.5731048583984375,
  "standard_improvement": 1.888824462890625,
  "num_iterations": 10,
  "iteration_results": [
    {
      "iteration": 1,
      "max_depth": 14,
      "mode": "α-ProCeT",
      "loss": 0.9343233286223797,
      "HarmonicMeanPassRate": 88.01759338378906,
      "R_safe": 99.28314971923828,
      "R_unsafe": 79.04808807373047,
      "standard_pass_rate": 95.55805206298828,
      "f_h_positive": 15,
      "f_safe_violation": 0,
      "f_depth_unsafe": 575,
      "f_depth_safe": 3771,
      "f_unsafe_split": 0,
      "definitive_fail": 15,
      "repair_type": "Phase2_All",
      "top_n_used": 50,
      "beta_s": 0.999,
      "beta_us": 0.999
    },
    {
      "iteration": 2,
      "max_depth": 14,
      "mode": "α-ProCeT",
      "loss": 0.8850185387313257,
      "HarmonicMeanPassRate": 89.2296142578125,
      "R_safe": 99.31542205810547,
      "R_unsafe": 81.00344848632812,
      "standard_pass_rate": 95.8865966796875,
      "f_h_positive": 17,
      "f_safe_violation": 0,
      "f_depth_unsafe": 547,
      "f_depth_safe": 3470,
      "f_unsafe_split": 0,
      "definitive_fail": 17,
      "repair_type": "Phase2_All",
      "top_n_used": 50,
      "beta_s": 0.999,
      "beta_us": 0.999
    },
    {
      "iteration": 3,
      "max_depth": 14,
      "mode": "α-ProCeT",
      "loss": 0.8288119110582023,
      "HarmonicMeanPassRate": 89.7624282836914,
      "R_safe": 99.32466888427734,
      "R_unsafe": 81.87965393066406,
      "standard_pass_rate": 96.0422134399414,
      "f_h_positive": 17,
      "f_safe_violation": 0,
      "f_depth_unsafe": 539,
      "f_depth_safe": 3325,
      "f_unsafe_split": 0,
      "definitive_fail": 17,
      "repair_type": "Phase2_All",
      "top_n_used": 50,
      "beta_s": 0.999,
      "beta_us": 0.999
    },
    {
      "iteration": 4,
      "max_depth": 14,
      "mode": "α-ProCeT",
      "loss": 0.7783260091015349,
      "HarmonicMeanPassRate": 90.27482604980469,
      "R_safe": 99.32476043701172,
      "R_unsafe": 82.7363510131836,
      "standard_pass_rate": 96.1805419921875,
      "f_h_positive": 20,
      "f_safe_violation": 0,
      "f_depth_unsafe": 538,
      "f_depth_safe": 3185,
      "f_unsafe_split": 0,
      "definitive_fail": 20,
      "repair_type": "Phase2_All",
      "top_n_used": 50,
      "beta_s": 0.999,
      "beta_us": 0.999
    },
    {
      "iteration": 5,
      "max_depth": 14,
      "mode": "α-ProCeT",
      "loss": 0.7324339111149707,
      "HarmonicMeanPassRate": 90.94351196289062,
      "R_safe": 99.33470153808594,
      "R_unsafe": 83.85956573486328,
      "standard_pass_rate": 96.3758316040039,
      "f_h_positive": 21,
      "f_safe_violation": 0,
      "f_depth_unsafe": 529,
      "f_depth_safe": 3001,
      "f_unsafe_split": 0,
      "definitive_fail": 21,
      "repair_type": "Phase2_All",
      "top_n_used": 50,
      "beta_s": 0.999,
      "beta_us": 0.999
    },
    {
      "iteration": 6,
      "max_depth": 14,
      "mode": "α-ProCeT",
      "loss": 0.6844501762347419,
      "HarmonicMeanPassRate": 91.59762573242188,
      "R_safe": 99.3563003540039,
      "R_unsafe": 84.9629135131836,
      "standard_pass_rate": 96.58536529541016,
      "f_h_positive": 34,
      "f_safe_violation": 0,
      "f_depth_unsafe": 511,
      "f_depth_safe": 2800,
      "f_unsafe_split": 0,
      "definitive_fail": 34,
      "repair_type": "Phase2_All",
      "top_n_used": 50,
      "beta_s": 0.999,
      "beta_us": 0.999
    },
    {
      "iteration": 7,
      "max_depth": 14,
      "mode": "α-ProCeT",
      "loss": 0.6350929641836527,
      "HarmonicMeanPassRate": 92.13924407958984,
      "R_safe": 99.3606185913086,
      "R_unsafe": 85.89642333984375,
      "standard_pass_rate": 96.73487854003906,
      "f_h_positive": 40,
      "f_safe_violation": 0,
      "f_depth_unsafe": 506,
      "f_depth_safe": 2651,
      "f_unsafe_split": 0,
      "definitive_fail": 40,
      "repair_type": "Phase2_All",
      "top_n_used": 50,
      "beta_s": 0.999,
      "beta_us": 0.999
    },
    {
      "iteration": 8,
      "max_depth": 14,
      "mode": "α-ProCeT",
      "loss": 0.5915889999252947,
      "HarmonicMeanPassRate": 92.64697265625,
      "R_safe": 99.3631362915039,
      "R_unsafe": 86.78125,
      "standard_pass_rate": 96.86914825439453,
      "f_h_positive": 43,
      "f_safe_violation": 0,
      "f_depth_unsafe": 502,
      "f_depth_safe": 2516,
      "f_unsafe_split": 0,
      "definitive_fail": 43,
      "repair_type": "Phase2_All",
      "top_n_used": 50,
      "beta_s": 0.999,
      "beta_us": 0.999
    },
    {
      "iteration": 9,
      "max_depth": 14,
      "mode": "α-ProCeT",
      "loss": 0.5503370202693743,
      "HarmonicMeanPassRate": 93.12020111083984,
      "R_safe": 99.36369323730469,
      "R_unsafe": 87.61493682861328,
      "standard_pass_rate": 97.00544738769531,
      "f_h_positive": 48,
      "f_safe_violation": 0,
      "f_depth_unsafe": 500,
      "f_depth_safe": 2373,
      "f_unsafe_split": 0,
      "definitive_fail": 48,
      "repair_type": "Phase2_All",
      "top_n_used": 50,
      "beta_s": 0.999,
      "beta_us": 0.999
    },
    {
      "iteration": 10,
      "max_depth": 14,
      "mode": "α-ProCeT",
      "loss": 0.5215259357990741,
      "HarmonicMeanPassRate": 93.61004638671875,
      "R_safe": 99.38606262207031,
      "R_unsafe": 88.46852111816406,
      "standard_pass_rate": 97.15089416503906,
      "f_h_positive": 53,
      "f_safe_violation": 0,
      "f_depth_unsafe": 480,
      "f_depth_safe": 2243,
      "f_unsafe_split": 0,
      "definitive_fail": 53,
      "repair_type": "Phase2_All",
      "top_n_used": 50,
      "beta_s": 0.999,
      "beta_us": 0.999
    }
  ],
  "repair_time_seconds": 817.7188554019667,
  "timestamp": "2026-06-20 16:52:58",
  "top_n_protect": 50,
  "delta_theta_norm_bound": 0.05,
  "beta_s": 0.999,
  "beta_us": 0.999,
  "protection_audit_summary": {
    "total_safe_checks": 2500,
    "total_safe_success": 2084,
    "total_safe_failure": 416,
    "total_unsafe_checks": 2500,
    "total_unsafe_success": 2400,
    "total_unsafe_failure": 100
  }
}