{
  "system": "barr1",
  "activation": "Tanh",
  "method": "Harmonic Mean CBF Pass Rate (v9, Top-N V_unsafe)",
  "rs_n": 50,
  "rs_sigma": 0.001,
  "top_n_protect": 500,
  "max_depth_start": 10,
  "max_depth_limit": 15,
  "depth_schedule": [
    10,
    12,
    15
  ],
  "num_inner_steps": 5,
  "lr": 0.005,
  "target_pass_rate": 100.0,
  "plateau_threshold": 0.5,
  "max_stagnant_iterations": 5,
  "max_total_iterations": 30,
  "original_max_depth_harmonic": 95.29438846474417,
  "original_max_depth_standard": 95.11260986328125,
  "original_max_depth_R_safe": 99.72916945298917,
  "original_max_depth_R_unsafe": 91.2372291456158,
  "final_harmonic_pass_rate": 96.77938316577934,
  "final_standard_pass_rate": 96.56524658203125,
  "final_R_safe": 98.59544093944278,
  "final_R_unsafe": 95.02901639124549,
  "harmonic_improvement": 1.4849947010351627,
  "standard_improvement": 1.45263671875,
  "num_iterations": 12,
  "iteration_results": [
    {
      "iteration": 1,
      "phase": 1,
      "max_depth": 10,
      "loss": 0.4481387138366699,
      "HarmonicMeanPassRate": 69.85346818507607,
      "R_safe": 64.89795918367346,
      "R_unsafe": 75.62833206397562,
      "standard_pass_rate": 71.77734375,
      "f_h_positive": 45,
      "f_safe_violation": 0,
      "f_depth": 516,
      "f_unsafe_split": 0,
      "definitive_fail": 45,
      "top_n_used": 500,
      "repair_type": "Phase1_Definitive"
    },
    {
      "iteration": 2,
      "phase": 1,
      "max_depth": 10,
      "loss": 0.584486186504364,
      "HarmonicMeanPassRate": 69.71948492832563,
      "R_safe": 64.25648021828103,
      "R_unsafe": 76.19771863117872,
      "standard_pass_rate": 71.923828125,
      "f_h_positive": 46,
      "f_safe_violation": 0,
      "f_depth": 524,
      "f_unsafe_split": 0,
      "definitive_fail": 46,
      "top_n_used": 386,
      "repair_type": "Phase1_Definitive"
    },
    {
      "iteration": 3,
      "phase": 1,
      "max_depth": 10,
      "loss": 0.41106951236724854,
      "HarmonicMeanPassRate": 69.84252814974782,
      "R_safe": 63.38503034389751,
      "R_unsafe": 77.76502104860313,
      "standard_pass_rate": 72.55859375,
      "f_h_positive": 19,
      "f_safe_violation": 0,
      "f_depth": 543,
      "f_unsafe_split": 0,
      "definitive_fail": 19,
      "top_n_used": 382,
      "repair_type": "Phase1_Definitive"
    },
    {
      "iteration": 4,
      "phase": 1,
      "max_depth": 10,
      "loss": 0.2774161398410797,
      "HarmonicMeanPassRate": 70.3133687795385,
      "R_safe": 63.306451612903224,
      "R_unsafe": 79.06441717791411,
      "standard_pass_rate": 73.33984375,
      "f_h_positive": 0,
      "f_safe_violation": 0,
      "f_depth": 546,
      "f_unsafe_split": 0,
      "definitive_fail": 0,
      "top_n_used": 380,
      "repair_type": "Phase1_Definitive"
    },
    {
      "iteration": 5,
      "phase": 1,
      "max_depth": 10,
      "loss": 0.2774161398410797,
      "HarmonicMeanPassRate": 70.3133687795385,
      "R_safe": 63.306451612903224,
      "R_unsafe": 79.06441717791411,
      "standard_pass_rate": 73.33984375,
      "f_h_positive": 0,
      "f_safe_violation": 0,
      "f_depth": 546,
      "f_unsafe_split": 0,
      "definitive_fail": 0,
      "top_n_used": 380,
      "repair_type": "Phase1_Definitive"
    },
    {
      "iteration": 6,
      "phase": 2,
      "max_depth": 12,
      "loss": 0.03162326218881013,
      "HarmonicMeanPassRate": 92.68631810027038,
      "R_safe": 92.41437871497311,
      "R_unsafe": 92.95986263146598,
      "standard_pass_rate": 92.724609375,
      "f_h_positive": 60,
      "f_safe_violation": 0,
      "f_depth": 536,
      "f_unsafe_split": 0,
      "definitive_fail": 60,
      "top_n_used": 381,
      "repair_type": "Phase2_All"
    },
    {
      "iteration": 7,
      "phase": 2,
      "max_depth": 15,
      "loss": 0.08363844544295497,
      "HarmonicMeanPassRate": 96.65498170072522,
      "R_safe": 98.5892086839686,
      "R_unsafe": 94.79518977827884,
      "standard_pass_rate": 96.4324951171875,
      "f_h_positive": 501,
      "f_safe_violation": 0,
      "f_depth": 798,
      "f_unsafe_split": 0,
      "definitive_fail": 501,
      "top_n_used": 500,
      "repair_type": "Phase2_All"
    },
    {
      "iteration": 8,
      "phase": 2,
      "max_depth": 15,
      "loss": 0.16821466801577664,
      "HarmonicMeanPassRate": 96.6715290511923,
      "R_safe": 98.58362951567557,
      "R_unsafe": 94.83219044807365,
      "standard_pass_rate": 96.4508056640625,
      "f_h_positive": 497,
      "f_safe_violation": 0,
      "f_depth": 801,
      "f_unsafe_split": 0,
      "definitive_fail": 497,
      "top_n_used": 500,
      "repair_type": "Phase2_All"
    },
    {
      "iteration": 9,
      "phase": 2,
      "max_depth": 15,
      "loss": 0.1668969666806318,
      "HarmonicMeanPassRate": 96.68208274876535,
      "R_safe": 98.57461182046475,
      "R_unsafe": 94.86085393017201,
      "standard_pass_rate": 96.4630126953125,
      "f_h_positive": 499,
      "f_safe_violation": 0,
      "f_depth": 806,
      "f_unsafe_split": 0,
      "definitive_fail": 499,
      "top_n_used": 500,
      "repair_type": "Phase2_All"
    },
    {
      "iteration": 10,
      "phase": 2,
      "max_depth": 15,
      "loss": 0.1664855584901868,
      "HarmonicMeanPassRate": 96.71766890618386,
      "R_safe": 98.59359244254958,
      "R_unsafe": 94.9117982426722,
      "standard_pass_rate": 96.4996337890625,
      "f_h_positive": 494,
      "f_safe_violation": 0,
      "f_depth": 795,
      "f_unsafe_split": 0,
      "definitive_fail": 494,
      "top_n_used": 500,
      "repair_type": "Phase2_All"
    },
    {
      "iteration": 11,
      "phase": 2,
      "max_depth": 15,
      "loss": 0.16608978829890653,
      "HarmonicMeanPassRate": 96.75029152867901,
      "R_safe": 98.58282762159197,
      "R_unsafe": 94.98464138643344,
      "standard_pass_rate": 96.5362548828125,
      "f_h_positive": 487,
      "f_safe_violation": 0,
      "f_depth": 801,
      "f_unsafe_split": 0,
      "definitive_fail": 487,
      "top_n_used": 500,
      "repair_type": "Phase2_All"
    },
    {
      "iteration": 12,
      "phase": 2,
      "max_depth": 15,
      "loss": 0.16477670545996345,
      "HarmonicMeanPassRate": 96.77938316577934,
      "R_safe": 98.59544093944278,
      "R_unsafe": 95.02901639124549,
      "standard_pass_rate": 96.56524658203125,
      "f_h_positive": 500,
      "f_safe_violation": 0,
      "f_depth": 793,
      "f_unsafe_split": 0,
      "definitive_fail": 500,
      "top_n_used": 500,
      "repair_type": "Phase2_All"
    }
  ],
  "timestamp": "2026-04-15 12:04:42"
}