{
  "system": "barr1",
  "activation": "Sigmoid",
  "method": "Harmonic Mean CBF Pass Rate (v9, Top-N V_unsafe)",
  "rs_n": 50,
  "rs_sigma": 0.001,
  "top_n_protect": 500,
  "max_depth_start": 10,
  "max_depth_limit": 15,
  "depth_schedule": [
    10,
    12,
    15
  ],
  "num_inner_steps": 1,
  "lr": 0.005,
  "target_pass_rate": 100.0,
  "plateau_threshold": 0.5,
  "max_stagnant_iterations": 5,
  "max_total_iterations": 30,
  "original_max_depth_harmonic": 54.79735927574516,
  "original_max_depth_standard": 71.9482421875,
  "original_max_depth_R_safe": 99.62433014750566,
  "original_max_depth_R_unsafe": 37.792322901752236,
  "final_harmonic_pass_rate": 58.47962382445141,
  "final_standard_pass_rate": 73.828125,
  "final_R_safe": 97.61904761904762,
  "final_R_unsafe": 41.74311926605505,
  "harmonic_improvement": 3.68226454870625,
  "standard_improvement": 1.8798828125,
  "num_iterations": 30,
  "iteration_results": [
    {
      "iteration": 1,
      "phase": 1,
      "max_depth": 10,
      "loss": 0.3333389461040497,
      "HarmonicMeanPassRate": 52.57422629082556,
      "R_safe": 97.23422644770959,
      "R_unsafe": 36.02693602693603,
      "standard_pass_rate": 70.60546875,
      "f_h_positive": 55,
      "f_safe_violation": 0,
      "f_depth": 64,
      "f_unsafe_split": 0,
      "definitive_fail": 55,
      "top_n_used": 161,
      "repair_type": "Phase1_Definitive"
    },
    {
      "iteration": 2,
      "phase": 1,
      "max_depth": 10,
      "loss": 0.6360238790512085,
      "HarmonicMeanPassRate": 52.90106847096319,
      "R_safe": 97.31833910034602,
      "R_unsafe": 36.32286995515695,
      "standard_pass_rate": 70.751953125,
      "f_h_positive": 55,
      "f_safe_violation": 0,
      "f_depth": 62,
      "f_unsafe_split": 0,
      "definitive_fail": 55,
      "top_n_used": 152,
      "repair_type": "Phase1_Definitive"
    },
    {
      "iteration": 3,
      "phase": 1,
      "max_depth": 10,
      "loss": 0.6386218667030334,
      "HarmonicMeanPassRate": 53.10772505620296,
      "R_safe": 97.40259740259741,
      "R_unsafe": 36.50615901455767,
      "standard_pass_rate": 70.849609375,
      "f_h_positive": 57,
      "f_safe_violation": 0,
      "f_depth": 60,
      "f_unsafe_split": 0,
      "definitive_fail": 57,
      "top_n_used": 152,
      "repair_type": "Phase1_Definitive"
    },
    {
      "iteration": 4,
      "phase": 1,
      "max_depth": 10,
      "loss": 0.6387246251106262,
      "HarmonicMeanPassRate": 53.12309094550049,
      "R_safe": 97.36045002163566,
      "R_unsafe": 36.5266106442577,
      "standard_pass_rate": 70.849609375,
      "f_h_positive": 58,
      "f_safe_violation": 0,
      "f_depth": 61,
      "f_unsafe_split": 0,
      "definitive_fail": 58,
      "top_n_used": 153,
      "repair_type": "Phase1_Definitive"
    },
    {
      "iteration": 5,
      "phase": 1,
      "max_depth": 10,
      "loss": 0.6303415894508362,
      "HarmonicMeanPassRate": 53.43230053145298,
      "R_safe": 97.32758620689656,
      "R_unsafe": 36.82432432432432,
      "standard_pass_rate": 71.09375,
      "f_h_positive": 57,
      "f_safe_violation": 0,
      "f_depth": 62,
      "f_unsafe_split": 0,
      "definitive_fail": 57,
      "top_n_used": 153,
      "repair_type": "Phase1_Definitive"
    },
    {
      "iteration": 6,
      "phase": 1,
      "max_depth": 10,
      "loss": 0.63311767578125,
      "HarmonicMeanPassRate": 53.550749368055115,
      "R_safe": 97.32758620689656,
      "R_unsafe": 36.93693693693694,
      "standard_pass_rate": 71.142578125,
      "f_h_positive": 56,
      "f_safe_violation": 0,
      "f_depth": 62,
      "f_unsafe_split": 0,
      "definitive_fail": 56,
      "top_n_used": 155,
      "repair_type": "Phase1_Definitive"
    },
    {
      "iteration": 7,
      "phase": 1,
      "max_depth": 10,
      "loss": 0.6347025036811829,
      "HarmonicMeanPassRate": 53.668999676345486,
      "R_safe": 97.32758620689656,
      "R_unsafe": 37.049549549549546,
      "standard_pass_rate": 71.19140625,
      "f_h_positive": 58,
      "f_safe_violation": 0,
      "f_depth": 62,
      "f_unsafe_split": 0,
      "definitive_fail": 58,
      "top_n_used": 156,
      "repair_type": "Phase1_Definitive"
    },
    {
      "iteration": 8,
      "phase": 1,
      "max_depth": 10,
      "loss": 0.6258402466773987,
      "HarmonicMeanPassRate": 53.731107947970195,
      "R_safe": 97.16006884681583,
      "R_unsafe": 37.1331828442438,
      "standard_pass_rate": 71.19140625,
      "f_h_positive": 54,
      "f_safe_violation": 0,
      "f_depth": 66,
      "f_unsafe_split": 0,
      "definitive_fail": 54,
      "top_n_used": 156,
      "repair_type": "Phase1_Definitive"
    },
    {
      "iteration": 9,
      "phase": 1,
      "max_depth": 10,
      "loss": 0.6467958688735962,
      "HarmonicMeanPassRate": 54.448469045581746,
      "R_safe": 97.19864176570458,
      "R_unsafe": 37.81609195402299,
      "standard_pass_rate": 71.97265625,
      "f_h_positive": 56,
      "f_safe_violation": 0,
      "f_depth": 66,
      "f_unsafe_split": 0,
      "definitive_fail": 56,
      "top_n_used": 158,
      "repair_type": "Phase1_Definitive"
    },
    {
      "iteration": 10,
      "phase": 1,
      "max_depth": 10,
      "loss": 0.6369318962097168,
      "HarmonicMeanPassRate": 54.84339488981319,
      "R_safe": 97.23050703025139,
      "R_unsafe": 38.19325328759291,
      "standard_pass_rate": 72.021484375,
      "f_h_positive": 57,
      "f_safe_violation": 0,
      "f_depth": 65,
      "f_unsafe_split": 0,
      "definitive_fail": 57,
      "top_n_used": 162,
      "repair_type": "Phase1_Definitive"
    },
    {
      "iteration": 11,
      "phase": 1,
      "max_depth": 10,
      "loss": 0.6310375332832336,
      "HarmonicMeanPassRate": 55.360590293063495,
      "R_safe": 97.17223650385604,
      "R_unsafe": 38.70601589103292,
      "standard_pass_rate": 72.021484375,
      "f_h_positive": 57,
      "f_safe_violation": 0,
      "f_depth": 66,
      "f_unsafe_split": 0,
      "definitive_fail": 57,
      "top_n_used": 162,
      "repair_type": "Phase1_Definitive"
    },
    {
      "iteration": 12,
      "phase": 1,
      "max_depth": 10,
      "loss": 0.6286771893501282,
      "HarmonicMeanPassRate": 55.53951642006497,
      "R_safe": 97.0059880239521,
      "R_unsafe": 38.907849829351534,
      "standard_pass_rate": 72.0703125,
      "f_h_positive": 55,
      "f_safe_violation": 0,
      "f_depth": 70,
      "f_unsafe_split": 0,
      "definitive_fail": 55,
      "top_n_used": 159,
      "repair_type": "Phase1_Definitive"
    },
    {
      "iteration": 13,
      "phase": 1,
      "max_depth": 10,
      "loss": 0.6475360989570618,
      "HarmonicMeanPassRate": 55.7394664045175,
      "R_safe": 97.08904109589042,
      "R_unsafe": 39.09090909090909,
      "standard_pass_rate": 72.16796875,
      "f_h_positive": 56,
      "f_safe_violation": 0,
      "f_depth": 68,
      "f_unsafe_split": 0,
      "definitive_fail": 56,
      "top_n_used": 159,
      "repair_type": "Phase1_Definitive"
    },
    {
      "iteration": 14,
      "phase": 1,
      "max_depth": 10,
      "loss": 0.6390604972839355,
      "HarmonicMeanPassRate": 55.83916641600201,
      "R_safe": 97.13062098501071,
      "R_unsafe": 39.182282793867124,
      "standard_pass_rate": 72.216796875,
      "f_h_positive": 56,
      "f_safe_violation": 0,
      "f_depth": 67,
      "f_unsafe_split": 0,
      "definitive_fail": 56,
      "top_n_used": 160,
      "repair_type": "Phase1_Definitive"
    },
    {
      "iteration": 15,
      "phase": 1,
      "max_depth": 10,
      "loss": 0.6350838541984558,
      "HarmonicMeanPassRate": 56.03802060173177,
      "R_safe": 97.2138876982426,
      "R_unsafe": 39.36471922858764,
      "standard_pass_rate": 72.314453125,
      "f_h_positive": 57,
      "f_safe_violation": 0,
      "f_depth": 65,
      "f_unsafe_split": 0,
      "definitive_fail": 57,
      "top_n_used": 160,