{
  "system": "barr3",
  "activation": "Sigmoid",
  "method": "Harmonic Mean CBF Pass Rate (v9, Top-N V_unsafe)",
  "rs_n": 50,
  "rs_sigma": 0.001,
  "top_n_protect": 500,
  "max_depth_start": 10,
  "max_depth_limit": 15,
  "depth_schedule": [
    10,
    12,
    15
  ],
  "num_inner_steps": 1,
  "lr": 0.005,
  "target_pass_rate": 100.0,
  "plateau_threshold": 0.5,
  "max_stagnant_iterations": 5,
  "max_total_iterations": 30,
  "original_max_depth_harmonic": 72.48511133341746,
  "original_max_depth_standard": 83.20159912109375,
  "original_max_depth_R_safe": 99.89029346498117,
  "original_max_depth_R_unsafe": 56.879940225726536,
  "final_harmonic_pass_rate": 75.48255286507697,
  "final_standard_pass_rate": 83.30078125,
  "final_R_safe": 99.00166389351082,
  "final_R_unsafe": 60.99290780141844,
  "harmonic_improvement": 2.997441531659504,
  "standard_improvement": 0.09918212890625,
  "num_iterations": 30,
  "iteration_results": [
    {
      "iteration": 1,
      "phase": 1,
      "max_depth": 10,
      "loss": 0.371501624584198,
      "HarmonicMeanPassRate": 71.9579375694423,
      "R_safe": 99.08621374652364,
      "R_unsafe": 56.4914502849905,
      "standard_pass_rate": 82.666015625,
      "f_h_positive": 33,
      "f_safe_violation": 0,
      "f_depth": 23,
      "f_unsafe_split": 0,
      "definitive_fail": 33,
      "top_n_used": 251,
      "repair_type": "Phase1_Definitive"
    },
    {
      "iteration": 2,
      "phase": 1,
      "max_depth": 10,
      "loss": 0.6204932332038879,
      "HarmonicMeanPassRate": 72.51144734701657,
      "R_safe": 99.08036785285886,
      "R_unsafe": 57.178683385579944,
      "standard_pass_rate": 82.763671875,
      "f_h_positive": 31,
      "f_safe_violation": 0,
      "f_depth": 23,
      "f_unsafe_split": 0,
      "definitive_fail": 31,
      "top_n_used": 246,
      "repair_type": "Phase1_Definitive"
    },
    {
      "iteration": 3,
      "phase": 1,
      "max_depth": 10,
      "loss": 0.6387270092964172,
      "HarmonicMeanPassRate": 72.5296690050124,
      "R_safe": 99.04076738609112,
      "R_unsafe": 57.21455457967378,
      "standard_pass_rate": 82.763671875,
      "f_h_positive": 31,
      "f_safe_violation": 0,
      "f_depth": 24,
      "f_unsafe_split": 0,
      "definitive_fail": 31,
      "top_n_used": 245,
      "repair_type": "Phase1_Definitive"
    },
    {
      "iteration": 4,
      "phase": 1,
      "max_depth": 10,
      "loss": 0.6369056701660156,
      "HarmonicMeanPassRate": 72.71831254090084,
      "R_safe": 98.99799599198397,
      "R_unsafe": 57.46408494690818,
      "standard_pass_rate": 82.763671875,
      "f_h_positive": 30,
      "f_safe_violation": 0,
      "f_depth": 25,
      "f_unsafe_split": 0,
      "definitive_fail": 30,
      "top_n_used": 247,
      "repair_type": "Phase1_Definitive"
    },
    {
      "iteration": 5,
      "phase": 1,
      "max_depth": 10,
      "loss": 0.6455565690994263,
      "HarmonicMeanPassRate": 72.82063868872073,
      "R_safe": 98.95666131621188,
      "R_unsafe": 57.605985037406484,
      "standard_pass_rate": 82.763671875,
      "f_h_positive": 31,
      "f_safe_violation": 0,
      "f_depth": 26,
      "f_unsafe_split": 0,
      "definitive_fail": 31,
      "top_n_used": 247,
      "repair_type": "Phase1_Definitive"
    },
    {
      "iteration": 6,
      "phase": 1,
      "max_depth": 10,
      "loss": 0.6373994946479797,
      "HarmonicMeanPassRate": 72.83858624509114,
      "R_safe": 98.91696750902527,
      "R_unsafe": 57.64192139737992,
      "standard_pass_rate": 82.763671875,
      "f_h_positive": 30,
      "f_safe_violation": 0,
      "f_depth": 27,
      "f_unsafe_split": 0,
      "definitive_fail": 30,
      "top_n_used": 248,
      "repair_type": "Phase1_Definitive"
    },
    {
      "iteration": 7,
      "phase": 1,
      "max_depth": 10,
      "loss": 0.6445094347000122,
      "HarmonicMeanPassRate": 72.85654265044155,
      "R_safe": 98.87730553327987,
      "R_unsafe": 57.67790262172284,
      "standard_pass_rate": 82.763671875,
      "f_h_positive": 30,
      "f_safe_violation": 0,
      "f_depth": 28,
      "f_unsafe_split": 0,
      "definitive_fail": 30,
      "top_n_used": 248,
      "repair_type": "Phase1_Definitive"
    },
    {
      "iteration": 8,
      "phase": 1,
      "max_depth": 10,
      "loss": 0.6444477438926697,
      "HarmonicMeanPassRate": 72.85654265044155,
      "R_safe": 98.87730553327987,
      "R_unsafe": 57.67790262172284,
      "standard_pass_rate": 82.763671875,
      "f_h_positive": 31,
      "f_safe_violation": 0,
      "f_depth": 28,
      "f_unsafe_split": 0,
      "definitive_fail": 31,
      "top_n_used": 248,
      "repair_type": "Phase1_Definitive"
    },
    {
      "iteration": 9,
      "phase": 1,
      "max_depth": 10,
      "loss": 0.6337267756462097,
      "HarmonicMeanPassRate": 72.89248203427307,
      "R_safe": 98.79807692307693,
      "R_unsafe": 57.75,
      "standard_pass_rate": 82.763671875,
      "f_h_positive": 29,
      "f_safe_violation": 0,
      "f_depth": 30,
      "f_unsafe_split": 0,
      "definitive_fail": 29,
      "top_n_used": 250,
      "repair_type": "Phase1_Definitive"
    },
    {
      "iteration": 10,
      "phase": 1,
      "max_depth": 10,
      "loss": 0.6527177691459656,
      "HarmonicMeanPassRate": 73.09280845116645,
      "R_safe": 98.75651825110309,
      "R_unsafe": 58.01621958827199,
      "standard_pass_rate": 82.8125,
      "f_h_positive": 27,
      "f_safe_violation": 0,
      "f_depth": 31,
      "f_unsafe_split": 0,
      "definitive_fail": 27,
      "top_n_used": 251,
      "repair_type": "Phase1_Definitive"
    },
    {
      "iteration": 11,
      "phase": 1,
      "max_depth": 10,
      "loss": 0.6761940717697144,
      "HarmonicMeanPassRate": 73.25694855962232,
      "R_safe": 98.75251509054326,
      "R_unsafe": 58.22470515207946,
      "standard_pass_rate": 82.8125,
      "f_h_positive": 27,
      "f_safe_violation": 0,
      "f_depth": 31,
      "f_unsafe_split": 0,
      "definitive_fail": 27,
      "top_n_used": 251,
      "repair_type": "Phase1_Definitive"
    },
    {
      "iteration": 12,
      "phase": 1,
      "max_depth": 10,
      "loss": 0.6723086833953857,
      "HarmonicMeanPassRate": 73.25694855962232,
      "R_safe": 98.75251509054326,
      "R_unsafe": 58.22470515207946,
      "standard_pass_rate": 82.8125,
      "f_h_positive": 27,
      "f_safe_violation": 0,
      "f_depth": 31,
      "f_unsafe_split": 0,
      "definitive_fail": 27,
      "top_n_used": 250,
      "repair_type": "Phase1_Definitive"
    },
    {
      "iteration": 13,
      "phase": 1,
      "max_depth": 10,
      "loss": 0.6684619188308716,
      "HarmonicMeanPassRate": 73.25694855962232,
      "R_safe": 98.75251509054326,
      "R_unsafe": 58.22470515207946,
      "standard_pass_rate": 82.8125,
      "f_h_positive": 28,
      "f_safe_violation": 0,
      "f_depth": 31,
      "f_unsafe_split": 0,
      "definitive_fail": 28,
      "top_n_used": 250,
      "repair_type": "Phase1_Definitive"
    },
    {
      "iteration": 14,
      "phase": 1,
      "max_depth": 10,
      "loss": 0.6635850071907043,
      "HarmonicMeanPassRate": 73.25694855962232,
      "R_safe": 98.75251509054326,
      "R_unsafe": 58.22470515207946,
      "standard_pass_rate": 82.8125,
      "f_h_positive": 28,
      "f_safe_violation": 0,
      "f_depth": 31,
      "f_unsafe_split": 0,
      "definitive_fail": 28,
      "top_n_used": 251,
      "repair_type": "Phase1_Definitive"
    },
    {
      "iteration": 15,
      "phase": 1,
      "max_depth": 10,
      "loss": 0.6597058176994324,
      "HarmonicMeanPassRate": 73.33747906469247,
      "R_safe": 98.79227053140096,
      "R_unsafe": 58.31265508684863,
      "standard_pass_rate": 82.861328125,
      "f_h_positive": 28,
      "f_safe_violation": 0,
      "f_depth": 30,
      "f_unsafe_split": 0,
      "definitive_fail": 28,
      "top_n_used": 251,