{
  "system": "barr2",
  "activation": "Relu",
  "method": "Harmonic Mean CBF Pass Rate (v9, Top-N V_unsafe)",
  "rs_n": 50,
  "rs_sigma": 0.001,
  "top_n_protect": 500,
  "max_depth_start": 10,
  "max_depth_limit": 15,
  "depth_schedule": [
    10,
    12,
    15
  ],
  "num_inner_steps": 5,
  "lr": 0.005,
  "target_pass_rate": 100.0,
  "plateau_threshold": 0.5,
  "max_stagnant_iterations": 5,
  "max_total_iterations": 30,
  "original_max_depth_harmonic": 97.58389688914463,
  "original_max_depth_standard": 97.70965576171875,
  "original_max_depth_R_safe": 97.06081484726592,
  "original_max_depth_R_unsafe": 98.11264748806491,
  "final_harmonic_pass_rate": 97.58722994323082,
  "final_standard_pass_rate": 97.760009765625,
  "final_R_safe": 96.95410407502698,
  "final_R_unsafe": 98.22867899029876,
  "harmonic_improvement": 0.003333054086198217,
  "standard_improvement": 0.05035400390625,
  "num_iterations": 7,
  "iteration_results": [
    {
      "iteration": 1,
      "phase": 1,
      "max_depth": 10,
      "loss": 0.311303049325943,
      "HarmonicMeanPassRate": 56.79014182360791,
      "R_safe": 44.01114206128134,
      "R_unsafe": 80.02649884067571,
      "standard_pass_rate": 70.556640625,
      "f_h_positive": 0,
      "f_safe_violation": 0,
      "f_depth": 603,
      "f_unsafe_split": 0,
      "definitive_fail": 0,
      "top_n_used": 500,
      "repair_type": "Phase1_Definitive"
    },
    {
      "iteration": 2,
      "phase": 1,
      "max_depth": 10,
      "loss": 0.311303049325943,
      "HarmonicMeanPassRate": 56.79014182360791,
      "R_safe": 44.01114206128134,
      "R_unsafe": 80.02649884067571,
      "standard_pass_rate": 70.556640625,
      "f_h_positive": 0,
      "f_safe_violation": 0,
      "f_depth": 603,
      "f_unsafe_split": 0,
      "definitive_fail": 0,
      "top_n_used": 500,
      "repair_type": "Phase1_Definitive"
    },
    {
      "iteration": 3,
      "phase": 2,
      "max_depth": 12,
      "loss": 0.01184048629587398,
      "HarmonicMeanPassRate": 86.86692057520918,
      "R_safe": 82.67804154302671,
      "R_unsafe": 91.50291120815139,
      "standard_pass_rate": 88.5986328125,
      "f_h_positive": 0,
      "f_safe_violation": 0,
      "f_depth": 934,
      "f_unsafe_split": 0,
      "definitive_fail": 0,
      "top_n_used": 167,
      "repair_type": "Phase2_All"
    },
    {
      "iteration": 4,
      "phase": 2,
      "max_depth": 15,
      "loss": 0.009144830305829276,
      "HarmonicMeanPassRate": 97.60941976860838,
      "R_safe": 96.98339311259926,
      "R_unsafe": 98.24358092202948,
      "standard_pass_rate": 97.77984619140625,
      "f_h_positive": 0,
      "f_safe_violation": 0,
      "f_depth": 1455,
      "f_unsafe_split": 0,
      "definitive_fail": 0,
      "top_n_used": 500,
      "repair_type": "Phase2_All"
    },
    {
      "iteration": 5,
      "phase": 2,
      "max_depth": 15,
      "loss": 0.018842172806501967,
      "HarmonicMeanPassRate": 97.60754030734581,
      "R_safe": 96.98063124714861,
      "R_unsafe": 98.24260712130356,
      "standard_pass_rate": 97.7783203125,
      "f_h_positive": 0,
      "f_safe_violation": 0,
      "f_depth": 1456,
      "f_unsafe_split": 0,
      "definitive_fail": 0,
      "top_n_used": 500,
      "repair_type": "Phase2_All"
    },
    {
      "iteration": 6,
      "phase": 2,
      "max_depth": 15,
      "loss": 0.018672774737022158,
      "HarmonicMeanPassRate": 97.59723698176728,
      "R_safe": 96.96693083274552,
      "R_unsafe": 98.23579099794858,
      "standard_pass_rate": 97.7691650390625,
      "f_h_positive": 0,
      "f_safe_violation": 0,
      "f_depth": 1462,
      "f_unsafe_split": 0,
      "definitive_fail": 0,
      "top_n_used": 500,
      "repair_type": "Phase2_All"
    },
    {
      "iteration": 7,
      "phase": 2,
      "max_depth": 15,
      "loss": 0.018734783806960364,
      "HarmonicMeanPassRate": 97.58722994323082,
      "R_safe": 96.95410407502698,
      "R_unsafe": 98.22867899029876,
      "standard_pass_rate": 97.760009765625,
      "f_h_positive": 0,
      "f_safe_violation": 0,
      "f_depth": 1468,
      "f_unsafe_split": 0,
      "definitive_fail": 0,
      "top_n_used": 500,
      "repair_type": "Phase2_All"
    }
  ],
  "timestamp": "2026-04-15 12:12:03"
}