{
  "system": "barr3",
  "activation": "Relu",
  "method": "Harmonic Mean CBF Pass Rate (v9, Top-N V_unsafe)",
  "rs_n": 50,
  "rs_sigma": 0.001,
  "top_n_protect": 500,
  "max_depth_start": 10,
  "max_depth_limit": 15,
  "depth_schedule": [
    10,
    12,
    15
  ],
  "num_inner_steps": 5,
  "lr": 0.005,
  "target_pass_rate": 100.0,
  "plateau_threshold": 0.5,
  "max_stagnant_iterations": 5,
  "max_total_iterations": 30,
  "original_max_depth_harmonic": 92.8938805117116,
  "original_max_depth_standard": 92.99774169921875,
  "original_max_depth_R_safe": 93.73103316291659,
  "original_max_depth_R_unsafe": 92.07154943195552,
  "final_harmonic_pass_rate": 92.78262896244453,
  "final_standard_pass_rate": 92.8253173828125,
  "final_R_safe": 93.32026366632572,
  "final_R_unsafe": 92.251153592617,
  "harmonic_improvement": -0.11125154926706671,
  "standard_improvement": -0.17242431640625,
  "num_iterations": 7,
  "iteration_results": [
    {
      "iteration": 1,
      "phase": 1,
      "max_depth": 10,
      "loss": 0.07118461281061172,
      "HarmonicMeanPassRate": 60.11903996088825,
      "R_safe": 54.723502304147466,
      "R_unsafe": 66.69491525423729,
      "standard_pass_rate": 61.62109375,
      "f_h_positive": 0,
      "f_safe_violation": 0,
      "f_depth": 786,
      "f_unsafe_split": 0,
      "definitive_fail": 0,
      "top_n_used": 500,
      "repair_type": "Phase1_Definitive"
    },
    {
      "iteration": 2,
      "phase": 1,
      "max_depth": 10,
      "loss": 0.07118461281061172,
      "HarmonicMeanPassRate": 60.11903996088825,
      "R_safe": 54.723502304147466,
      "R_unsafe": 66.69491525423729,
      "standard_pass_rate": 61.62109375,
      "f_h_positive": 0,
      "f_safe_violation": 0,
      "f_depth": 786,
      "f_unsafe_split": 0,
      "definitive_fail": 0,
      "top_n_used": 500,
      "repair_type": "Phase1_Definitive"
    },
    {
      "iteration": 3,
      "phase": 2,
      "max_depth": 12,
      "loss": 0.013297503385171484,
      "HarmonicMeanPassRate": 78.00069005330447,
      "R_safe": 76.87950566426365,
      "R_unsafe": 79.15506035283194,
      "standard_pass_rate": 78.076171875,
      "f_h_positive": 0,
      "f_safe_violation": 0,
      "f_depth": 1796,
      "f_unsafe_split": 0,
      "definitive_fail": 0,
      "top_n_used": 224,
      "repair_type": "Phase2_All"
    },
    {
      "iteration": 4,
      "phase": 2,
      "max_depth": 15,
      "loss": 0.00838258047279468,
      "HarmonicMeanPassRate": 92.78386348844823,
      "R_safe": 93.32329673763297,
      "R_unsafe": 92.25063053261461,
      "standard_pass_rate": 92.82684326171875,
      "f_h_positive": 0,
      "f_safe_violation": 0,
      "f_depth": 4701,
      "f_unsafe_split": 0,
      "definitive_fail": 0,
      "top_n_used": 500,
      "repair_type": "Phase2_All"
    },
    {
      "iteration": 5,
      "phase": 2,
      "max_depth": 15,
      "loss": 0.011938232730392705,
      "HarmonicMeanPassRate": 92.78241645798425,
      "R_safe": 93.32140219305721,
      "R_unsafe": 92.24962088745302,
      "standard_pass_rate": 92.8253173828125,
      "f_h_positive": 0,
      "f_safe_violation": 0,
      "f_depth": 4702,
      "f_unsafe_split": 0,
      "definitive_fail": 0,
      "top_n_used": 500,
      "repair_type": "Phase2_All"
    },
    {
      "iteration": 6,
      "phase": 2,
      "max_depth": 15,
      "loss": 0.012003206565015918,
      "HarmonicMeanPassRate": 92.77482660275828,
      "R_safe": 93.31382548047557,
      "R_unsafe": 92.2420186903565,
      "standard_pass_rate": 92.81768798828125,
      "f_h_positive": 0,
      "f_safe_violation": 0,
      "f_depth": 4707,
      "f_unsafe_split": 0,
      "definitive_fail": 0,
      "top_n_used": 500,
      "repair_type": "Phase2_All"
    },
    {
      "iteration": 7,
      "phase": 2,
      "max_depth": 15,
      "loss": 0.012305813321115326,
      "HarmonicMeanPassRate": 92.78262896244453,
      "R_safe": 93.32026366632572,
      "R_unsafe": 92.251153592617,
      "standard_pass_rate": 92.8253173828125,
      "f_h_positive": 0,
      "f_safe_violation": 0,
      "f_depth": 4702,
      "f_unsafe_split": 0,
      "definitive_fail": 0,
      "top_n_used": 500,
      "repair_type": "Phase2_All"
    }
  ],
  "timestamp": "2026-04-15 12:17:46"
}