{
  "system": "barr1",
  "activation": "Relu",
  "method": "Harmonic Mean CBF Pass Rate (v9, Top-N V_unsafe)",
  "rs_n": 50,
  "rs_sigma": 0.001,
  "top_n_protect": 500,
  "max_depth_start": 10,
  "max_depth_limit": 15,
  "depth_schedule": [
    10,
    12,
    15
  ],
  "num_inner_steps": 5,
  "lr": 0.005,
  "target_pass_rate": 100.0,
  "plateau_threshold": 0.5,
  "max_stagnant_iterations": 5,
  "max_total_iterations": 30,
  "original_max_depth_harmonic": 85.52622138556644,
  "original_max_depth_standard": 86.54327392578125,
  "original_max_depth_R_safe": 94.87386417981827,
  "original_max_depth_R_unsafe": 77.85536159600997,
  "final_harmonic_pass_rate": 89.14915674863234,
  "final_standard_pass_rate": 89.73388671875,
  "final_R_safe": 86.84385642149763,
  "final_R_unsafe": 91.58018455075145,
  "harmonic_improvement": 3.622935363065892,
  "standard_improvement": 3.19061279296875,
  "num_iterations": 12,
  "iteration_results": [
    {
      "iteration": 1,
      "phase": 1,
      "max_depth": 10,
      "loss": 0.3235553503036499,
      "HarmonicMeanPassRate": 49.539570103822726,
      "R_safe": 42.261103633916555,
      "R_unsafe": 59.84674329501915,
      "standard_pass_rate": 53.466796875,
      "f_h_positive": 57,
      "f_safe_violation": 0,
      "f_depth": 858,
      "f_unsafe_split": 0,
      "definitive_fail": 57,
      "top_n_used": 500,
      "repair_type": "Phase1_Definitive"
    },
    {
      "iteration": 2,
      "phase": 1,
      "max_depth": 10,
      "loss": 0.5530381202697754,
      "HarmonicMeanPassRate": 49.02701132733082,
      "R_safe": 40.0,
      "R_unsafe": 63.315828957239304,
      "standard_pass_rate": 55.17578125,
      "f_h_positive": 42,
      "f_safe_violation": 0,
      "f_depth": 858,
      "f_unsafe_split": 0,
      "definitive_fail": 42,
      "top_n_used": 233,
      "repair_type": "Phase1_Definitive"
    },
    {
      "iteration": 3,
      "phase": 1,
      "max_depth": 10,
      "loss": 0.48552900552749634,
      "HarmonicMeanPassRate": 46.66515510232061,
      "R_safe": 36.3901018922853,
      "R_unsafe": 65.02571638501102,
      "standard_pass_rate": 55.419921875,
      "f_h_positive": 34,
      "f_safe_violation": 0,
      "f_depth": 874,
      "f_unsafe_split": 0,
      "definitive_fail": 34,
      "top_n_used": 214,
      "repair_type": "Phase1_Definitive"
    },
    {
      "iteration": 4,
      "phase": 1,
      "max_depth": 10,
      "loss": 0.3661607801914215,
      "HarmonicMeanPassRate": 45.329737195579575,
      "R_safe": 33.91634980988593,
      "R_unsafe": 68.32074793239842,
      "standard_pass_rate": 57.275390625,
      "f_h_positive": 5,
      "f_safe_violation": 0,
      "f_depth": 869,
      "f_unsafe_split": 0,
      "definitive_fail": 5,
      "top_n_used": 188,
      "repair_type": "Phase1_Definitive"
    },
    {
      "iteration": 5,
      "phase": 1,
      "max_depth": 10,
      "loss": 0.32576853036880493,
      "HarmonicMeanPassRate": 44.62890112772096,
      "R_safe": 32.69230769230769,
      "R_unsafe": 70.29494382022472,
      "standard_pass_rate": 58.837890625,
      "f_h_positive": 2,
      "f_safe_violation": 0,
      "f_depth": 840,
      "f_unsafe_split": 0,
      "definitive_fail": 2,
      "top_n_used": 163,
      "repair_type": "Phase1_Definitive"
    },
    {
      "iteration": 6,
      "phase": 1,
      "max_depth": 10,
      "loss": 0.28619009256362915,
      "HarmonicMeanPassRate": 44.92761846317243,
      "R_safe": 32.57766582703611,
      "R_unsafe": 72.35800344234079,
      "standard_pass_rate": 60.791015625,
      "f_h_positive": 0,
      "f_safe_violation": 0,
      "f_depth": 803,
      "f_unsafe_split": 0,
      "definitive_fail": 0,
      "top_n_used": 151,
      "repair_type": "Phase1_Definitive"
    },
    {
      "iteration": 7,
      "phase": 1,
      "max_depth": 10,
      "loss": 0.28619009256362915,
      "HarmonicMeanPassRate": 44.92761846317243,
      "R_safe": 32.57766582703611,
      "R_unsafe": 72.35800344234079,
      "standard_pass_rate": 60.791015625,
      "f_h_positive": 0,
      "f_safe_violation": 0,
      "f_depth": 803,
      "f_unsafe_split": 0,
      "definitive_fail": 0,
      "top_n_used": 151,
      "repair_type": "Phase1_Definitive"
    },
    {
      "iteration": 8,
      "phase": 2,
      "max_depth": 12,
      "loss": 0.19338133326270773,
      "HarmonicMeanPassRate": 73.8208771089852,
      "R_safe": 66.61885980638222,
      "R_unsafe": 82.76883213029798,
      "standard_pass_rate": 77.2705078125,
      "f_h_positive": 0,
      "f_safe_violation": 0,
      "f_depth": 1862,
      "f_unsafe_split": 0,
      "definitive_fail": 0,
      "top_n_used": 145,
      "repair_type": "Phase2_All"
    },
    {
      "iteration": 9,
      "phase": 2,
      "max_depth": 15,
      "loss": 0.29723622975694136,
      "HarmonicMeanPassRate": 89.06060827127787,
      "R_safe": 86.73557278208442,
      "R_unsafe": 91.51372705905885,
      "standard_pass_rate": 89.6514892578125,
      "f_h_positive": 4,
      "f_safe_violation": 0,
      "f_depth": 6776,
      "f_unsafe_split": 0,
      "definitive_fail": 4,
      "top_n_used": 500,
      "repair_type": "Phase2_All"
    },
    {
      "iteration": 10,
      "phase": 2,
      "max_depth": 15,
      "loss": 0.6046536968477004,
      "HarmonicMeanPassRate": 89.08163336087969,
      "R_safe": 86.76076189730438,
      "R_unsafe": 91.53008538674068,
      "standard_pass_rate": 89.67132568359375,
      "f_h_positive": 4,
      "f_safe_violation": 0,
      "f_depth": 6763,
      "f_unsafe_split": 0,
      "definitive_fail": 4,
      "top_n_used": 500,
      "repair_type": "Phase2_All"
    },
    {
      "iteration": 11,
      "phase": 2,
      "max_depth": 15,
      "loss": 0.6078911598930713,
      "HarmonicMeanPassRate": 89.11735955434891,
      "R_safe": 86.80382906250613,
      "R_unsafe": 91.55758916851067,
      "standard_pass_rate": 89.70489501953125,
      "f_h_positive": 4,
      "f_safe_violation": 0,
      "f_depth": 6741,
      "f_unsafe_split": 0,
      "definitive_fail": 4,
      "top_n_used": 500,
      "repair_type": "Phase2_All"
    },
    {
      "iteration": 12,
      "phase": 2,
      "max_depth": 15,
      "loss": 0.6109856721820601,
      "HarmonicMeanPassRate": 89.14915674863234,
      "R_safe": 86.84385642149763,
      "R_unsafe": 91.58018455075145,
      "standard_pass_rate": 89.73388671875,
      "f_h_positive": 4,
      "f_safe_violation": 0,
      "f_depth": 6722,
      "f_unsafe_split": 0,
      "definitive_fail": 4,
      "top_n_used": 500,
      "repair_type": "Phase2_All"
    }
  ],
  "timestamp": "2026-04-15 12:09:23"
}