{
  "system": "barr2",
  "activation": "Sigmoid",
  "method": "Harmonic Mean CBF Pass Rate (v9, Top-N V_unsafe)",
  "rs_n": 50,
  "rs_sigma": 0.001,
  "top_n_protect": 500,
  "max_depth_start": 10,
  "max_depth_limit": 15,
  "depth_schedule": [
    10,
    12,
    15
  ],
  "num_inner_steps": 1,
  "lr": 0.005,
  "target_pass_rate": 100.0,
  "plateau_threshold": 0.5,
  "max_stagnant_iterations": 5,
  "max_total_iterations": 30,
  "original_max_depth_harmonic": 81.73413555695582,
  "original_max_depth_standard": 91.754150390625,
  "original_max_depth_R_safe": 99.97192033695596,
  "original_max_depth_R_unsafe": 69.12392244465447,
  "final_harmonic_pass_rate": 84.70804802454059,
  "final_standard_pass_rate": 92.578125,
  "final_R_safe": 99.73100201748487,
  "final_R_unsafe": 73.61853832442068,
  "harmonic_improvement": 2.9739124675847677,
  "standard_improvement": 0.823974609375,
  "num_iterations": 30,
  "iteration_results": [
    {
      "iteration": 1,
      "phase": 1,
      "max_depth": 10,
      "loss": 0.8860262632369995,
      "HarmonicMeanPassRate": 80.76303665348394,
      "R_safe": 99.53395472703063,
      "R_unsafe": 67.94871794871796,
      "standard_pass_rate": 91.11328125,
      "f_h_positive": 12,
      "f_safe_violation": 0,
      "f_depth": 14,
      "f_unsafe_split": 0,
      "definitive_fail": 12,
      "top_n_used": 239,
      "repair_type": "Phase1_Definitive"
    },
    {
      "iteration": 2,
      "phase": 1,
      "max_depth": 10,
      "loss": 0.9457752108573914,
      "HarmonicMeanPassRate": 80.76303665348394,
      "R_safe": 99.53395472703063,
      "R_unsafe": 67.94871794871796,
      "standard_pass_rate": 91.11328125,
      "f_h_positive": 12,
      "f_safe_violation": 0,
      "f_depth": 14,
      "f_unsafe_split": 0,
      "definitive_fail": 12,
      "top_n_used": 209,
      "repair_type": "Phase1_Definitive"
    },
    {
      "iteration": 3,
      "phase": 1,
      "max_depth": 10,
      "loss": 0.9412546157836914,
      "HarmonicMeanPassRate": 80.76303665348394,
      "R_safe": 99.53395472703063,
      "R_unsafe": 67.94871794871796,
      "standard_pass_rate": 91.11328125,
      "f_h_positive": 12,
      "f_safe_violation": 0,
      "f_depth": 14,
      "f_unsafe_split": 0,
      "definitive_fail": 12,
      "top_n_used": 210,
      "repair_type": "Phase1_Definitive"
    },
    {
      "iteration": 4,
      "phase": 1,
      "max_depth": 10,
      "loss": 0.9367169737815857,
      "HarmonicMeanPassRate": 80.92705167173251,
      "R_safe": 99.53271028037383,
      "R_unsafe": 68.18181818181817,
      "standard_pass_rate": 91.11328125,
      "f_h_positive": 12,
      "f_safe_violation": 0,
      "f_depth": 14,
      "f_unsafe_split": 0,
      "definitive_fail": 12,
      "top_n_used": 210,
      "repair_type": "Phase1_Definitive"
    },
    {
      "iteration": 5,
      "phase": 1,
      "max_depth": 10,
      "loss": 0.9322311282157898,
      "HarmonicMeanPassRate": 80.92705167173251,
      "R_safe": 99.53271028037383,
      "R_unsafe": 68.18181818181817,
      "standard_pass_rate": 91.11328125,
      "f_h_positive": 12,
      "f_safe_violation": 0,
      "f_depth": 14,
      "f_unsafe_split": 0,
      "definitive_fail": 12,
      "top_n_used": 211,
      "repair_type": "Phase1_Definitive"
    },
    {
      "iteration": 6,
      "phase": 1,
      "max_depth": 10,
      "loss": 0.9277140498161316,
      "HarmonicMeanPassRate": 80.92705167173251,
      "R_safe": 99.53271028037383,
      "R_unsafe": 68.18181818181817,
      "standard_pass_rate": 91.11328125,
      "f_h_positive": 12,
      "f_safe_violation": 0,
      "f_depth": 14,
      "f_unsafe_split": 0,
      "definitive_fail": 12,
      "top_n_used": 212,
      "repair_type": "Phase1_Definitive"
    },
    {
      "iteration": 7,
      "phase": 1,
      "max_depth": 10,
      "loss": 0.923167884349823,
      "HarmonicMeanPassRate": 81.212222079327,
      "R_safe": 99.63247577681257,
      "R_unsafe": 68.5403445149592,
      "standard_pass_rate": 91.259765625,
      "f_h_positive": 12,
      "f_safe_violation": 0,
      "f_depth": 11,
      "f_unsafe_split": 0,
      "definitive_fail": 12,
      "top_n_used": 212,
      "repair_type": "Phase1_Definitive"
    },
    {
      "iteration": 8,
      "phase": 1,
      "max_depth": 10,
      "loss": 0.9186407327651978,
      "HarmonicMeanPassRate": 81.212222079327,
      "R_safe": 99.63247577681257,
      "R_unsafe": 68.5403445149592,
      "standard_pass_rate": 91.259765625,
      "f_h_positive": 12,
      "f_safe_violation": 0,
      "f_depth": 11,
      "f_unsafe_split": 0,
      "definitive_fail": 12,
      "top_n_used": 212,
      "repair_type": "Phase1_Definitive"
    },
    {
      "iteration": 9,
      "phase": 1,
      "max_depth": 10,
      "loss": 0.9141408205032349,
      "HarmonicMeanPassRate": 81.212222079327,
      "R_safe": 99.63247577681257,
      "R_unsafe": 68.5403445149592,
      "standard_pass_rate": 91.259765625,
      "f_h_positive": 12,
      "f_safe_violation": 0,
      "f_depth": 11,
      "f_unsafe_split": 0,
      "definitive_fail": 12,
      "top_n_used": 214,
      "repair_type": "Phase1_Definitive"
    },
    {
      "iteration": 10,
      "phase": 1,
      "max_depth": 10,
      "loss": 0.9096286296844482,
      "HarmonicMeanPassRate": 81.3068338781712,
      "R_safe": 99.66577540106952,
      "R_unsafe": 68.65942028985508,
      "standard_pass_rate": 91.30859375,
      "f_h_positive": 12,
      "f_safe_violation": 0,
      "f_depth": 10,
      "f_unsafe_split": 0,
      "definitive_fail": 12,
      "top_n_used": 215,
      "repair_type": "Phase1_Definitive"
    },
    {
      "iteration": 11,
      "phase": 1,
      "max_depth": 10,
      "loss": 0.9051072001457214,
      "HarmonicMeanPassRate": 81.3068338781712,
      "R_safe": 99.66577540106952,
      "R_unsafe": 68.65942028985508,
      "standard_pass_rate": 91.30859375,
      "f_h_positive": 12,
      "f_safe_violation": 0,
      "f_depth": 10,
      "f_unsafe_split": 0,
      "definitive_fail": 12,
      "top_n_used": 216,
      "repair_type": "Phase1_Definitive"
    },
    {
      "iteration": 12,
      "phase": 1,
      "max_depth": 10,
      "loss": 0.9005926847457886,
      "HarmonicMeanPassRate": 81.3068338781712,
      "R_safe": 99.66577540106952,
      "R_unsafe": 68.65942028985508,
      "standard_pass_rate": 91.30859375,
      "f_h_positive": 12,
      "f_safe_violation": 0,
      "f_depth": 10,
      "f_unsafe_split": 0,
      "definitive_fail": 12,
      "top_n_used": 219,
      "repair_type": "Phase1_Definitive"
    },
    {
      "iteration": 13,
      "phase": 1,
      "max_depth": 10,
      "loss": 0.8960698843002319,
      "HarmonicMeanPassRate": 81.3068338781712,
      "R_safe": 99.66577540106952,
      "R_unsafe": 68.65942028985508,
      "standard_pass_rate": 91.30859375,
      "f_h_positive": 12,
      "f_safe_violation": 0,
      "f_depth": 10,
      "f_unsafe_split": 0,
      "definitive_fail": 12,
      "top_n_used": 219,
      "repair_type": "Phase1_Definitive"
    },
    {
      "iteration": 14,
      "phase": 1,
      "max_depth": 10,
      "loss": 0.8915576934814453,
      "HarmonicMeanPassRate": 82.10528667554811,
      "R_safe": 99.70069837046891,
      "R_unsafe": 69.78879706152433,
      "standard_pass_rate": 91.748046875,
      "f_h_positive": 12,
      "f_safe_violation": 0,
      "f_depth": 9,
      "f_unsafe_split": 0,
      "definitive_fail": 12,
      "top_n_used": 221,
      "repair_type": "Phase1_Definitive"
    },
    {
      "iteration": 15,
      "phase": 1,
      "max_depth": 10,
      "loss": 0.8802785277366638,
      "HarmonicMeanPassRate": 82.10528667554811,
      "R_safe": 99.70069837046891,
      "R_unsafe": 69.78879706152433,
      "standard_pass_rate": 91.748046875,
      "f_h_positive": 12,
      "f_safe_violation": 0,
      "f_depth": 9,
      "f_unsafe_split": 0,
      "definitive_fail": 12,
      "top_n_used": 222,