{
  "system": "barr1",
  "activation": "Tanh",
  "method": "Harmonic Mean CBF Pass Rate (v8)",
  "rs_n": 50,
  "rs_sigma": 0.001,
  "top_n_protect": 500,
  "max_depth_start": 10,
  "max_depth_limit": 15,
  "depth_schedule": [
    10,
    12,
    15
  ],
  "num_inner_steps": 5,
  "lr": 0.005,
  "target_pass_rate": 100.0,
  "plateau_threshold": 0.5,
  "max_stagnant_iterations": 5,
  "max_total_iterations": 30,
  "original_max_depth_harmonic": 95.29486622370416,
  "original_max_depth_standard": 95.1080322265625,
  "original_max_depth_R_safe": 99.72546787639358,
  "original_max_depth_R_unsafe": 91.24120335323968,
  "final_harmonic_pass_rate": 96.76487727429968,
  "final_standard_pass_rate": 96.57745361328125,
  "final_R_safe": 98.44123016430277,
  "final_R_unsafe": 95.14466155673108,
  "harmonic_improvement": 1.4700110505955166,
  "standard_improvement": 1.46942138671875,
  "num_iterations": 12,
  "initial_regions": {
    "V_safe": 1897,
    "V_unsafe": 656
  },
  "iteration_results": [
    {
      "iteration": 1,
      "phase": 1,
      "max_depth": 10,
      "loss": 0.4510643482208252,
      "update_norm": 0.9951517581939697,
      "HarmonicMeanPassRate": 69.95145981264106,
      "R_safe": 64.98980285520054,
      "R_unsafe": 75.73333333333333,
      "standard_pass_rate": 71.875,
      "f_h_positive": 44,
      "f_safe_violation": 0,
      "f_depth": 515,
      "f_unsafe_split": 0,
      "volumes": {
        "V_safe": 3.734375,
        "V_unsafe": 7.765625,
        "F_h": 0.4765625,
        "F_safe_violation": 0.0,
        "F_depth": 4.0234375,
        "F_unsafe_split": 0.0,
        "total_uncertain": 4.0234375,
        "uncertain_half": 2.01171875
      },
      "definitive_fail": 44,
      "uncertain_fail": 515,
      "top_n_used": 500,
      "improvement": 292,
      "repair_type": "Phase1_Definitive"
    },
    {
      "iteration": 2,
      "phase": 1,
      "max_depth": 10,
      "loss": 0.5929322242736816,
      "update_norm": 0.9984331130981445,
      "HarmonicMeanPassRate": 69.68763533757347,
      "R_safe": 64.25648021828103,
      "R_unsafe": 76.12167300380229,
      "standard_pass_rate": 71.875,
      "f_h_positive": 46,
      "f_safe_violation": 0,
      "f_depth": 524,
      "f_unsafe_split": 0,
      "volumes": {
        "V_safe": 3.6796875,
        "V_unsafe": 7.8203125,
        "F_h": 0.40625,
        "F_safe_violation": 0.0,
        "F_depth": 4.09375,
        "F_unsafe_split": 0.0,
        "total_uncertain": 4.09375,
        "uncertain_half": 2.046875
      },
      "definitive_fail": 46,
      "uncertain_fail": 524,
      "top_n_used": 388,
      "improvement": -2,
      "repair_type": "Phase1_Definitive"
    },
    {
      "iteration": 3,
      "phase": 1,
      "max_depth": 10,
      "loss": 0.4216565787792206,
      "update_norm": 0.9983578324317932,
      "HarmonicMeanPassRate": 69.88438460412702,
      "R_safe": 63.51351351351351,
      "R_unsafe": 77.67584097859327,
      "standard_pass_rate": 72.55859375,
      "f_h_positive": 22,
      "f_safe_violation": 0,
      "f_depth": 540,
      "f_unsafe_split": 0,
      "volumes": {
        "V_safe": 3.671875,
        "V_unsafe": 7.9375,
        "F_h": 0.171875,
        "F_safe_violation": 0.0,
        "F_depth": 4.21875,
        "F_unsafe_split": 0.0,
        "total_uncertain": 4.21875,
        "uncertain_half": 2.109375
      },
      "definitive_fail": 22,
      "uncertain_fail": 540,
      "top_n_used": 381,
      "improvement": 24,
      "repair_type": "Phase1_Definitive"
    },
    {
      "iteration": 4,
      "phase": 1,
      "max_depth": 10,
      "loss": 0.2831796705722809,
      "update_norm": 0.9962267875671387,
      "HarmonicMeanPassRate": 70.38502372543496,
      "R_safe": 63.45381526104418,
      "R_unsafe": 79.01614142966949,
      "standard_pass_rate": 73.33984375,
      "f_h_positive": 0,
      "f_safe_violation": 0,
      "f_depth": 546,
      "f_unsafe_split": 0,
      "volumes": {
        "V_safe": 3.703125,
        "V_unsafe": 8.03125,
        "F_h": 0.0,
        "F_safe_violation": 0.0,
        "F_depth": 4.265625,
        "F_unsafe_split": 0.0,
        "total_uncertain": 4.265625,
        "uncertain_half": 2.1328125
      },
      "definitive_fail": 0,
      "uncertain_fail": 546,
      "top_n_used": 380,
      "improvement": 22,
      "repair_type": "Phase1_Definitive"
    },
    {
      "iteration": 5,
      "phase": 1,
      "max_depth": 10,
      "loss": 0.2831796705722809,
      "update_norm": 0.9962267875671387,
      "HarmonicMeanPassRate": 70.38502372543496,
      "R_safe": 63.45381526104418,
      "R_unsafe": 79.01614142966949,
      "standard_pass_rate": 73.33984375,
      "f_h_positive": 0,
      "f_safe_violation": 0,
      "f_depth": 546,
      "f_unsafe_split": 0,
      "volumes": {
        "V_safe": 3.703125,
        "V_unsafe": 8.03125,
        "F_h": 0.0,
        "F_safe_violation": 0.0,
        "F_depth": 4.265625,
        "F_unsafe_split": 0.0,
        "total_uncertain": 4.265625,
        "uncertain_half": 2.1328125
      },
      "definitive_fail": 0,
      "uncertain_fail": 546,
      "top_n_used": 380,
      "improvement": 0,
      "repair_type": "Phase1_Definitive"
    },
    {
      "iteration": 6,
      "phase": 2,
      "max_depth": 12,
      "loss": 0.029145327570674184,
      "update_norm": 0.9991558194160461,
      "HarmonicMeanPassRate": 92.73651051762376,
      "R_safe": 93.37126600284495,
      "R_unsafe": 92.11032713277743,
      "standard_pass_rate": 92.6513671875,
      "f_h_positive": 125,
      "f_safe_violation": 0,
      "f_depth": 466,
      "f_unsafe_split": 0,
      "volumes": {
        "V_safe": 6.41015625,
        "V_unsafe": 8.4140625,
        "F_h": 0.265625,
        "F_safe_violation": 0.0,
        "F_depth": 0.91015625,
        "F_unsafe_split": 0.0,
        "total_uncertain": 0.91015625,
        "uncertain_half": 0.455078125
      },
      "definitive_fail": 125,
      "uncertain_fail": 466,
      "top_n_used": 383,
      "improvement": -125,
      "repair_type": "Phase2_All"
    },
    {
      "iteration": 7,
      "phase": 2,
      "max_depth": 15,
      "loss": 0.09983172649659482,
      "update_norm": 0.9973104000091553,
      "HarmonicMeanPassRate": 96.4480021828243,
      "R_safe": 98.69882576959695,
      "R_unsafe": 94.29754956021196,
      "standard_pass_rate": 96.20208740234375,
      "f_h_positive": 516,
      "f_safe_violation": 0,
      "f_depth": 738,
      "f_unsafe_split": 0,
      "volumes": {
        "V_safe": 6.83349609375,
        "V_unsafe": 8.558837890625,
        "F_h": 0.427490234375,
        "F_safe_violation": 0.0,
        "F_depth": 0.18017578125,
        "F_unsafe_split": 0.0,
        "total_uncertain": 0.18017578125,
        "uncertain_half": 0.090087890625
      },
      "definitive_fail": 516,
      "uncertain_fail": 738,
      "top_n_used": 500,
      "improvement": -391,
      "repair_type": "Phase2_All"
    },
    {
      "iteration": 8,
      "phase": 2,
      "max_depth": 15,
      "loss": 0.17007809763319753,
      "update_norm": 0.9979977011680603,
      "HarmonicMeanPassRate": 96.60657559909762,
      "R_safe": 98.54699800982758,
      "R_unsafe": 94.7410927005236,
      "standard_pass_rate": 96.3897705078125,
      "f_h_positive": 509,
      "f_safe_violation": 0,
      "f_depth": 825,
      "f_unsafe_split": 0,
      "volumes": {
        "V_safe": 6.830322265625,
        "V_unsafe": 8.592041015625,
        "F_h": 0.376220703125,
        "F_safe_violation": 0.0,
        "F_depth": 0.201416015625,
        "F_unsafe_split": 0.0,
        "total_uncertain": 0.201416015625,
        "uncertain_half": 0.1007080078125
      },
      "definitive_fail": 509,
      "uncertain_fail": 825,
      "top_n_used": 500,
      "improvement": 7,
      "repair_type": "Phase2_All"
    },
    {
      "iteration": 9,
      "phase": 2,
      "max_depth": 15,
      "loss": 0.16687751018527386,
      "update_norm": 0.9991747736930847,
      "HarmonicMeanPassRate": 96.43042984685285,