{
  "system": "barr3",
  "activation": "Sigmoid",
  "method": "Harmonic Mean CBF Pass Rate (v8)",
  "rs_n": 50,
  "rs_sigma": 0.001,
  "top_n_protect": 500,
  "max_depth_start": 10,
  "max_depth_limit": 15,
  "depth_schedule": [
    10,
    12,
    15
  ],
  "num_inner_steps": 5,
  "lr": 0.005,
  "target_pass_rate": 100.0,
  "plateau_threshold": 0.5,
  "max_stagnant_iterations": 5,
  "max_total_iterations": 30,
  "original_max_depth_harmonic": 81.0724555012174,
  "original_max_depth_standard": 89.07623291015625,
  "original_max_depth_R_safe": 99.88762873460686,
  "original_max_depth_R_unsafe": 68.22193917454359,
  "final_harmonic_pass_rate": 91.94467686939912,
  "final_standard_pass_rate": 91.84722900390625,
  "final_R_safe": 92.99152296645005,
  "final_R_unsafe": 90.92113799815027,
  "harmonic_improvement": 10.872221368181712,
  "standard_improvement": 2.77099609375,
  "num_iterations": 16,
  "initial_regions": {
    "V_safe": 801,
    "V_unsafe": 479
  },
  "iteration_results": [
    {
      "iteration": 1,
      "phase": 1,
      "max_depth": 10,
      "loss": 0.30678024888038635,
      "update_norm": 0.994644820690155,
      "HarmonicMeanPassRate": 83.0738577539898,
      "R_safe": 98.84715507623652,
      "R_unsafe": 71.64179104477611,
      "standard_pass_rate": 89.501953125,
      "f_h_positive": 27,
      "f_safe_violation": 0,
      "f_depth": 31,
      "f_unsafe_split": 0,
      "volumes": {
        "V_safe": 10.707275390625,
        "V_unsafe": 4.060546875,
        "F_h": 1.482421875,
        "F_safe_violation": 0.0,
        "F_depth": 0.249755859375,
        "F_unsafe_split": 0.0,
        "total_uncertain": 0.249755859375,
        "uncertain_half": 0.1248779296875
      },
      "definitive_fail": 27,
      "uncertain_fail": 31,
      "top_n_used": 309,
      "improvement": 174,
      "repair_type": "Phase1_Definitive"
    },
    {
      "iteration": 2,
      "phase": 1,
      "max_depth": 10,
      "loss": 0.6746623516082764,
      "update_norm": 0.9966866374015808,
      "HarmonicMeanPassRate": 85.28557198275696,
      "R_safe": 99.04834411876665,
      "R_unsafe": 74.88087134104833,
      "standard_pass_rate": 90.380859375,
      "f_h_positive": 26,
      "f_safe_violation": 0,
      "f_depth": 25,
      "f_unsafe_split": 0,
      "volumes": {
        "V_safe": 10.481689453125,
        "V_unsafe": 4.43115234375,
        "F_h": 1.3857421875,
        "F_safe_violation": 0.0,
        "F_depth": 0.201416015625,
        "F_unsafe_split": 0.0,
        "total_uncertain": 0.201416015625,
        "uncertain_half": 0.1007080078125
      },
      "definitive_fail": 26,
      "uncertain_fail": 25,
      "top_n_used": 338,
      "improvement": 1,
      "repair_type": "Phase1_Definitive"
    },
    {
      "iteration": 3,
      "phase": 1,
      "max_depth": 10,
      "loss": 0.6146314740180969,
      "update_norm": 0.9953839778900146,
      "HarmonicMeanPassRate": 86.48711442527436,
      "R_safe": 98.40404826780849,
      "R_unsafe": 77.14472822527833,
      "standard_pass_rate": 90.478515625,
      "f_h_positive": 20,
      "f_safe_violation": 0,
      "f_depth": 41,
      "f_unsafe_split": 0,
      "volumes": {
        "V_safe": 10.18359375,
        "V_unsafe": 4.745361328125,
        "F_h": 1.24072265625,
        "F_safe_violation": 0.0,
        "F_depth": 0.330322265625,
        "F_unsafe_split": 0.0,
        "total_uncertain": 0.330322265625,
        "uncertain_half": 0.1651611328125
      },
      "definitive_fail": 20,
      "uncertain_fail": 41,
      "top_n_used": 356,
      "improvement": 6,
      "repair_type": "Phase1_Definitive"
    },
    {
      "iteration": 4,
      "phase": 1,
      "max_depth": 10,
      "loss": 0.633350133895874,
      "update_norm": 0.9923078417778015,
      "HarmonicMeanPassRate": 85.47177987557384,
      "R_safe": 96.59696596965969,
      "R_unsafe": 76.64453832226916,
      "standard_pass_rate": 88.525390625,
      "f_h_positive": 18,
      "f_safe_violation": 0,
      "f_depth": 83,
      "f_unsafe_split": 0,
      "volumes": {
        "V_safe": 9.49072265625,
        "V_unsafe": 5.115966796875,
        "F_h": 1.224609375,
        "F_safe_violation": 0.0,
        "F_depth": 0.668701171875,
        "F_unsafe_split": 0.0,
        "total_uncertain": 0.668701171875,
        "uncertain_half": 0.3343505859375
      },
      "definitive_fail": 18,
      "uncertain_fail": 83,
      "top_n_used": 394,
      "improvement": 2,
      "repair_type": "Phase1_Definitive"
    },
    {
      "iteration": 5,
      "phase": 1,
      "max_depth": 10,
      "loss": 0.5816383361816406,
      "update_norm": 0.9953734278678894,
      "HarmonicMeanPassRate": 86.22152039373839,
      "R_safe": 96.23539593249676,
      "R_unsafe": 78.0952380952381,
      "standard_pass_rate": 88.330078125,
      "f_h_positive": 22,
      "f_safe_violation": 0,
      "f_depth": 87,
      "f_unsafe_split": 0,
      "volumes": {
        "V_safe": 8.958984375,
        "V_unsafe": 5.615478515625,
        "F_h": 1.224609375,
        "F_safe_violation": 0.0,
        "F_depth": 0.700927734375,
        "F_unsafe_split": 0.0,
        "total_uncertain": 0.700927734375,
        "uncertain_half": 0.3504638671875
      },
      "definitive_fail": 22,
      "uncertain_fail": 87,
      "top_n_used": 358,
      "improvement": -4,
      "repair_type": "Phase1_Definitive"
    },
    {
      "iteration": 6,
      "phase": 1,
      "max_depth": 10,
      "loss": 0.47261548042297363,
      "update_norm": 0.9930334687232971,
      "HarmonicMeanPassRate": 86.24914955072818,
      "R_safe": 95.28089887640449,
      "R_unsafe": 78.78140032068413,
      "standard_pass_rate": 87.744140625,
      "f_h_positive": 26,
      "f_safe_violation": 0,
      "f_depth": 105,
      "f_unsafe_split": 0,
      "volumes": {
        "V_safe": 8.5400390625,
        "V_unsafe": 5.937744140625,
        "F_h": 1.17626953125,
        "F_safe_violation": 0.0,
        "F_depth": 0.845947265625,
        "F_unsafe_split": 0.0,
        "total_uncertain": 0.845947265625,
        "uncertain_half": 0.4229736328125
      },
      "definitive_fail": 26,
      "uncertain_fail": 105,
      "top_n_used": 367,
      "improvement": -4,
      "repair_type": "Phase1_Definitive"
    },
    {
      "iteration": 7,
      "phase": 1,
      "max_depth": 10,
      "loss": 0.37893545627593994,
      "update_norm": 0.9947130680084229,
      "HarmonicMeanPassRate": 85.94055710872321,
      "R_safe": 93.30188679245282,
      "R_unsafe": 79.65587044534414,
      "standard_pass_rate": 86.71875,
      "f_h_positive": 35,
      "f_safe_violation": 0,
      "f_depth": 142,
      "f_unsafe_split": 0,
      "volumes": {
        "V_safe": 7.968017578125,
        "V_unsafe": 6.340576171875,
        "F_h": 1.04736328125,
        "F_safe_violation": 0.0,
        "F_depth": 1.14404296875,
        "F_unsafe_split": 0.0,
        "total_uncertain": 1.14404296875,
        "uncertain_half": 0.572021484375
      },
      "definitive_fail": 35,
      "uncertain_fail": 142,
      "top_n_used": 370,
      "improvement": -9,
      "repair_type": "Phase1_Definitive"
    },
    {
      "iteration": 8,
      "phase": 1,
      "max_depth": 10,
      "loss": 0.2934334874153137,
      "update_norm": 0.9929026365280151,
      "HarmonicMeanPassRate": 85.72397784325385,
      "R_safe": 89.99502239920358,
      "R_unsafe": 81.83996166746526,
      "standard_pass_rate": 85.83984375,
      "f_h_positive": 38,
      "f_safe_violation": 0,
      "f_depth": 201,
      "f_unsafe_split": 0,
      "volumes": {
        "V_safe": 7.283203125,
        "V_unsafe": 6.88037109375,
        "F_h": 0.717041015625,
        "F_safe_violation": 0.0,
        "F_depth": 1.619384765625,
        "F_unsafe_split": 0.0,
        "total_uncertain": 1.619384765625,
        "uncertain_half": 0.8096923828125
      },
      "definitive_fail": 38,
      "uncertain_fail": 201,
      "top_n_used": 375,
      "improvement": -3,