{
  "system": "barr1",
  "activation": "Relu",
  "method": "Harmonic Mean CBF Pass Rate (v8)",
  "rs_n": 50,
  "rs_sigma": 0.001,
  "top_n_protect": 500,
  "max_depth_start": 10,
  "max_depth_limit": 15,
  "depth_schedule": [
    10,
    12,
    15
  ],
  "num_inner_steps": 5,
  "lr": 0.005,
  "target_pass_rate": 100.0,
  "plateau_threshold": 0.5,
  "max_stagnant_iterations": 5,
  "max_total_iterations": 30,
  "original_max_depth_harmonic": 85.52622138556644,
  "original_max_depth_standard": 86.54327392578125,
  "original_max_depth_R_safe": 94.87386417981827,
  "original_max_depth_R_unsafe": 77.85536159600997,
  "final_harmonic_pass_rate": 89.67855618184221,
  "final_standard_pass_rate": 90.01312255859375,
  "final_R_safe": 88.08204511730122,
  "final_R_unsafe": 91.33400999576016,
  "harmonic_improvement": 4.152334796275767,
  "standard_improvement": 3.4698486328125,
  "num_iterations": 12,
  "initial_regions": {
    "V_safe": 4948,
    "V_unsafe": 726
  },
  "iteration_results": [
    {
      "iteration": 1,
      "phase": 1,
      "max_depth": 10,
      "loss": 0.32359012961387634,
      "update_norm": 0.9946525692939758,
      "HarmonicMeanPassRate": 49.539570103822726,
      "R_safe": 42.261103633916555,
      "R_unsafe": 59.84674329501915,
      "standard_pass_rate": 53.466796875,
      "f_h_positive": 57,
      "f_safe_violation": 0,
      "f_depth": 858,
      "f_unsafe_split": 0,
      "volumes": {
        "V_safe": 2.453125,
        "V_unsafe": 6.1015625,
        "F_h": 0.7421875,
        "F_safe_violation": 0.0,
        "F_depth": 6.703125,
        "F_unsafe_split": 0.0,
        "total_uncertain": 6.703125,
        "uncertain_half": 3.3515625
      },
      "definitive_fail": 57,
      "uncertain_fail": 858,
      "top_n_used": 500,
      "improvement": 3604,
      "repair_type": "Phase1_Definitive"
    },
    {
      "iteration": 2,
      "phase": 1,
      "max_depth": 10,
      "loss": 0.5531952381134033,
      "update_norm": 0.995194137096405,
      "HarmonicMeanPassRate": 49.02701132733082,
      "R_safe": 40.0,
      "R_unsafe": 63.315828957239304,
      "standard_pass_rate": 55.17578125,
      "f_h_positive": 42,
      "f_safe_violation": 0,
      "f_depth": 858,
      "f_unsafe_split": 0,
      "volumes": {
        "V_safe": 2.234375,
        "V_unsafe": 6.59375,
        "F_h": 0.46875,
        "F_safe_violation": 0.0,
        "F_depth": 6.703125,
        "F_unsafe_split": 0.0,
        "total_uncertain": 6.703125,
        "uncertain_half": 3.3515625
      },
      "definitive_fail": 42,
      "uncertain_fail": 858,
      "top_n_used": 233,
      "improvement": 15,
      "repair_type": "Phase1_Definitive"
    },
    {
      "iteration": 3,
      "phase": 1,
      "max_depth": 10,
      "loss": 0.485914021730423,
      "update_norm": 0.994937539100647,
      "HarmonicMeanPassRate": 46.66515510232061,
      "R_safe": 36.3901018922853,
      "R_unsafe": 65.02571638501102,
      "standard_pass_rate": 55.419921875,
      "f_h_positive": 34,
      "f_safe_violation": 0,
      "f_depth": 874,
      "f_unsafe_split": 0,
      "volumes": {
        "V_safe": 1.953125,
        "V_unsafe": 6.9140625,
        "F_h": 0.3046875,
        "F_safe_violation": 0.0,
        "F_depth": 6.828125,
        "F_unsafe_split": 0.0,
        "total_uncertain": 6.828125,
        "uncertain_half": 3.4140625
      },
      "definitive_fail": 34,
      "uncertain_fail": 874,
      "top_n_used": 214,
      "improvement": 8,
      "repair_type": "Phase1_Definitive"
    },
    {
      "iteration": 4,
      "phase": 1,
      "max_depth": 10,
      "loss": 0.3670545220375061,
      "update_norm": 0.9932696223258972,
      "HarmonicMeanPassRate": 45.296293283904745,
      "R_safe": 33.890577507598785,
      "R_unsafe": 68.27338129496403,
      "standard_pass_rate": 57.2265625,
      "f_h_positive": 5,
      "f_safe_violation": 0,
      "f_depth": 870,
      "f_unsafe_split": 0,
      "volumes": {
        "V_safe": 1.7421875,
        "V_unsafe": 7.4140625,
        "F_h": 0.046875,
        "F_safe_violation": 0.0,
        "F_depth": 6.796875,
        "F_unsafe_split": 0.0,
        "total_uncertain": 6.796875,
        "uncertain_half": 3.3984375
      },
      "definitive_fail": 5,
      "uncertain_fail": 870,
      "top_n_used": 188,
      "improvement": 29,
      "repair_type": "Phase1_Definitive"
    },
    {
      "iteration": 5,
      "phase": 1,
      "max_depth": 10,
      "loss": 0.326974481344223,
      "update_norm": 0.9932684898376465,
      "HarmonicMeanPassRate": 44.62890112772096,
      "R_safe": 32.69230769230769,
      "R_unsafe": 70.29494382022472,
      "standard_pass_rate": 58.837890625,
      "f_h_positive": 2,
      "f_safe_violation": 0,
      "f_depth": 840,
      "f_unsafe_split": 0,
      "volumes": {
        "V_safe": 1.59375,
        "V_unsafe": 7.8203125,
        "F_h": 0.0234375,
        "F_safe_violation": 0.0,
        "F_depth": 6.5625,
        "F_unsafe_split": 0.0,
        "total_uncertain": 6.5625,
        "uncertain_half": 3.28125
      },
      "definitive_fail": 2,
      "uncertain_fail": 840,
      "top_n_used": 163,
      "improvement": 3,
      "repair_type": "Phase1_Definitive"
    },
    {
      "iteration": 6,
      "phase": 1,
      "max_depth": 10,
      "loss": 0.28769999742507935,
      "update_norm": 0.996114194393158,
      "HarmonicMeanPassRate": 44.89315561197503,
      "R_safe": 32.5503355704698,
      "R_unsafe": 72.31404958677686,
      "standard_pass_rate": 60.7421875,
      "f_h_positive": 0,
      "f_safe_violation": 0,
      "f_depth": 804,
      "f_unsafe_split": 0,
      "volumes": {
        "V_safe": 1.515625,
        "V_unsafe": 8.203125,
        "F_h": 0.0,
        "F_safe_violation": 0.0,
        "F_depth": 6.28125,
        "F_unsafe_split": 0.0,
        "total_uncertain": 6.28125,
        "uncertain_half": 3.140625
      },
      "definitive_fail": 0,
      "uncertain_fail": 804,
      "top_n_used": 151,
      "improvement": 2,
      "repair_type": "Phase1_Definitive"
    },
    {
      "iteration": 7,
      "phase": 1,
      "max_depth": 10,
      "loss": 0.28769999742507935,
      "update_norm": 0.996114194393158,
      "HarmonicMeanPassRate": 44.89315561197503,
      "R_safe": 32.5503355704698,
      "R_unsafe": 72.31404958677686,
      "standard_pass_rate": 60.7421875,
      "f_h_positive": 0,
      "f_safe_violation": 0,
      "f_depth": 804,
      "f_unsafe_split": 0,
      "volumes": {
        "V_safe": 1.515625,
        "V_unsafe": 8.203125,
        "F_h": 0.0,
        "F_safe_violation": 0.0,
        "F_depth": 6.28125,
        "F_unsafe_split": 0.0,
        "total_uncertain": 6.28125,
        "uncertain_half": 3.140625
      },
      "definitive_fail": 0,
      "uncertain_fail": 804,
      "top_n_used": 151,
      "improvement": 0,
      "repair_type": "Phase1_Definitive"
    },
    {
      "iteration": 8,
      "phase": 2,
      "max_depth": 12,
      "loss": 0.1663250146226341,
      "update_norm": 0.9980584383010864,
      "HarmonicMeanPassRate": 73.91888532905084,
      "R_safe": 66.94885361552029,
      "R_unsafe": 82.50886690311742,
      "standard_pass_rate": 77.1240234375,
      "f_h_positive": 0,
      "f_safe_violation": 0,
      "f_depth": 1874,
      "f_unsafe_split": 0,
      "volumes": {
        "V_safe": 3.70703125,
        "V_unsafe": 8.6328125,
        "F_h": 0.0,
        "F_safe_violation": 0.0,
        "F_depth": 3.66015625,
        "F_unsafe_split": 0.0,
        "total_uncertain": 3.66015625,
        "uncertain_half": 1.830078125
      },
      "definitive_fail": 0,
      "uncertain_fail": 1874,
      "top_n_used": 143,
      "improvement": 0,
      "repair_type": "Phase2_All"
    },
    {
      "iteration": 9,
      "phase": 2,
      "max_depth": 15,
      "loss": 0.23607037288844,
      "update_norm": 0.9961265921592712,
      "HarmonicMeanPassRate": 89.4920501809417,
      "R_safe": 87.51957227420279,
      "R_unsafe": 91.55548778938274,