{
  "system": "barr2",
  "activation": "Sigmoid",
  "method": "Harmonic Mean CBF Pass Rate (v8)",
  "rs_n": 50,
  "rs_sigma": 0.001,
  "top_n_protect": 500,
  "max_depth_start": 10,
  "max_depth_limit": 15,
  "depth_schedule": [
    10,
    12,
    15
  ],
  "num_inner_steps": 5,
  "lr": 0.005,
  "target_pass_rate": 100.0,
  "plateau_threshold": 0.5,
  "max_stagnant_iterations": 5,
  "max_total_iterations": 30,
  "original_max_depth_harmonic": 85.27824915465652,
  "original_max_depth_standard": 93.9849853515625,
  "original_max_depth_R_safe": 99.97212377045916,
  "original_max_depth_R_unsafe": 74.35026772887554,
  "final_harmonic_pass_rate": 92.74763749337808,
  "final_standard_pass_rate": 92.85888671875,
  "final_R_safe": 93.7855464241514,
  "final_R_unsafe": 91.73244983857063,
  "harmonic_improvement": 7.469388338721558,
  "standard_improvement": -1.1260986328125,
  "num_iterations": 14,
  "initial_regions": {
    "V_safe": 557,
    "V_unsafe": 495
  },
  "iteration_results": [
    {
      "iteration": 1,
      "phase": 1,
      "max_depth": 10,
      "loss": 0.5750274658203125,
      "update_norm": 0.9953750967979431,
      "HarmonicMeanPassRate": 87.39653645558901,
      "R_safe": 99.71144597627445,
      "R_unsafe": 77.78915046059366,
      "standard_pass_rate": 94.482421875,
      "f_h_positive": 8,
      "f_safe_violation": 0,
      "f_depth": 9,
      "f_unsafe_split": 0,
      "volumes": {
        "V_safe": 12.1484375,
        "V_unsafe": 2.96875,
        "F_h": 0.8125,
        "F_safe_violation": 0.0,
        "F_depth": 0.0703125,
        "F_unsafe_split": 0.0,
        "total_uncertain": 0.0703125,
        "uncertain_half": 0.03515625
      },
      "definitive_fail": 8,
      "uncertain_fail": 9,
      "top_n_used": 230,
      "improvement": 34,
      "repair_type": "Phase1_Definitive"
    },
    {
      "iteration": 2,
      "phase": 1,
      "max_depth": 10,
      "loss": 0.7286162376403809,
      "update_norm": 0.9952033162117004,
      "HarmonicMeanPassRate": 89.20271994288177,
      "R_safe": 99.8703823720026,
      "R_unsafe": 80.5940594059406,
      "standard_pass_rate": 95.1171875,
      "f_h_positive": 8,
      "f_safe_violation": 0,
      "f_depth": 4,
      "f_unsafe_split": 0,
      "volumes": {
        "V_safe": 12.0390625,
        "V_unsafe": 3.1796875,
        "F_h": 0.75,
        "F_safe_violation": 0.0,
        "F_depth": 0.03125,
        "F_unsafe_split": 0.0,
        "total_uncertain": 0.03125,
        "uncertain_half": 0.015625
      },
      "definitive_fail": 8,
      "uncertain_fail": 4,
      "top_n_used": 231,
      "improvement": 0,
      "repair_type": "Phase1_Definitive"
    },
    {
      "iteration": 3,
      "phase": 1,
      "max_depth": 10,
      "loss": 0.6180448532104492,
      "update_norm": 0.9941821694374084,
      "HarmonicMeanPassRate": 90.39242444414859,
      "R_safe": 99.86945169712794,
      "R_unsafe": 82.55813953488372,
      "standard_pass_rate": 95.5078125,
      "f_h_positive": 9,
      "f_safe_violation": 0,
      "f_depth": 4,
      "f_unsafe_split": 0,
      "volumes": {
        "V_safe": 11.953125,
        "V_unsafe": 3.328125,
        "F_h": 0.6875,
        "F_safe_violation": 0.0,
        "F_depth": 0.03125,
        "F_unsafe_split": 0.0,
        "total_uncertain": 0.03125,
        "uncertain_half": 0.015625
      },
      "definitive_fail": 9,
      "uncertain_fail": 4,
      "top_n_used": 261,
      "improvement": -1,
      "repair_type": "Phase1_Definitive"
    },
    {
      "iteration": 4,
      "phase": 1,
      "max_depth": 10,
      "loss": 0.5187512636184692,
      "update_norm": 0.9918649792671204,
      "HarmonicMeanPassRate": 91.32632116170244,
      "R_safe": 99.76966107272129,
      "R_unsafe": 84.20056764427626,
      "standard_pass_rate": 95.751953125,
      "f_h_positive": 11,
      "f_safe_violation": 0,
      "f_depth": 7,
      "f_unsafe_split": 0,
      "volumes": {
        "V_safe": 11.84375,
        "V_unsafe": 3.4765625,
        "F_h": 0.625,
        "F_safe_violation": 0.0,
        "F_depth": 0.0546875,
        "F_unsafe_split": 0.0,
        "total_uncertain": 0.0546875,
        "uncertain_half": 0.02734375
      },
      "definitive_fail": 11,
      "uncertain_fail": 7,
      "top_n_used": 296,
      "improvement": -2,
      "repair_type": "Phase1_Definitive"
    },
    {
      "iteration": 5,
      "phase": 1,
      "max_depth": 10,
      "loss": 0.41572579741477966,
      "update_norm": 0.9945996999740601,
      "HarmonicMeanPassRate": 90.78778413111043,
      "R_safe": 98.78869448183042,
      "R_unsafe": 83.98576512455516,
      "standard_pass_rate": 94.7265625,
      "f_h_positive": 15,
      "f_safe_violation": 0,
      "f_depth": 36,
      "f_unsafe_split": 0,
      "volumes": {
        "V_safe": 11.46875,
        "V_unsafe": 3.6875,
        "F_h": 0.5625,
        "F_safe_violation": 0.0,
        "F_depth": 0.28125,
        "F_unsafe_split": 0.0,
        "total_uncertain": 0.28125,
        "uncertain_half": 0.140625
      },
      "definitive_fail": 15,
      "uncertain_fail": 36,
      "top_n_used": 337,
      "improvement": -4,
      "repair_type": "Phase1_Definitive"
    },
    {
      "iteration": 6,
      "phase": 1,
      "max_depth": 10,
      "loss": 0.3150584399700165,
      "update_norm": 0.9954370856285095,
      "HarmonicMeanPassRate": 86.67001094491063,
      "R_safe": 94.5945945945946,
      "R_unsafe": 79.97054491899853,
      "standard_pass_rate": 89.74609375,
      "f_h_positive": 25,
      "f_safe_violation": 0,
      "f_depth": 148,
      "f_unsafe_split": 0,
      "volumes": {
        "V_safe": 10.1171875,
        "V_unsafe": 4.2421875,
        "F_h": 0.484375,
        "F_safe_violation": 0.0,
        "F_depth": 1.15625,
        "F_unsafe_split": 0.0,
        "total_uncertain": 1.15625,
        "uncertain_half": 0.578125
      },
      "definitive_fail": 25,
      "uncertain_fail": 148,
      "top_n_used": 366,
      "improvement": -10,
      "repair_type": "Phase1_Definitive"
    },
    {
      "iteration": 7,
      "phase": 1,
      "max_depth": 10,
      "loss": 0.22551123797893524,
      "update_norm": 0.9942054748535156,
      "HarmonicMeanPassRate": 86.03621808152961,
      "R_safe": 88.8982338099243,
      "R_unsafe": 83.35273573923166,
      "standard_pass_rate": 86.572265625,
      "f_h_positive": 10,
      "f_safe_violation": 0,
      "f_depth": 264,
      "f_unsafe_split": 0,
      "volumes": {
        "V_safe": 8.2578125,
        "V_unsafe": 5.59375,
        "F_h": 0.0859375,
        "F_safe_violation": 0.0,
        "F_depth": 2.0625,
        "F_unsafe_split": 0.0,
        "total_uncertain": 2.0625,
        "uncertain_half": 1.03125
      },
      "definitive_fail": 10,
      "uncertain_fail": 264,
      "top_n_used": 359,
      "improvement": 15,
      "repair_type": "Phase1_Definitive"
    },
    {
      "iteration": 8,
      "phase": 1,
      "max_depth": 10,
      "loss": 0.18010737001895905,
      "update_norm": 0.9935358166694641,
      "HarmonicMeanPassRate": 88.62252959482113,
      "R_safe": 88.69480834546337,
      "R_unsafe": 88.55036855036855,
      "standard_pass_rate": 88.623046875,
      "f_h_positive": 0,
      "f_safe_violation": 0,
      "f_depth": 233,
      "f_unsafe_split": 0,
      "volumes": {
        "V_safe": 7.140625,
        "V_unsafe": 7.0390625,
        "F_h": 0.0,
        "F_safe_violation": 0.0,
        "F_depth": 1.8203125,
        "F_unsafe_split": 0.0,
        "total_uncertain": 1.8203125,
        "uncertain_half": 0.91015625
      },
      "definitive_fail": 0,
      "uncertain_fail": 233,
      "top_n_used": 271,
      "improvement": 10,
      "repair_type": "Phase1_Definitive"
    },
    {
      "iteration": 9,
      "phase": 1,
      "max_depth": 10,
      "loss": 0.18010737001895905,
      "update_norm": 0.9935358166694641,
      "HarmonicMeanPassRate": 88.62252959482113,
      "R_safe": 88.69480834546337,
      "R_unsafe": 88.55036855036855,