{
  "system": "barr3",
  "activation": "Tanh",
  "method": "Harmonic Mean CBF Pass Rate (v8)",
  "rs_n": 50,
  "rs_sigma": 0.001,
  "top_n_protect": 500,
  "max_depth_start": 10,
  "max_depth_limit": 15,
  "depth_schedule": [
    10,
    12,
    15
  ],
  "num_inner_steps": 5,
  "lr": 0.005,
  "target_pass_rate": 100.0,
  "plateau_threshold": 0.5,
  "max_stagnant_iterations": 5,
  "max_total_iterations": 30,
  "original_max_depth_harmonic": 99.94176002941333,
  "original_max_depth_standard": 99.95880126953125,
  "original_max_depth_R_safe": 99.97326176729815,
  "original_max_depth_R_unsafe": 99.9102781377729,
  "final_harmonic_pass_rate": 99.95227963200381,
  "final_standard_pass_rate": 99.9664306640625,
  "final_R_safe": 99.97826473552135,
  "final_R_unsafe": 99.92630803242447,
  "harmonic_improvement": 0.010519602590477461,
  "standard_improvement": 0.00762939453125,
  "num_iterations": 6,
  "initial_regions": {
    "V_safe": 2572,
    "V_unsafe": 418
  },
  "iteration_results": [
    {
      "iteration": 1,
      "phase": 1,
      "max_depth": 10,
      "loss": 0.0,
      "update_norm": 0.0,
      "HarmonicMeanPassRate": 65.47253169419899,
      "R_safe": 77.27272727272727,
      "R_unsafe": 56.798866855524075,
      "standard_pass_rate": 70.21484375,
      "f_h_positive": 0,
      "f_safe_violation": 0,
      "f_depth": 610,
      "f_unsafe_split": 0,
      "volumes": {
        "V_safe": 8.354736328125,
        "V_unsafe": 3.230712890625,
        "F_h": 0.0,
        "F_safe_violation": 0.0,
        "F_depth": 4.91455078125,
        "F_unsafe_split": 0.0,
        "total_uncertain": 4.91455078125,
        "uncertain_half": 2.457275390625
      },
      "definitive_fail": 0,
      "uncertain_fail": 610,
      "top_n_used": 0,
      "improvement": 27,
      "repair_type": "Phase1_Definitive"
    },
    {
      "iteration": 2,
      "phase": 2,
      "max_depth": 12,
      "loss": 0.02280795984437735,
      "update_norm": 0.9997708201408386,
      "HarmonicMeanPassRate": 97.0699776848156,
      "R_safe": 98.63625488475955,
      "R_unsafe": 95.55266579973993,
      "standard_pass_rate": 97.91259765625,
      "f_h_positive": 0,
      "f_safe_violation": 0,
      "f_depth": 171,
      "f_unsafe_split": 0,
      "volumes": {
        "V_safe": 12.45556640625,
        "V_unsafe": 3.70001220703125,
        "F_h": 0.0,
        "F_safe_violation": 0.0,
        "F_depth": 0.34442138671875,
        "F_unsafe_split": 0.0,
        "total_uncertain": 0.34442138671875,
        "uncertain_half": 0.172210693359375
      },
      "definitive_fail": 0,
      "uncertain_fail": 171,
      "top_n_used": 500,
      "improvement": 0,
      "repair_type": "Phase2_All"
    },
    {
      "iteration": 3,
      "phase": 2,
      "max_depth": 15,
      "loss": 0.026948614045977592,
      "update_norm": 1.000325322151184,
      "HarmonicMeanPassRate": 99.95894164659755,
      "R_safe": 99.98119910151496,
      "R_unsafe": 99.93669409922367,
      "standard_pass_rate": 99.97100830078125,
      "f_h_positive": 0,
      "f_safe_violation": 0,
      "f_depth": 19,
      "f_unsafe_split": 0,
      "volumes": {
        "V_safe": 12.71942138671875,
        "V_unsafe": 3.7757949829101562,
        "F_h": 0.0,
        "F_safe_violation": 0.0,
        "F_depth": 0.00478363037109375,
        "F_unsafe_split": 0.0,
        "total_uncertain": 0.00478363037109375,
        "uncertain_half": 0.002391815185546875
      },
      "definitive_fail": 0,
      "uncertain_fail": 19,
      "top_n_used": 500,
      "improvement": 0,
      "repair_type": "Phase2_All"
    },
    {
      "iteration": 4,
      "phase": 2,
      "max_depth": 15,
      "loss": 0.011658281087875366,
      "update_norm": 1.0005255937576294,
      "HarmonicMeanPassRate": 99.94594337569569,
      "R_safe": 99.97526784919324,
      "R_unsafe": 99.9166360999033,
      "standard_pass_rate": 99.96185302734375,
      "f_h_positive": 0,
      "f_safe_violation": 0,
      "f_depth": 25,
      "f_unsafe_split": 0,
      "volumes": {
        "V_safe": 12.721687316894531,
        "V_unsafe": 3.7720184326171875,
        "F_h": 0.0,
        "F_safe_violation": 0.0,
        "F_depth": 0.00629425048828125,
        "F_unsafe_split": 0.0,
        "total_uncertain": 0.00629425048828125,
        "uncertain_half": 0.003147125244140625
      },
      "definitive_fail": 0,
      "uncertain_fail": 25,
      "top_n_used": 500,
      "improvement": 0,
      "repair_type": "Phase2_All"
    },
    {
      "iteration": 5,
      "phase": 2,
      "max_depth": 15,
      "loss": 0.012251811102032661,
      "update_norm": 1.00009286403656,
      "HarmonicMeanPassRate": 99.952313419888,
      "R_safe": 99.97825829149701,
      "R_unsafe": 99.92638201044038,
      "standard_pass_rate": 99.9664306640625,
      "f_h_positive": 0,
      "f_safe_violation": 0,
      "f_depth": 22,
      "f_unsafe_split": 0,
      "volumes": {
        "V_safe": 12.735282897949219,
        "V_unsafe": 3.7591781616210938,
        "F_h": 0.0,
        "F_safe_violation": 0.0,
        "F_depth": 0.0055389404296875,
        "F_unsafe_split": 0.0,
        "total_uncertain": 0.0055389404296875,
        "uncertain_half": 0.00276947021484375
      },
      "definitive_fail": 0,
      "uncertain_fail": 22,
      "top_n_used": 500,
      "improvement": 0,
      "repair_type": "Phase2_All"
    },
    {
      "iteration": 6,
      "phase": 2,
      "max_depth": 15,
      "loss": 0.011163562536239624,
      "update_norm": 1.0000193119049072,
      "HarmonicMeanPassRate": 99.95227963200381,
      "R_safe": 99.97826473552135,
      "R_unsafe": 99.92630803242447,
      "standard_pass_rate": 99.9664306640625,
      "f_h_positive": 0,
      "f_safe_violation": 0,
      "f_depth": 22,
      "f_unsafe_split": 0,
      "volumes": {
        "V_safe": 12.739059448242188,
        "V_unsafe": 3.755401611328125,
        "F_h": 0.0,
        "F_safe_violation": 0.0,
        "F_depth": 0.0055389404296875,
        "F_unsafe_split": 0.0,
        "total_uncertain": 0.0055389404296875,
        "uncertain_half": 0.00276947021484375
      },
      "definitive_fail": 0,
      "uncertain_fail": 22,
      "top_n_used": 500,
      "improvement": 0,
      "repair_type": "Phase2_All"
    }
  ],
  "timestamp": "2026-04-14 12:01:06"
}