{
  "system": "barr1",
  "activation": "Sigmoid",
  "method": "Harmonic Mean CBF Pass Rate (v8)",
  "rs_n": 50,
  "rs_sigma": 0.001,
  "top_n_protect": 500,
  "max_depth_start": 10,
  "max_depth_limit": 15,
  "depth_schedule": [
    10,
    12,
    15
  ],
  "num_inner_steps": 5,
  "lr": 0.005,
  "target_pass_rate": 100.0,
  "plateau_threshold": 0.5,
  "max_stagnant_iterations": 5,
  "max_total_iterations": 30,
  "original_max_depth_harmonic": 54.79735927574516,
  "original_max_depth_standard": 71.9482421875,
  "original_max_depth_R_safe": 99.62433014750566,
  "original_max_depth_R_unsafe": 37.792322901752236,
  "final_harmonic_pass_rate": 90.59171479923681,
  "final_standard_pass_rate": 91.5130615234375,
  "final_R_safe": 94.18944280795954,
  "final_R_unsafe": 87.25871777141163,
  "harmonic_improvement": 35.79435552349165,
  "standard_improvement": 19.5648193359375,
  "num_iterations": 18,
  "initial_regions": {
    "V_safe": 840,
    "V_unsafe": 249
  },
  "iteration_results": [
    {
      "iteration": 1,
      "phase": 1,
      "max_depth": 10,
      "loss": 0.27082720398902893,
      "update_norm": 0.994217038154602,
      "HarmonicMeanPassRate": 58.02503361720414,
      "R_safe": 97.5816716164616,
      "R_unsafe": 41.28809660724554,
      "standard_pass_rate": 73.681640625,
      "f_h_positive": 62,
      "f_safe_violation": 0,
      "f_depth": 57,
      "f_unsafe_split": 0,
      "volumes": {
        "V_safe": 8.984375,
        "V_unsafe": 2.8046875,
        "F_h": 3.765625,
        "F_safe_violation": 0.0,
        "F_depth": 0.4453125,
        "F_unsafe_split": 0.0,
        "total_uncertain": 0.4453125,
        "uncertain_half": 0.22265625
      },
      "definitive_fail": 62,
      "uncertain_fail": 57,
      "top_n_used": 161,
      "improvement": 442,
      "repair_type": "Phase1_Definitive"
    },
    {
      "iteration": 2,
      "phase": 1,
      "max_depth": 10,
      "loss": 0.49886271357536316,
      "update_norm": 0.9947059750556946,
      "HarmonicMeanPassRate": 62.463867746727765,
      "R_safe": 97.39714525608733,
      "R_unsafe": 45.97432905484247,
      "standard_pass_rate": 75.87890625,
      "f_h_positive": 52,
      "f_safe_violation": 0,
      "f_depth": 62,
      "f_unsafe_split": 0,
      "volumes": {
        "V_safe": 9.0625,
        "V_unsafe": 3.078125,
        "F_h": 3.375,
        "F_safe_violation": 0.0,
        "F_depth": 0.484375,
        "F_unsafe_split": 0.0,
        "total_uncertain": 0.484375,
        "uncertain_half": 0.2421875
      },
      "definitive_fail": 52,
      "uncertain_fail": 62,
      "top_n_used": 168,
      "improvement": 10,
      "repair_type": "Phase1_Definitive"
    },
    {
      "iteration": 3,
      "phase": 1,
      "max_depth": 10,
      "loss": 0.49486690759658813,
      "update_norm": 0.9960205554962158,
      "HarmonicMeanPassRate": 67.06183865879011,
      "R_safe": 97.25585149313963,
      "R_unsafe": 51.1742892459827,
      "standard_pass_rate": 79.052734375,
      "f_h_positive": 47,
      "f_safe_violation": 0,
      "f_depth": 68,
      "f_unsafe_split": 0,
      "volumes": {
        "V_safe": 9.4140625,
        "V_unsafe": 3.234375,
        "F_h": 2.8203125,
        "F_safe_violation": 0.0,
        "F_depth": 0.53125,
        "F_unsafe_split": 0.0,
        "total_uncertain": 0.53125,
        "uncertain_half": 0.265625
      },
      "definitive_fail": 47,
      "uncertain_fail": 68,
      "top_n_used": 184,
      "improvement": 5,
      "repair_type": "Phase1_Definitive"
    },
    {
      "iteration": 4,
      "phase": 1,
      "max_depth": 10,
      "loss": 0.44119539856910706,
      "update_norm": 0.9914752244949341,
      "HarmonicMeanPassRate": 73.59783253476365,
      "R_safe": 97.52895752895753,
      "R_unsafe": 59.09694555112882,
      "standard_pass_rate": 83.3984375,
      "f_h_positive": 38,
      "f_safe_violation": 0,
      "f_depth": 64,
      "f_unsafe_split": 0,
      "volumes": {
        "V_safe": 9.8671875,
        "V_unsafe": 3.4765625,
        "F_h": 2.15625,
        "F_safe_violation": 0.0,
        "F_depth": 0.5,
        "F_unsafe_split": 0.0,
        "total_uncertain": 0.5,
        "uncertain_half": 0.25
      },
      "definitive_fail": 38,
      "uncertain_fail": 64,
      "top_n_used": 213,
      "improvement": 9,
      "repair_type": "Phase1_Definitive"
    },
    {
      "iteration": 5,
      "phase": 1,
      "max_depth": 10,
      "loss": 0.44374004006385803,
      "update_norm": 0.9952408075332642,
      "HarmonicMeanPassRate": 78.89959996197456,
      "R_safe": 96.92653673163419,
      "R_unsafe": 66.5266106442577,
      "standard_pass_rate": 86.328125,
      "f_h_positive": 40,
      "f_safe_violation": 0,
      "f_depth": 82,
      "f_unsafe_split": 0,
      "volumes": {
        "V_safe": 10.1015625,
        "V_unsafe": 3.7109375,
        "F_h": 1.546875,
        "F_safe_violation": 0.0,
        "F_depth": 0.640625,
        "F_unsafe_split": 0.0,
        "total_uncertain": 0.640625,
        "uncertain_half": 0.3203125
      },
      "definitive_fail": 40,
      "uncertain_fail": 82,
      "top_n_used": 264,
      "improvement": -2,
      "repair_type": "Phase1_Definitive"
    },
    {
      "iteration": 6,
      "phase": 1,
      "max_depth": 10,
      "loss": 0.3722022473812103,
      "update_norm": 0.9954430460929871,
      "HarmonicMeanPassRate": 81.98704561464756,
      "R_safe": 95.65873914684786,
      "R_unsafe": 71.73462335867312,
      "standard_pass_rate": 87.20703125,
      "f_h_positive": 31,
      "f_safe_violation": 0,
      "f_depth": 115,
      "f_unsafe_split": 0,
      "volumes": {
        "V_safe": 9.8984375,
        "V_unsafe": 4.0546875,
        "F_h": 1.1484375,
        "F_safe_violation": 0.0,
        "F_depth": 0.8984375,
        "F_unsafe_split": 0.0,
        "total_uncertain": 0.8984375,
        "uncertain_half": 0.44921875
      },
      "definitive_fail": 31,
      "uncertain_fail": 115,
      "top_n_used": 305,
      "improvement": 9,
      "repair_type": "Phase1_Definitive"
    },
    {
      "iteration": 7,
      "phase": 1,
      "max_depth": 10,
      "loss": 0.3303212821483612,
      "update_norm": 0.9942529797554016,
      "HarmonicMeanPassRate": 83.08741502633363,
      "R_safe": 93.64341085271319,
      "R_unsafe": 74.67018469656992,
      "standard_pass_rate": 86.62109375,
      "f_h_positive": 21,
      "f_safe_violation": 0,
      "f_depth": 164,
      "f_unsafe_split": 0,
      "volumes": {
        "V_safe": 9.4375,
        "V_unsafe": 4.421875,
        "F_h": 0.859375,
        "F_safe_violation": 0.0,
        "F_depth": 1.28125,
        "F_unsafe_split": 0.0,
        "total_uncertain": 1.28125,
        "uncertain_half": 0.640625
      },
      "definitive_fail": 21,
      "uncertain_fail": 164,
      "top_n_used": 327,
      "improvement": 10,
      "repair_type": "Phase1_Definitive"
    },
    {
      "iteration": 8,
      "phase": 1,
      "max_depth": 10,
      "loss": 0.32279500365257263,
      "update_norm": 0.9943007826805115,
      "HarmonicMeanPassRate": 84.3027261214264,
      "R_safe": 91.07282693813626,
      "R_unsafe": 78.46952010376135,
      "standard_pass_rate": 86.328125,
      "f_h_positive": 17,
      "f_safe_violation": 0,
      "f_depth": 228,
      "f_unsafe_split": 0,
      "volumes": {
        "V_safe": 9.0859375,
        "V_unsafe": 4.7265625,
        "F_h": 0.40625,
        "F_safe_violation": 0.0,
        "F_depth": 1.78125,
        "F_unsafe_split": 0.0,
        "total_uncertain": 1.78125,
        "uncertain_half": 0.890625
      },
      "definitive_fail": 17,
      "uncertain_fail": 228,
      "top_n_used": 312,
      "improvement": 4,
      "repair_type": "Phase1_Definitive"
    },
    {
      "iteration": 9,
      "phase": 1,
      "max_depth": 10,
      "loss": 0.27274951338768005,
      "update_norm": 0.9936480522155762,
      "HarmonicMeanPassRate": 84.68178994745482,
      "R_safe": 89.638358390898,
      "R_unsafe": 80.2446483180428,