{
  "system": "barr3",
  "activation": "Relu",
  "method": "Harmonic Mean CBF Pass Rate (v8)",
  "rs_n": 50,
  "rs_sigma": 0.001,
  "top_n_protect": 500,
  "max_depth_start": 10,
  "max_depth_limit": 15,
  "depth_schedule": [
    10,
    12,
    15
  ],
  "num_inner_steps": 5,
  "lr": 0.005,
  "target_pass_rate": 100.0,
  "plateau_threshold": 0.5,
  "max_stagnant_iterations": 5,
  "max_total_iterations": 30,
  "original_max_depth_harmonic": 91.80423392764794,
  "original_max_depth_standard": 93.07708740234375,
  "original_max_depth_R_safe": 94.98413540733863,
  "original_max_depth_R_unsafe": 88.83035032866393,
  "final_harmonic_pass_rate": 91.59785750895814,
  "final_standard_pass_rate": 93.05877685546875,
  "final_R_safe": 95.05142297437014,
  "final_R_unsafe": 88.38645469160691,
  "harmonic_improvement": -0.20637641868979983,
  "standard_improvement": -0.018310546875,
  "num_iterations": 8,
  "initial_regions": {
    "V_safe": 6831,
    "V_unsafe": 700
  },
  "iteration_results": [
    {
      "iteration": 1,
      "phase": 1,
      "max_depth": 10,
      "loss": 0.0,
      "update_norm": 0.0,
      "HarmonicMeanPassRate": 52.887598333185956,
      "R_safe": 55.93376264949402,
      "R_unsafe": 50.15608740894901,
      "standard_pass_rate": 53.22265625,
      "f_h_positive": 0,
      "f_safe_violation": 0,
      "f_depth": 958,
      "f_unsafe_split": 0,
      "volumes": {
        "V_safe": 4.8984375,
        "V_unsafe": 3.88330078125,
        "F_h": 0.0,
        "F_safe_violation": 0.0,
        "F_depth": 7.71826171875,
        "F_unsafe_split": 0.0,
        "total_uncertain": 7.71826171875,
        "uncertain_half": 3.859130859375
      },
      "definitive_fail": 0,
      "uncertain_fail": 958,
      "top_n_used": 0,
      "improvement": 4537,
      "repair_type": "Phase1_Definitive"
    },
    {
      "iteration": 2,
      "phase": 2,
      "max_depth": 12,
      "loss": 0.017578782558456716,
      "update_norm": 0.9970545768737793,
      "HarmonicMeanPassRate": 73.27359185991607,
      "R_safe": 80.18071105873109,
      "R_unsafe": 67.46210899709772,
      "standard_pass_rate": 75.3662109375,
      "f_h_positive": 0,
      "f_safe_violation": 0,
      "f_depth": 2018,
      "f_unsafe_split": 0,
      "volumes": {
        "V_safe": 8.2218017578125,
        "V_unsafe": 4.213623046875,
        "F_h": 0.0,
        "F_safe_violation": 0.0,
        "F_depth": 4.0645751953125,
        "F_unsafe_split": 0.0,
        "total_uncertain": 4.0645751953125,
        "uncertain_half": 2.03228759765625
      },
      "definitive_fail": 0,
      "uncertain_fail": 2018,
      "top_n_used": 336,
      "improvement": 0,
      "repair_type": "Phase2_All"
    },
    {
      "iteration": 3,
      "phase": 2,
      "max_depth": 15,
      "loss": 0.007324176656371407,
      "update_norm": 0.9954291582107544,
      "HarmonicMeanPassRate": 91.61045814519855,
      "R_safe": 95.01665483536286,
      "R_unsafe": 88.44002328701242,
      "standard_pass_rate": 93.03436279296875,
      "f_h_positive": 2,
      "f_safe_violation": 0,
      "f_depth": 4563,
      "f_unsafe_split": 0,
      "volumes": {
        "V_safe": 10.952247619628906,
        "V_unsafe": 4.3984222412109375,
        "F_h": 0.0005035400390625,
        "F_safe_violation": 0.0,
        "F_depth": 1.1488265991210938,
        "F_unsafe_split": 0.0,
        "total_uncertain": 1.1488265991210938,
        "uncertain_half": 0.5744132995605469
      },
      "definitive_fail": 2,
      "uncertain_fail": 4563,
      "top_n_used": 500,
      "improvement": -2,
      "repair_type": "Phase2_All"
    },
    {
      "iteration": 4,
      "phase": 2,
      "max_depth": 15,
      "loss": 0.0039208927512382336,
      "update_norm": 0.9936288595199585,
      "HarmonicMeanPassRate": 91.66316569987474,
      "R_safe": 95.00996692295897,
      "R_unsafe": 88.54412874025648,
      "standard_pass_rate": 93.048095703125,
      "f_h_positive": 0,
      "f_safe_violation": 0,
      "f_depth": 4556,
      "f_unsafe_split": 0,
      "volumes": {
        "V_safe": 10.920021057128906,
        "V_unsafe": 4.432914733886719,
        "F_h": 0.0,
        "F_safe_violation": 0.0,
        "F_depth": 1.147064208984375,
        "F_unsafe_split": 0.0,
        "total_uncertain": 1.147064208984375,
        "uncertain_half": 0.5735321044921875
      },
      "definitive_fail": 0,
      "uncertain_fail": 4556,
      "top_n_used": 500,
      "improvement": 2,
      "repair_type": "Phase2_All"
    },
    {
      "iteration": 5,
      "phase": 2,
      "max_depth": 15,
      "loss": 0.0035022114782783586,
      "update_norm": 0.9939721822738647,
      "HarmonicMeanPassRate": 91.61340522612636,
      "R_safe": 95.0325528643249,
      "R_unsafe": 88.43174603174603,
      "standard_pass_rate": 93.04962158203125,
      "f_h_positive": 0,
      "f_safe_violation": 0,
      "f_depth": 4555,
      "f_unsafe_split": 0,
      "volumes": {
        "V_safe": 10.969871520996094,
        "V_unsafe": 4.3833160400390625,
        "F_h": 0.0,
        "F_safe_violation": 0.0,
        "F_depth": 1.1468124389648438,
        "F_unsafe_split": 0.0,
        "total_uncertain": 1.1468124389648438,
        "uncertain_half": 0.5734062194824219
      },
      "definitive_fail": 0,
      "uncertain_fail": 4555,
      "top_n_used": 500,
      "improvement": 0,
      "repair_type": "Phase2_All"
    },
    {
      "iteration": 6,
      "phase": 2,
      "max_depth": 15,
      "loss": 0.0034498482940025408,
      "update_norm": 0.9948332905769348,
      "HarmonicMeanPassRate": 91.53761091233962,
      "R_safe": 95.02442633474415,
      "R_unsafe": 88.297627863034,
      "standard_pass_rate": 93.0145263671875,
      "f_h_positive": 4,
      "f_safe_violation": 0,
      "f_depth": 4573,
      "f_unsafe_split": 0,
      "volumes": {
        "V_safe": 10.994293212890625,
        "V_unsafe": 4.3531036376953125,
        "F_h": 0.00125885009765625,
        "F_safe_violation": 0.0,
        "F_depth": 1.1513442993164062,
        "F_unsafe_split": 0.0,
        "total_uncertain": 1.1513442993164062,
        "uncertain_half": 0.5756721496582031
      },
      "definitive_fail": 4,
      "uncertain_fail": 4573,
      "top_n_used": 500,
      "improvement": -4,
      "repair_type": "Phase2_All"
    },
    {
      "iteration": 7,
      "phase": 2,
      "max_depth": 15,
      "loss": 0.004095343317890852,
      "update_norm": 0.9966424107551575,
      "HarmonicMeanPassRate": 91.6188477300451,
      "R_safe": 95.03218064797643,
      "R_unsafe": 88.44221105527639,
      "standard_pass_rate": 93.0511474609375,
      "f_h_positive": 0,
      "f_safe_violation": 0,
      "f_depth": 4554,
      "f_unsafe_split": 0,
      "volumes": {
        "V_safe": 10.966598510742188,
        "V_unsafe": 4.3868408203125,
        "F_h": 0.0,
        "F_safe_violation": 0.0,
        "F_depth": 1.1465606689453125,
        "F_unsafe_split": 0.0,
        "total_uncertain": 1.1465606689453125,
        "uncertain_half": 0.5732803344726562
      },
      "definitive_fail": 0,
      "uncertain_fail": 4554,
      "top_n_used": 500,
      "improvement": 4,
      "repair_type": "Phase2_All"
    },
    {
      "iteration": 8,
      "phase": 2,
      "max_depth": 15,
      "loss": 0.0034462385781516844,
      "update_norm": 0.9938769340515137,
      "HarmonicMeanPassRate": 91.59785750895814,
      "R_safe": 95.05142297437014,
      "R_unsafe": 88.38645469160691,
      "standard_pass_rate": 93.05877685546875,
      "f_h_positive": 2,
      "f_safe_violation": 0,
      "f_depth": 4547,
      "f_unsafe_split": 0,
      "volumes": {
        "V_safe": 10.994544982910156,
        "V_unsafe": 4.3601531982421875,
        "F_h": 0.0005035400390625,
        "F_safe_violation": 0.0,
        "F_depth": 1.1447982788085938,
        "F_unsafe_split": 0.0,
        "total_uncertain": 1.1447982788085938,
        "uncertain_half": 0.5723991394042969
      },
      "definitive_fail": 2,
      "uncertain_fail": 4547,
      "top_n_used": 500,