{
  "system": "barr4",
  "activation": "Sigmoid",
  "method": "CeT",
  "max_depth_limit": 14,
  "num_inner_steps": 5,
  "lr": 0.005,
  "target_pass_rate": 100.0,
  "patience": 3,
  "max_total_iterations": 10,
  "definitive_weight": 2.0,
  "top_n_protect": 100,
  "delta_theta_norm_bound": 0.01,
  "beta_s": 0.999,
  "beta_us": 0.999,
  "original_max_depth_harmonic": 87.03694152832031,
  "original_max_depth_standard": 95.26206970214844,
  "original_max_depth_R_safe": 99.27802276611328,
  "original_max_depth_R_unsafe": 77.48318481445312,
  "final_harmonic_pass_rate": 94.5719985961914,
  "final_standard_pass_rate": 96.71044921875,
  "final_R_safe": 99.38017272949219,
  "final_R_unsafe": 90.20759582519531,
  "harmonic_improvement": 7.535057067871094,
  "standard_improvement": 1.4483795166015625,
  "num_iterations": 10,
  "iteration_results": [
    {
      "iteration": 1,
      "max_depth": 14,
      "mode": "CeT",
      "loss": 0.9832260105691086,
      "HarmonicMeanPassRate": 88.86433410644531,
      "R_safe": 99.29023742675781,
      "R_unsafe": 80.41989135742188,
      "standard_pass_rate": 95.56417846679688,
      "f_h_positive": 14,
      "f_safe_violation": 0,
      "f_depth_unsafe": 560,
      "f_depth_safe": 3782,
      "f_unsafe_split": 0,
      "definitive_fail": 14,
      "top_n_used": 0,
      "repair_type": "All",
      "beta_s": 0.999,
      "beta_us": 0.999
    },
    {
      "iteration": 2,
      "max_depth": 14,
      "mode": "CeT",
      "loss": 0.9528010030087399,
      "HarmonicMeanPassRate": 90.2168960571289,
      "R_safe": 99.30903625488281,
      "R_unsafe": 82.64995574951172,
      "standard_pass_rate": 95.7950439453125,
      "f_h_positive": 13,
      "f_safe_violation": 0,
      "f_depth_unsafe": 536,
      "f_depth_safe": 3583,
      "f_unsafe_split": 0,
      "definitive_fail": 13,
      "top_n_used": 0,
      "repair_type": "All",
      "beta_s": 0.999,
      "beta_us": 0.999
    },
    {
      "iteration": 3,
      "max_depth": 14,
      "mode": "CeT",
      "loss": 0.9108230015624705,
      "HarmonicMeanPassRate": 91.42591094970703,
      "R_safe": 99.32530975341797,
      "R_unsafe": 84.69043731689453,
      "standard_pass_rate": 96.05339050292969,
      "f_h_positive": 11,
      "f_safe_violation": 0,
      "f_depth_unsafe": 515,
      "f_depth_safe": 3353,
      "f_unsafe_split": 0,
      "definitive_fail": 11,
      "top_n_used": 0,
      "repair_type": "All",
      "beta_s": 0.999,
      "beta_us": 0.999
    },
    {
      "iteration": 4,
      "max_depth": 14,
      "mode": "CeT",
      "loss": 0.8836012043499395,
      "HarmonicMeanPassRate": 92.29478454589844,
      "R_safe": 99.32628631591797,
      "R_unsafe": 86.1930160522461,
      "standard_pass_rate": 96.22631072998047,
      "f_h_positive": 5,
      "f_safe_violation": 0,
      "f_depth_unsafe": 506,
      "f_depth_safe": 3198,
      "f_unsafe_split": 0,
      "definitive_fail": 5,
      "top_n_used": 0,
      "repair_type": "All",
      "beta_s": 0.999,
      "beta_us": 0.999
    },
    {
      "iteration": 5,
      "max_depth": 14,
      "mode": "CeT",
      "loss": 0.8566544080332652,
      "HarmonicMeanPassRate": 92.8436508178711,
      "R_safe": 99.33553314208984,
      "R_unsafe": 87.14824676513672,
      "standard_pass_rate": 96.30870056152344,
      "f_h_positive": 5,
      "f_safe_violation": 0,
      "f_depth_unsafe": 491,
      "f_depth_safe": 3132,
      "f_unsafe_split": 0,
      "definitive_fail": 5,
      "top_n_used": 0,
      "repair_type": "All",
      "beta_s": 0.999,
      "beta_us": 0.999
    },
    {
      "iteration": 6,
      "max_depth": 14,
      "mode": "CeT",
      "loss": 0.825720362055574,
      "HarmonicMeanPassRate": 93.48387908935547,
      "R_safe": 99.34516143798828,
      "R_unsafe": 88.27568054199219,
      "standard_pass_rate": 96.46025848388672,
      "f_h_positive": 5,
      "f_safe_violation": 0,
      "f_depth_unsafe": 476,
      "f_depth_safe": 2998,
      "f_unsafe_split": 0,
      "definitive_fail": 5,
      "top_n_used": 0,
      "repair_type": "All",
      "beta_s": 0.999,
      "beta_us": 0.999
    },
    {
      "iteration": 7,
      "max_depth": 14,
      "mode": "CeT",
      "loss": 0.7928765227956148,
      "HarmonicMeanPassRate": 93.84436798095703,
      "R_safe": 99.36144256591797,
      "R_unsafe": 88.90774536132812,
      "standard_pass_rate": 96.53450012207031,
      "f_h_positive": 5,
      "f_safe_violation": 0,
      "f_depth_unsafe": 458,
      "f_depth_safe": 2943,
      "f_unsafe_split": 0,
      "definitive_fail": 5,
      "top_n_used": 0,
      "repair_type": "All",
      "beta_s": 0.999,
      "beta_us": 0.999
    },
    {
      "iteration": 8,
      "max_depth": 14,
      "mode": "CeT",
      "loss": 0.7677976171560073,
      "HarmonicMeanPassRate": 94.13497161865234,
      "R_safe": 99.36833953857422,
      "R_unsafe": 89.42526245117188,
      "standard_pass_rate": 96.59855651855469,
      "f_h_positive": 5,
      "f_safe_violation": 0,
      "f_depth_unsafe": 448,
      "f_depth_safe": 2890,
      "f_unsafe_split": 0,
      "definitive_fail": 5,
      "top_n_used": 0,
      "repair_type": "All",
      "beta_s": 0.999,
      "beta_us": 0.999
    },
    {
      "iteration": 9,
      "max_depth": 14,
      "mode": "CeT",
      "loss": 0.7476517097354647,
      "HarmonicMeanPassRate": 94.36651611328125,
      "R_safe": 99.37529754638672,
      "R_unsafe": 89.83842468261719,
      "standard_pass_rate": 96.655517578125,
      "f_h_positive": 5,
      "f_safe_violation": 0,
      "f_depth_unsafe": 439,
      "f_depth_safe": 2843,
      "f_unsafe_split": 0,
      "definitive_fail": 5,
      "top_n_used": 0,
      "repair_type": "All",
      "beta_s": 0.999,
      "beta_us": 0.999
    },
    {
      "iteration": 10,
      "max_depth": 14,
      "mode": "CeT",
      "loss": 0.7320502039004357,
      "HarmonicMeanPassRate": 94.5719985961914,
      "R_safe": 99.38017272949219,
      "R_unsafe": 90.20759582519531,
      "standard_pass_rate": 96.71044921875,
      "f_h_positive": 5,
      "f_safe_violation": 0,
      "f_depth_unsafe": 432,
      "f_depth_safe": 2796,
      "f_unsafe_split": 0,
      "definitive_fail": 5,
      "top_n_used": 0,
      "repair_type": "All",
      "beta_s": 0.999,
      "beta_us": 0.999
    }
  ],
  "repair_time_seconds": 642.5918510890333,
  "timestamp": "2026-06-19 13:17:22"
}