{
  "system": "barr4",
  "activation": "Tanh",
  "method": "CeT",
  "max_depth_limit": 14,
  "num_inner_steps": 5,
  "lr": 0.005,
  "target_pass_rate": 100.0,
  "patience": 3,
  "max_total_iterations": 10,
  "definitive_weight": 2.0,
  "top_n_protect": 100,
  "delta_theta_norm_bound": 0.01,
  "beta_s": 0.999,
  "beta_us": 0.999,
  "original_max_depth_harmonic": 42.76607131958008,
  "original_max_depth_standard": 46.798892974853516,
  "original_max_depth_R_safe": 98.52449798583984,
  "original_max_depth_R_unsafe": 27.310253143310547,
  "final_harmonic_pass_rate": 43.64194107055664,
  "final_standard_pass_rate": 70.00365447998047,
  "final_R_safe": 99.80713653564453,
  "final_R_unsafe": 27.926603317260742,
  "harmonic_improvement": 0.8758697509765625,
  "standard_improvement": 23.204761505126953,
  "num_iterations": 7,
  "iteration_results": [
    {
      "iteration": 1,
      "max_depth": 14,
      "mode": "CeT",
      "loss": 5.664695483205751,
      "HarmonicMeanPassRate": 51.11993408203125,
      "R_safe": 99.79551696777344,
      "R_unsafe": 34.36049270629883,
      "standard_pass_rate": 54.8658561706543,
      "f_h_positive": 0,
      "f_safe_violation": 0,
      "f_depth_unsafe": 63,
      "f_depth_safe": 44304,
      "f_unsafe_split": 0,
      "definitive_fail": 0,
      "top_n_used": 0,
      "repair_type": "All",
      "beta_s": 0.999,
      "beta_us": 0.999
    },
    {
      "iteration": 2,
      "max_depth": 14,
      "mode": "CeT",
      "loss": 4.94582341817705,
      "HarmonicMeanPassRate": 57.111392974853516,
      "R_safe": 99.9912338256836,
      "R_unsafe": 39.97057342529297,
      "standard_pass_rate": 60.86875915527344,
      "f_h_positive": 0,
      "f_safe_violation": 0,
      "f_depth_unsafe": 3,
      "f_depth_safe": 38463,
      "f_unsafe_split": 0,
      "definitive_fail": 0,
      "top_n_used": 0,
      "repair_type": "All",
      "beta_s": 0.999,
      "beta_us": 0.999
    },
    {
      "iteration": 3,
      "max_depth": 14,
      "mode": "CeT",
      "loss": 4.261069460820837,
      "HarmonicMeanPassRate": 59.82790756225586,
      "R_safe": 99.89347076416016,
      "R_unsafe": 42.70119094848633,
      "standard_pass_rate": 64.5433120727539,
      "f_h_positive": 0,
      "f_safe_violation": 0,
      "f_depth_unsafe": 40,
      "f_depth_safe": 34814,
      "f_unsafe_split": 0,
      "definitive_fail": 0,
      "top_n_used": 0,
      "repair_type": "All",
      "beta_s": 0.999,
      "beta_us": 0.999
    },
    {
      "iteration": 4,
      "max_depth": 14,
      "mode": "CeT",
      "loss": 3.5871059316358322,
      "HarmonicMeanPassRate": 63.11585235595703,
      "R_safe": 99.99285125732422,
      "R_unsafe": 46.110477447509766,
      "standard_pass_rate": 69.1271743774414,
      "f_h_positive": 0,
      "f_safe_violation": 0,
      "f_depth_unsafe": 3,
      "f_depth_safe": 30345,
      "f_unsafe_split": 0,
      "definitive_fail": 0,
      "top_n_used": 0,
      "repair_type": "All",
      "beta_s": 0.999,
      "beta_us": 0.999
    },
    {
      "iteration": 5,
      "max_depth": 14,
      "mode": "CeT",
      "loss": 3.169692508700542,
      "HarmonicMeanPassRate": 62.26522445678711,
      "R_safe": 100.0,
      "R_unsafe": 45.20661163330078,
      "standard_pass_rate": 70.33592224121094,
      "f_h_positive": 0,
      "f_safe_violation": 0,
      "f_depth_unsafe": 0,
      "f_depth_safe": 29160,
      "f_unsafe_split": 0,
      "definitive_fail": 0,
      "top_n_used": 0,
      "repair_type": "All",
      "beta_s": 0.999,
      "beta_us": 0.999
    },
    {
      "iteration": 6,
      "max_depth": 14,
      "mode": "CeT",
      "loss": 2.059631986055518,
      "HarmonicMeanPassRate": 43.84926986694336,
      "R_safe": 99.21016693115234,
      "R_unsafe": 28.144290924072266,
      "standard_pass_rate": 68.86832427978516,
      "f_h_positive": 0,
      "f_safe_violation": 0,
      "f_depth_unsafe": 445,
      "f_depth_safe": 30158,
      "f_unsafe_split": 0,
      "definitive_fail": 0,
      "top_n_used": 0,
      "repair_type": "All",
      "beta_s": 0.999,
      "beta_us": 0.999
    },
    {
      "iteration": 7,
      "max_depth": 14,
      "mode": "CeT",
      "loss": 2.914855878501064,
      "HarmonicMeanPassRate": 43.64194107055664,
      "R_safe": 99.80713653564453,
      "R_unsafe": 27.926603317260742,
      "standard_pass_rate": 70.00365447998047,
      "f_h_positive": 0,
      "f_safe_violation": 0,
      "f_depth_unsafe": 111,
      "f_depth_safe": 29376,
      "f_unsafe_split": 0,
      "definitive_fail": 0,
      "top_n_used": 0,
      "repair_type": "All",
      "beta_s": 0.999,
      "beta_us": 0.999
    }
  ],
  "repair_time_seconds": 1945.7269898239756,
  "timestamp": "2026-06-19 13:49:52"
}