{
  "system": "barr4",
  "activation": "Tanh",
  "method": "LAST LAYER REPAIR (基于 v10_ibp)",
  "top_n_protect": 500,
  "max_depth_start": 12,
  "max_depth_limit": 12,
  "depth_schedule": [
    12
  ],
  "num_inner_steps": 1,
  "lr": 0.005,
  "target_pass_rate": 100.0,
  "plateau_threshold": 0.5,
  "max_stagnant_iterations": 5,
  "max_total_iterations": 10,
  "alpha_reg": 1.0,
  "beta_cbf": 5.0,
  "original_max_depth_harmonic": 18.399907238829282,
  "original_max_depth_standard": 12.6546225888788,
  "original_max_depth_R_safe": 38.17097746268612,
  "original_max_depth_R_unsafe": 12.121463989820072,
  "final_harmonic_pass_rate": 17.39422656134989,
  "final_standard_pass_rate": 11.791992405822835,
  "final_R_safe": 38.71595654326787,
  "final_R_unsafe": 11.21685658841088,
  "harmonic_improvement": -1.0056806774793934,
  "standard_improvement": -0.8626301830559644,
  "num_iterations": 5,
  "iteration_results": [
    {
      "iteration": 1,
      "phase": 1,
      "max_depth": 12,
      "loss": 0.0,
      "HarmonicMeanPassRate": 18.39990723882961,
      "R_safe": 38.17097746268609,
      "R_unsafe": 12.12146398982036,
      "standard_pass_rate": 12.654622588879095,
      "f_h_positive": 0,
      "f_safe_violation": 0,
      "f_depth_unsafe": 311,
      "f_depth_safe": 21155,
      "f_unsafe_split": 0,
      "definitive_fail": 0,
      "top_n_used": 0,
      "repair_type": "Phase1_Definitive"
    },
    {
      "iteration": 2,
      "phase": 2,
      "max_depth": 12,
      "loss": 0.25312602862572425,
      "HarmonicMeanPassRate": 18.199465111622608,
      "R_safe": 38.46154173902845,
      "R_unsafe": 11.91989707873255,
      "standard_pass_rate": 12.46744811642732,
      "f_h_positive": 0,
      "f_safe_violation": 0,
      "f_depth_unsafe": 312,
      "f_depth_safe": 21200,
      "f_unsafe_split": 0,
      "definitive_fail": 0,
      "top_n_used": 191,
      "repair_type": "Phase2_All"
    },
    {
      "iteration": 3,
      "phase": 2,
      "max_depth": 12,
      "loss": 0.2540606653457752,
      "HarmonicMeanPassRate": 17.920579748814824,
      "R_safe": 38.59649448326645,
      "R_unsafe": 11.669368033808707,
      "standard_pass_rate": 12.23144552131001,
      "f_h_positive": 0,
      "f_safe_violation": 0,
      "f_depth_unsafe": 315,
      "f_depth_safe": 21255,
      "f_unsafe_split": 0,
      "definitive_fail": 0,
      "top_n_used": 194,
      "repair_type": "Phase2_All"
    },
    {
      "iteration": 4,
      "phase": 2,
      "max_depth": 12,
      "loss": 0.256167254995796,
      "HarmonicMeanPassRate": 17.669602198383387,
      "R_safe": 38.59649448326648,
      "R_unsafe": 11.457424397368827,
      "standard_pass_rate": 12.023926001427041,
      "f_h_positive": 0,
      "f_safe_violation": 0,
      "f_depth_unsafe": 315,
      "f_depth_safe": 21306,
      "f_unsafe_split": 0,
      "definitive_fail": 0,
      "top_n_used": 197,
      "repair_type": "Phase2_All"
    },
    {
      "iteration": 5,
      "phase": 2,
      "max_depth": 12,
      "loss": 0.2555131279772832,
      "HarmonicMeanPassRate": 17.39422656134989,
      "R_safe": 38.71595654326787,
      "R_unsafe": 11.21685658841088,
      "standard_pass_rate": 11.791992405822835,
      "f_h_positive": 0,
      "f_safe_violation": 0,
      "f_depth_unsafe": 315,
      "f_depth_safe": 21363,
      "f_unsafe_split": 0,
      "definitive_fail": 0,
      "top_n_used": 197,
      "repair_type": "Phase2_All"
    }
  ],
  "timestamp": "2026-04-29 12:11:16"
}