{
  "system": "barr4",
  "activation": "LeakyRelu",
  "method": "LAST LAYER REPAIR (基于 v10_ibp)",
  "top_n_protect": 500,
  "max_depth_start": 12,
  "max_depth_limit": 12,
  "depth_schedule": [
    12
  ],
  "num_inner_steps": 1,
  "lr": 0.005,
  "target_pass_rate": 100.0,
  "plateau_threshold": 0.5,
  "max_stagnant_iterations": 5,
  "max_total_iterations": 10,
  "alpha_reg": 1.0,
  "beta_cbf": 5.0,
  "original_max_depth_harmonic": 35.63408884477221,
  "original_max_depth_standard": 43.579101740560866,
  "original_max_depth_R_safe": 94.626743367618,
  "original_max_depth_R_unsafe": 21.949947900833937,
  "final_harmonic_pass_rate": 34.98850083991603,
  "final_standard_pass_rate": 43.489583532520825,
  "final_R_safe": 94.67207586201413,
  "final_R_unsafe": 21.459752116892684,
  "harmonic_improvement": -0.6455880048561795,
  "standard_improvement": -0.08951820804004029,
  "num_iterations": 5,
  "iteration_results": [
    {
      "iteration": 1,
      "phase": 1,
      "max_depth": 12,
      "loss": 0.0,
      "HarmonicMeanPassRate": 35.63408884477314,
      "R_safe": 94.62674336761803,
      "R_unsafe": 21.949947900834637,
      "standard_pass_rate": 43.579101740561974,
      "f_h_positive": 0,
      "f_safe_violation": 0,
      "f_depth_unsafe": 393,
      "f_depth_safe": 13473,
      "f_unsafe_split": 0,
      "definitive_fail": 0,
      "top_n_used": 0,
      "repair_type": "Phase1_Definitive"
    },
    {
      "iteration": 2,
      "phase": 2,
      "max_depth": 12,
      "loss": 0.142929808768973,
      "HarmonicMeanPassRate": 35.48337568248846,
      "R_safe": 94.64066562035417,
      "R_unsafe": 21.834947550889698,
      "standard_pass_rate": 43.55875668979281,
      "f_h_positive": 0,
      "f_safe_violation": 0,
      "f_depth_unsafe": 393,
      "f_depth_safe": 13478,
      "f_unsafe_split": 0,
      "definitive_fail": 0,
      "top_n_used": 500,
      "repair_type": "Phase2_All"
    },
    {
      "iteration": 3,
      "phase": 2,
      "max_depth": 12,
      "loss": 0.14496765896847805,
      "HarmonicMeanPassRate": 35.32856704311788,
      "R_safe": 94.65306135880668,
      "R_unsafe": 21.717171761837736,
      "standard_pass_rate": 43.53027362002994,
      "f_h_positive": 0,
      "f_safe_violation": 0,
      "f_depth_unsafe": 393,
      "f_depth_safe": 13485,
      "f_unsafe_split": 0,
      "definitive_fail": 0,
      "top_n_used": 500,
      "repair_type": "Phase2_All"
    },
    {
      "iteration": 4,
      "phase": 2,
      "max_depth": 12,
      "loss": 0.14507504594841333,
      "HarmonicMeanPassRate": 35.12172503077185,
      "R_safe": 94.66974108053739,
      "R_unsafe": 21.560193046742626,
      "standard_pass_rate": 43.49365253485812,
      "f_h_positive": 0,
      "f_safe_violation": 0,
      "f_depth_unsafe": 393,
      "f_depth_safe": 13494,
      "f_unsafe_split": 0,
      "definitive_fail": 0,
      "top_n_used": 500,
      "repair_type": "Phase2_All"
    },
    {
      "iteration": 5,
      "phase": 2,
      "max_depth": 12,
      "loss": 0.1446533669735822,
      "HarmonicMeanPassRate": 34.98850083991603,
      "R_safe": 94.67207586201413,
      "R_unsafe": 21.459752116892684,
      "standard_pass_rate": 43.489583532520825,
      "f_h_positive": 0,
      "f_safe_violation": 0,
      "f_depth_unsafe": 394,
      "f_depth_safe": 13494,
      "f_unsafe_split": 0,
      "definitive_fail": 0,
      "top_n_used": 500,
      "repair_type": "Phase2_All"
    }
  ],
  "timestamp": "2026-04-29 11:57:11"
}