{
  "system": "barr1",
  "activation": "Relu",
  "method": "LAST LAYER REPAIR (基于 v10_ibp)",
  "top_n_protect": 500,
  "max_depth_start": 15,
  "max_depth_limit": 15,
  "depth_schedule": [
    15
  ],
  "num_inner_steps": 1,
  "lr": 0.005,
  "target_pass_rate": 100.0,
  "plateau_threshold": 0.5,
  "max_stagnant_iterations": 5,
  "max_total_iterations": 10,
  "alpha_reg": 1.0,
  "beta_cbf": 5.0,
  "original_max_depth_harmonic": 85.06895691923965,
  "original_max_depth_standard": 86.54327392578125,
  "original_max_depth_R_safe": 99.24334802864021,
  "original_max_depth_R_unsafe": 74.43745715733317,
  "final_harmonic_pass_rate": 85.57899362331275,
  "final_standard_pass_rate": 85.0006103515625,
  "final_R_safe": 99.12359550561798,
  "final_R_unsafe": 75.29096714388712,
  "harmonic_improvement": 0.5100367040731015,
  "standard_improvement": -1.54266357421875,
  "num_iterations": 10,
  "iteration_results": [
    {
      "iteration": 1,
      "phase": 1,
      "max_depth": 15,
      "loss": 2.334930896759033,
      "HarmonicMeanPassRate": 84.79283290912105,
      "R_safe": 99.2583518193557,
      "R_unsafe": 74.00730195567883,
      "standard_pass_rate": 85.64453125,
      "f_h_positive": 221,
      "f_safe_violation": 0,
      "f_depth_unsafe": 224,
      "f_depth_safe": 3399,
      "f_unsafe_split": 0,
      "definitive_fail": 221,
      "top_n_used": 500,
      "repair_type": "Phase1_Definitive"
    },
    {
      "iteration": 2,
      "phase": 2,
      "max_depth": 15,
      "loss": 0.18901400697505866,
      "HarmonicMeanPassRate": 85.46706477592116,
      "R_safe": 99.1815348789425,
      "R_unsafe": 75.08462914545204,
      "standard_pass_rate": 85.821533203125,
      "f_h_positive": 232,
      "f_safe_violation": 0,
      "f_depth_unsafe": 239,
      "f_depth_safe": 3597,
      "f_unsafe_split": 0,
      "definitive_fail": 232,
      "top_n_used": 500,
      "repair_type": "Phase2_All"
    },
    {
      "iteration": 3,
      "phase": 2,
      "max_depth": 15,
      "loss": 0.21763462781216278,
      "HarmonicMeanPassRate": 85.84817084841832,
      "R_safe": 99.25787879796333,
      "R_unsafe": 75.63051258207231,
      "standard_pass_rate": 86.46392822265625,
      "f_h_positive": 238,
      "f_safe_violation": 0,
      "f_depth_unsafe": 223,
      "f_depth_safe": 3414,
      "f_unsafe_split": 0,
      "definitive_fail": 238,
      "top_n_used": 500,
      "repair_type": "Phase2_All"
    },
    {
      "iteration": 4,
      "phase": 2,
      "max_depth": 15,
      "loss": 0.21852148570104374,
      "HarmonicMeanPassRate": 86.13690238038917,
      "R_safe": 99.26103387771629,
      "R_unsafe": 76.07799442896936,
      "standard_pass_rate": 86.56158447265625,
      "f_h_positive": 232,
      "f_safe_violation": 0,
      "f_depth_unsafe": 219,
      "f_depth_safe": 3392,
      "f_unsafe_split": 0,
      "definitive_fail": 232,
      "top_n_used": 500,
      "repair_type": "Phase2_All"
    },
    {
      "iteration": 5,
      "phase": 2,
      "max_depth": 15,
      "loss": 0.2709789539242945,
      "HarmonicMeanPassRate": 85.04796024828254,
      "R_safe": 99.25009247738508,
      "R_unsafe": 74.40151959551943,
      "standard_pass_rate": 85.67657470703125,
      "f_h_positive": 240,
      "f_safe_violation": 0,
      "f_depth_unsafe": 223,
      "f_depth_safe": 4087,
      "f_unsafe_split": 0,
      "definitive_fail": 240,
      "top_n_used": 500,
      "repair_type": "Phase2_All"
    },
    {
      "iteration": 6,
      "phase": 2,
      "max_depth": 15,
      "loss": 0.35568272825657216,
      "HarmonicMeanPassRate": 84.05355306818801,
      "R_safe": 99.1726327164663,
      "R_unsafe": 72.93452844894777,
      "standard_pass_rate": 84.7900390625,
      "f_h_positive": 263,
      "f_safe_violation": 0,
      "f_depth_unsafe": 245,
      "f_depth_safe": 3983,
      "f_unsafe_split": 0,
      "definitive_fail": 263,
      "top_n_used": 500,
      "repair_type": "Phase2_All"
    },
    {
      "iteration": 7,
      "phase": 2,
      "max_depth": 15,
      "loss": 0.24255110197070773,
      "HarmonicMeanPassRate": 84.29858313748665,
      "R_safe": 99.14163090128756,
      "R_unsafe": 73.3212490730823,
      "standard_pass_rate": 84.796142578125,
      "f_h_positive": 249,
      "f_safe_violation": 0,
      "f_depth_unsafe": 250,
      "f_depth_safe": 4223,
      "f_unsafe_split": 0,
      "definitive_fail": 249,
      "top_n_used": 500,
      "repair_type": "Phase2_All"
    },
    {
      "iteration": 8,
      "phase": 2,
      "max_depth": 15,
      "loss": 0.19106733770444562,
      "HarmonicMeanPassRate": 83.6140125565071,
      "R_safe": 99.12772798795922,
      "R_unsafe": 72.29904688446918,
      "standard_pass_rate": 84.26666259765625,
      "f_h_positive": 256,
      "f_safe_violation": 0,
      "f_depth_unsafe": 255,
      "f_depth_safe": 4333,
      "f_unsafe_split": 0,
      "definitive_fail": 256,
      "top_n_used": 500,
      "repair_type": "Phase2_All"
    },
    {
      "iteration": 9,
      "phase": 2,
      "max_depth": 15,
      "loss": 0.2705053260225501,
      "HarmonicMeanPassRate": 85.32052605635828,
      "R_safe": 99.20997626386084,
      "R_unsafe": 74.84253129271757,
      "standard_pass_rate": 85.33782958984375,
      "f_h_positive": 247,
      "f_safe_violation": 0,
      "f_depth_unsafe": 223,
      "f_depth_safe": 4460,
      "f_unsafe_split": 0,
      "definitive_fail": 247,
      "top_n_used": 500,
      "repair_type": "Phase2_All"
    },
    {
      "iteration": 10,
      "phase": 2,
      "max_depth": 15,
      "loss": 0.2574250178625779,
      "HarmonicMeanPassRate": 85.57899362331275,
      "R_safe": 99.12359550561798,
      "R_unsafe": 75.29096714388712,
      "standard_pass_rate": 85.0006103515625,
      "f_h_positive": 244,
      "f_safe_violation": 0,
      "f_depth_unsafe": 234,
      "f_depth_safe": 4873,
      "f_unsafe_split": 0,
      "definitive_fail": 244,
      "top_n_used": 500,
      "repair_type": "Phase2_All"
    }
  ],
  "timestamp": "2026-04-21 15:42:52"
}