{
  "system": "barr4",
  "activation": "Relu",
  "method": "Harmonic Mean CBF Pass Rate (v10_ibp, LBP验证 + Bounds损失)",
  "top_n_protect": 500,
  "max_depth_start": 10,
  "max_depth_limit": 15,
  "depth_schedule": [
    10,
    12,
    15
  ],
  "num_inner_steps": 1,
  "lr": 0.005,
  "target_pass_rate": 100.0,
  "plateau_threshold": 0.5,
  "max_stagnant_iterations": 5,
  "max_total_iterations": 30,
  "original_max_depth_harmonic": 57.40541598878583,
  "original_max_depth_standard": 69.1619875083531,
  "original_max_depth_R_safe": 98.66487824086929,
  "original_max_depth_R_unsafe": 40.478292475391484,
  "final_harmonic_pass_rate": 54.47644520946739,
  "final_standard_pass_rate": 67.68646262025074,
  "final_R_safe": 98.70317746330856,
  "final_R_unsafe": 37.61982533761509,
  "harmonic_improvement": -2.9289707793184405,
  "standard_improvement": -1.4755248881023704,
  "num_iterations": 6,
  "iteration_results": [
    {
      "iteration": 1,
      "phase": 1,
      "max_depth": 10,
      "loss": 0.0,
      "HarmonicMeanPassRate": 21.125209454457565,
      "R_safe": 78.33859082833476,
      "R_unsafe": 12.208742615318545,
      "standard_pass_rate": 22.44466156578001,
      "f_h_positive": 0,
      "f_safe_violation": 0,
      "f_depth_unsafe": 206,
      "f_depth_safe": 4559,
      "f_unsafe_split": 0,
      "definitive_fail": 0,
      "top_n_used": 0,
      "repair_type": "Phase1_Definitive"
    },
    {
      "iteration": 2,
      "phase": 2,
      "max_depth": 12,
      "loss": 2633.6897588670254,
      "HarmonicMeanPassRate": 34.34538658975232,
      "R_safe": 94.13125193968584,
      "R_unsafe": 21.004643895211032,
      "standard_pass_rate": 41.589355621797594,
      "f_h_positive": 0,
      "f_safe_violation": 0,
      "f_depth_unsafe": 406,
      "f_depth_safe": 13949,
      "f_unsafe_split": 0,
      "definitive_fail": 0,
      "top_n_used": 500,
      "repair_type": "Phase2_All"
    },
    {
      "iteration": 3,
      "phase": 2,
      "max_depth": 15,
      "loss": 2005.8410879001021,
      "HarmonicMeanPassRate": 56.061549765670236,
      "R_safe": 98.67298283305804,
      "R_unsafe": 39.153365234000674,
      "standard_pass_rate": 68.42244485616916,
      "f_h_positive": 0,
      "f_safe_violation": 0,
      "f_depth_unsafe": 1283,
      "f_depth_safe": 60801,
      "f_unsafe_split": 0,
      "definitive_fail": 0,
      "top_n_used": 500,
      "repair_type": "Phase2_All"
    },
    {
      "iteration": 4,
      "phase": 2,
      "max_depth": 15,
      "loss": 1859.5696944911033,
      "HarmonicMeanPassRate": 55.497881714292454,
      "R_safe": 98.67382510801161,
      "R_unsafe": 38.605549603518675,
      "standard_pass_rate": 68.14015726314379,
      "f_h_positive": 0,
      "f_safe_violation": 0,
      "f_depth_unsafe": 1282,
      "f_depth_safe": 61357,
      "f_unsafe_split": 0,
      "definitive_fail": 0,
      "top_n_used": 500,
      "repair_type": "Phase2_All"
    },
    {
      "iteration": 5,
      "phase": 2,
      "max_depth": 15,
      "loss": 1895.8009325787425,
      "HarmonicMeanPassRate": 54.98595718023702,
      "R_safe": 98.68871445676749,
      "R_unsafe": 38.10968003376203,
      "standard_pass_rate": 67.90466328628455,
      "f_h_positive": 0,
      "f_safe_violation": 0,
      "f_depth_unsafe": 1268,
      "f_depth_safe": 61834,
      "f_unsafe_split": 0,
      "definitive_fail": 0,
      "top_n_used": 500,
      "repair_type": "Phase2_All"
    },
    {
      "iteration": 6,
      "phase": 2,
      "max_depth": 15,
      "loss": 1929.094853516668,
      "HarmonicMeanPassRate": 54.47644520946739,
      "R_safe": 98.70317746330856,
      "R_unsafe": 37.61982533761509,
      "standard_pass_rate": 67.68646262025074,
      "f_h_positive": 0,
      "f_safe_violation": 0,
      "f_depth_unsafe": 1255,
      "f_depth_safe": 62276,
      "f_unsafe_split": 0,
      "definitive_fail": 0,
      "top_n_used": 500,
      "repair_type": "Phase2_All"
    }
  ],
  "timestamp": "2026-04-19 09:21:30"
}