{
  "system": "barr4",
  "activation": "Relu",
  "method": "Harmonic Mean CBF Pass Rate (v10_ibp, LBP验证 + Bounds损失)",
  "top_n_protect": 500,
  "max_depth_start": 10,
  "max_depth_limit": 12,
  "depth_schedule": [
    10,
    12
  ],
  "num_inner_steps": 5,
  "lr": 0.005,
  "target_pass_rate": 100.0,
  "plateau_threshold": 0.5,
  "max_stagnant_iterations": 5,
  "max_total_iterations": 30,
  "original_max_depth_harmonic": 57.40541598878583,
  "original_max_depth_standard": 69.1619875083531,
  "original_max_depth_R_safe": 98.66487824086929,
  "original_max_depth_R_unsafe": 40.478292475391484,
  "final_harmonic_pass_rate": 37.49411194549902,
  "final_standard_pass_rate": 42.90771488399323,
  "final_R_safe": 94.40331669933592,
  "final_R_unsafe": 23.392436332155764,
  "harmonic_improvement": -19.911304043286812,
  "standard_improvement": -26.254272624359878,
  "num_iterations": 6,
  "iteration_results": [
    {
      "iteration": 1,
      "phase": 1,
      "max_depth": 10,
      "loss": 0.0,
      "HarmonicMeanPassRate": 20.801276057654366,
      "R_safe": 78.76288646133126,
      "R_unsafe": 11.982991943261238,
      "standard_pass_rate": 22.526041757255662,
      "f_h_positive": 0,
      "f_safe_violation": 0,
      "f_depth_unsafe": 206,
      "f_depth_safe": 4554,
      "f_unsafe_split": 0,
      "definitive_fail": 0,
      "top_n_used": 0,
      "repair_type": "Phase1_Definitive"
    },
    {
      "iteration": 2,
      "phase": 2,
      "max_depth": 12,
      "loss": 5.03794002532959,
      "HarmonicMeanPassRate": 34.54915341388586,
      "R_safe": 94.14710945621711,
      "R_unsafe": 21.156470404622258,
      "standard_pass_rate": 41.910807410947356,
      "f_h_positive": 0,
      "f_safe_violation": 0,
      "f_depth_unsafe": 409,
      "f_depth_safe": 13867,
      "f_unsafe_split": 0,
      "definitive_fail": 0,
      "top_n_used": 500,
      "repair_type": "Phase2_All"
    },
    {
      "iteration": 3,
      "phase": 2,
      "max_depth": 12,
      "loss": 2.334380567073822,
      "HarmonicMeanPassRate": 35.1644057481406,
      "R_safe": 94.24563425171512,
      "R_unsafe": 21.614553792230613,
      "standard_pass_rate": 42.26074229446116,
      "f_h_positive": 0,
      "f_safe_violation": 0,
      "f_depth_unsafe": 402,
      "f_depth_safe": 13788,
      "f_unsafe_split": 0,
      "definitive_fail": 0,
      "top_n_used": 500,
      "repair_type": "Phase2_All"
    },
    {
      "iteration": 4,
      "phase": 2,
      "max_depth": 12,
      "loss": 2.174218237400055,
      "HarmonicMeanPassRate": 35.72314324157057,
      "R_safe": 94.25788644035318,
      "R_unsafe": 22.03763353578653,
      "standard_pass_rate": 42.25260420836949,
      "f_h_positive": 0,
      "f_safe_violation": 0,
      "f_depth_unsafe": 395,
      "f_depth_safe": 13797,
      "f_unsafe_split": 0,
      "definitive_fail": 0,
      "top_n_used": 500,
      "repair_type": "Phase2_All"
    },
    {
      "iteration": 5,
      "phase": 2,
      "max_depth": 12,
      "loss": 2.0093748569488525,
      "HarmonicMeanPassRate": 36.52373504597662,
      "R_safe": 94.37178558559324,
      "R_unsafe": 22.6436329211964,
      "standard_pass_rate": 42.504882858302715,
      "f_h_positive": 0,
      "f_safe_violation": 0,
      "f_depth_unsafe": 383,
      "f_depth_safe": 13747,
      "f_unsafe_split": 0,
      "definitive_fail": 0,
      "top_n_used": 500,
      "repair_type": "Phase2_All"
    },
    {
      "iteration": 6,
      "phase": 2,
      "max_depth": 12,
      "loss": 1.8837599754333496,
      "HarmonicMeanPassRate": 37.49411194549902,
      "R_safe": 94.40331669933592,
      "R_unsafe": 23.392436332155764,
      "standard_pass_rate": 42.90771488399323,
      "f_h_positive": 0,
      "f_safe_violation": 0,
      "f_depth_unsafe": 378,
      "f_depth_safe": 13653,
      "f_unsafe_split": 0,
      "definitive_fail": 0,
      "top_n_used": 500,
      "repair_type": "Phase2_All"
    }
  ],
  "timestamp": "2026-04-21 16:17:32"
}