{
  "system": "barr4",
  "activation": "Tanh",
  "method": "Harmonic Mean CBF Pass Rate (v12_lbp_w, 完整LBP验证 + 完整LBP损失 + 边长加权)",
  "top_n_protect": 500,
  "max_depth_start": 12,
  "max_depth_limit": 12,
  "depth_schedule": [
    12
  ],
  "num_inner_steps": 5,
  "lr": 0.005,
  "target_pass_rate": 100.0,
  "plateau_threshold": 0.1,
  "max_stagnant_iterations": 5,
  "max_total_iterations": 10,
  "original_max_depth_harmonic": 18.399907238829282,
  "original_max_depth_standard": 12.6546225888788,
  "original_max_depth_R_safe": 38.17097746268612,
  "original_max_depth_R_unsafe": 12.121463989820072,
  "final_harmonic_pass_rate": 19.386695976763182,
  "final_standard_pass_rate": 12.988281504076557,
  "final_R_safe": 59.418284896638205,
  "final_R_unsafe": 11.582963160688822,
  "harmonic_improvement": 0.9867887379338995,
  "standard_improvement": 0.33365891519775737,
  "num_iterations": 6,
  "iteration_results": [
    {
      "iteration": 1,
      "phase": 1,
      "max_depth": 12,
      "loss": 0.0,
      "HarmonicMeanPassRate": 18.39990723882961,
      "R_safe": 38.17097746268609,
      "R_unsafe": 12.12146398982036,
      "standard_pass_rate": 12.654622588879095,
      "f_h_positive": 0,
      "f_safe_violation": 0,
      "f_depth_unsafe": 311,
      "f_depth_safe": 21155,
      "f_unsafe_split": 0,
      "definitive_fail": 0,
      "top_n_used": 0,
      "repair_type": "Phase1_Definitive"
    },
    {
      "iteration": 2,
      "phase": 2,
      "max_depth": 12,
      "loss": 24.94774546721414,
      "HarmonicMeanPassRate": 18.627251760239773,
      "R_safe": 42.05607795169257,
      "R_unsafe": 11.96289682797753,
      "standard_pass_rate": 12.618001502628134,
      "f_h_positive": 0,
      "f_safe_violation": 0,
      "f_depth_unsafe": 310,
      "f_depth_safe": 21165,
      "f_unsafe_split": 0,
      "definitive_fail": 0,
      "top_n_used": 191,
      "repair_type": "Phase2_All"
    },
    {
      "iteration": 3,
      "phase": 2,
      "max_depth": 12,
      "loss": 23.8637040253929,
      "HarmonicMeanPassRate": 18.909406507082874,
      "R_safe": 45.724261229230486,
      "R_unsafe": 11.91934353596354,
      "standard_pass_rate": 12.70751974556798,
      "f_h_positive": 0,
      "f_safe_violation": 0,
      "f_depth_unsafe": 311,
      "f_depth_safe": 21142,
      "f_unsafe_split": 0,
      "definitive_fail": 0,
      "top_n_used": 223,
      "repair_type": "Phase2_All"
    },
    {
      "iteration": 4,
      "phase": 2,
      "max_depth": 12,
      "loss": 22.785827298156143,
      "HarmonicMeanPassRate": 19.026935555970308,
      "R_safe": 49.91896555017546,
      "R_unsafe": 11.75341219527814,
      "standard_pass_rate": 12.711588762435122,
      "f_h_positive": 0,
      "f_safe_violation": 0,
      "f_depth_unsafe": 309,
      "f_depth_safe": 21143,
      "f_unsafe_split": 0,
      "definitive_fail": 0,
      "top_n_used": 260,
      "repair_type": "Phase2_All"
    },
    {
      "iteration": 5,
      "phase": 2,
      "max_depth": 12,
      "loss": 21.757923644757774,
      "HarmonicMeanPassRate": 19.25062644678391,
      "R_safe": 54.50450701520193,
      "R_unsafe": 11.689669706224123,
      "standard_pass_rate": 12.849935115247074,
      "f_h_positive": 0,
      "f_safe_violation": 0,
      "f_depth_unsafe": 303,
      "f_depth_safe": 21115,
      "f_unsafe_split": 0,
      "definitive_fail": 0,
      "top_n_used": 306,
      "repair_type": "Phase2_All"
    },
    {
      "iteration": 6,
      "phase": 2,
      "max_depth": 12,
      "loss": 20.743623333670133,
      "HarmonicMeanPassRate": 19.386695976763182,
      "R_safe": 59.418284896638205,
      "R_unsafe": 11.582963160688822,
      "standard_pass_rate": 12.988281504076557,
      "f_h_positive": 0,
      "f_safe_violation": 0,
      "f_depth_unsafe": 293,
      "f_depth_safe": 21091,
      "f_unsafe_split": 0,
      "definitive_fail": 0,
      "top_n_used": 361,
      "repair_type": "Phase2_All"
    }
  ],
  "timestamp": "2026-04-29 18:43:41"
}