{
  "system": "barr4",
  "activation": "Relu",
  "method": "Harmonic Mean CBF Pass Rate (v9_ibp, Bounds)",
  "top_n_protect": 500,
  "max_depth_start": 10,
  "max_depth_limit": 15,
  "depth_schedule": [
    10,
    12,
    15
  ],
  "num_inner_steps": 1,
  "lr": 0.005,
  "target_pass_rate": 100.0,
  "plateau_threshold": 0.5,
  "max_stagnant_iterations": 5,
  "max_total_iterations": 30,
  "original_max_depth_harmonic": 57.40541598878583,
  "original_max_depth_standard": 69.1619875083531,
  "original_max_depth_R_safe": 98.66487824086929,
  "original_max_depth_R_unsafe": 40.478292475391484,
  "final_harmonic_pass_rate": 77.82092636178452,
  "final_standard_pass_rate": 89.09912126487998,
  "final_R_safe": 98.62764969850124,
  "final_R_unsafe": 64.26370289698517,
  "harmonic_improvement": 20.415510372998682,
  "standard_improvement": 19.937133756526876,
  "num_iterations": 6,
  "iteration_results": [
    {
      "iteration": 1,
      "phase": 1,
      "max_depth": 10,
      "loss": 0.0,
      "HarmonicMeanPassRate": 24.75090143708656,
      "R_safe": 89.68636912658866,
      "R_unsafe": 14.356435858038862,
      "standard_pass_rate": 55.0130210176477,
      "f_h_positive": 0,
      "f_safe_violation": 0,
      "f_depth_unsafe": 342,
      "f_depth_safe": 2422,
      "f_unsafe_split": 0,
      "definitive_fail": 0,
      "top_n_used": 0,
      "repair_type": "Phase1_Definitive"
    },
    {
      "iteration": 2,
      "phase": 2,
      "max_depth": 12,
      "loss": 3190.491465449333,
      "HarmonicMeanPassRate": 51.22008314385178,
      "R_safe": 96.25964012522647,
      "R_unsafe": 34.893522904391745,
      "standard_pass_rate": 73.74674494065478,
      "f_h_positive": 0,
      "f_safe_violation": 0,
      "f_depth_unsafe": 582,
      "f_depth_safe": 5870,
      "f_unsafe_split": 0,
      "definitive_fail": 0,
      "top_n_used": 500,
      "repair_type": "Phase2_All"
    },
    {
      "iteration": 3,
      "phase": 2,
      "max_depth": 15,
      "loss": 2431.8540936112404,
      "HarmonicMeanPassRate": 78.24757157747582,
      "R_safe": 98.59942380345423,
      "R_unsafe": 64.85987985239991,
      "standard_pass_rate": 88.92415381718392,
      "f_h_positive": 0,
      "f_safe_violation": 0,
      "f_depth_unsafe": 1964,
      "f_depth_safe": 19812,
      "f_unsafe_split": 0,
      "definitive_fail": 0,
      "top_n_used": 500,
      "repair_type": "Phase2_All"
    },
    {
      "iteration": 4,
      "phase": 2,
      "max_depth": 15,
      "loss": 1987.9623978883028,
      "HarmonicMeanPassRate": 78.07719414642894,
      "R_safe": 98.60878453999895,
      "R_unsafe": 64.6220663596685,
      "standard_pass_rate": 88.97603369422846,
      "f_h_positive": 0,
      "f_safe_violation": 0,
      "f_depth_unsafe": 1960,
      "f_depth_safe": 19714,
      "f_unsafe_split": 0,
      "definitive_fail": 0,
      "top_n_used": 500,
      "repair_type": "Phase2_All"
    },
    {
      "iteration": 5,
      "phase": 2,
      "max_depth": 15,
      "loss": 2014.3806450814009,
      "HarmonicMeanPassRate": 77.89604582084887,
      "R_safe": 98.61549123247903,
      "R_unsafe": 64.3713990195503,
      "standard_pass_rate": 89.00349951846646,
      "f_h_positive": 0,
      "f_safe_violation": 0,
      "f_depth_unsafe": 1958,
      "f_depth_safe": 19662,
      "f_unsafe_split": 0,
      "definitive_fail": 0,
      "top_n_used": 500,
      "repair_type": "Phase2_All"
    },
    {
      "iteration": 6,
      "phase": 2,
      "max_depth": 15,
      "loss": 2071.4138479083776,
      "HarmonicMeanPassRate": 77.82092636178452,
      "R_safe": 98.62764969850124,
      "R_unsafe": 64.26370289698517,
      "standard_pass_rate": 89.09912126487998,
      "f_h_positive": 0,
      "f_safe_violation": 0,
      "f_depth_unsafe": 1950,
      "f_depth_safe": 19482,
      "f_unsafe_split": 0,
      "definitive_fail": 0,
      "top_n_used": 500,
      "repair_type": "Phase2_All"
    }
  ],
  "timestamp": "2026-04-18 22:20:36"
}