{
  "system": "barr2",
  "activation": "Sigmoid",
  "method": "Harmonic Mean CBF Pass Rate (v8, 简化梯度更新)",
  "top_n_protect": 500,
  "max_depth_start": 10,
  "max_depth_limit": 15,
  "depth_schedule": [
    10,
    12,
    15
  ],
  "num_inner_steps": 5,
  "lr": 0.005,
  "target_pass_rate": 100.0,
  "plateau_threshold": 0.5,
  "max_stagnant_iterations": 5,
  "max_total_iterations": 30,
  "original_max_depth_harmonic": 81.73413555695582,
  "original_max_depth_standard": 91.754150390625,
  "original_max_depth_R_safe": 99.97192033695596,
  "original_max_depth_R_unsafe": 69.12392244465447,
  "final_harmonic_pass_rate": 89.28571428571428,
  "final_standard_pass_rate": 94.43359375,
  "final_R_safe": 100.0,
  "final_R_unsafe": 80.64516129032258,
  "harmonic_improvement": 7.551578728758457,
  "standard_improvement": 2.679443359375,
  "num_iterations": 10,
  "iteration_results": [
    {
      "iteration": 1,
      "phase": 1,
      "max_depth": 10,
      "loss": 0.5212218165397644,
      "HarmonicMeanPassRate": 88.79829501016738,
      "R_safe": 99.93178717598909,
      "R_unsafe": 79.89690721649485,
      "standard_pass_rate": 94.23828125,
      "f_h_positive": 21,
      "f_safe_violation": 0,
      "f_depth": 2,
      "f_unsafe_split": 0,
      "definitive_fail": 21,
      "top_n_used": 239,
      "repair_type": "Phase1_Definitive"
    },
    {
      "iteration": 2,
      "phase": 1,
      "max_depth": 10,
      "loss": 0.1897531896829605,
      "HarmonicMeanPassRate": 88.94682195496183,
      "R_safe": 88.52791878172589,
      "R_unsafe": 89.36970837253058,
      "standard_pass_rate": 88.96484375,
      "f_h_positive": 0,
      "f_safe_violation": 0,
      "f_depth": 226,
      "f_unsafe_split": 0,
      "definitive_fail": 0,
      "top_n_used": 376,
      "repair_type": "Phase1_Definitive"
    },
    {
      "iteration": 3,
      "phase": 1,
      "max_depth": 10,
      "loss": 0.1897531896829605,
      "HarmonicMeanPassRate": 88.94682195496183,
      "R_safe": 88.52791878172589,
      "R_unsafe": 89.36970837253058,
      "standard_pass_rate": 88.96484375,
      "f_h_positive": 0,
      "f_safe_violation": 0,
      "f_depth": 226,
      "f_unsafe_split": 0,
      "definitive_fail": 0,
      "top_n_used": 376,
      "repair_type": "Phase1_Definitive"
    },
    {
      "iteration": 4,
      "phase": 2,
      "max_depth": 12,
      "loss": 0.14491623640060425,
      "HarmonicMeanPassRate": 92.29956319298378,
      "R_safe": 92.57858662254786,
      "R_unsafe": 92.02221661196668,
      "standard_pass_rate": 92.3095703125,
      "f_h_positive": 2,
      "f_safe_violation": 0,
      "f_depth": 628,
      "f_unsafe_split": 0,
      "definitive_fail": 2,
      "top_n_used": 236,
      "repair_type": "Phase2_All"
    },
    {
      "iteration": 5,
      "phase": 2,
      "max_depth": 15,
      "loss": 0.13346826689583915,
      "HarmonicMeanPassRate": 92.62497181784175,
      "R_safe": 96.08115803832757,
      "R_unsafe": 89.40880050391434,
      "standard_pass_rate": 93.2525634765625,
      "f_h_positive": 120,
      "f_safe_violation": 0,
      "f_depth": 2959,
      "f_unsafe_split": 0,
      "definitive_fail": 120,
      "top_n_used": 380,
      "repair_type": "Phase2_All"
    },
    {
      "iteration": 6,
      "phase": 2,
      "max_depth": 15,
      "loss": 0.09497842516419794,
      "HarmonicMeanPassRate": 89.28571428571428,
      "R_safe": 100.0,
      "R_unsafe": 80.64516129032258,
      "standard_pass_rate": 94.43359375,
      "f_h_positive": 23,
      "f_safe_violation": 0,
      "f_depth": 0,
      "f_unsafe_split": 0,
      "definitive_fail": 23,
      "top_n_used": 500,
      "repair_type": "Phase2_All"
    },
    {
      "iteration": 7,
      "phase": 2,
      "max_depth": 15,
      "loss": 0.36813774704933167,
      "HarmonicMeanPassRate": 91.4330934754731,
      "R_safe": 99.40766031553258,
      "R_unsafe": 84.64296316594734,
      "standard_pass_rate": 94.47479248046875,
      "f_h_positive": 32,
      "f_safe_violation": 0,
      "f_depth": 517,
      "f_unsafe_split": 0,
      "definitive_fail": 32,
      "top_n_used": 417,
      "repair_type": "Phase2_All"
    },
    {
      "iteration": 8,
      "phase": 2,
      "max_depth": 15,
      "loss": 0.13060908806671429,
      "HarmonicMeanPassRate": 89.7204688908927,
      "R_safe": 100.0,
      "R_unsafe": 81.35731807031888,
      "standard_pass_rate": 94.43359375,
      "f_h_positive": 24,
      "f_safe_violation": 0,
      "f_depth": 0,
      "f_unsafe_split": 0,
      "definitive_fail": 24,
      "top_n_used": 500,
      "repair_type": "Phase2_All"
    },
    {
      "iteration": 9,
      "phase": 2,
      "max_depth": 15,
      "loss": 0.34280747175216675,
      "HarmonicMeanPassRate": 91.30865248781011,
      "R_safe": 98.81977895760815,
      "R_unsafe": 84.85868543574723,
      "standard_pass_rate": 93.94683837890625,
      "f_h_positive": 37,
      "f_safe_violation": 0,
      "f_depth": 1007,
      "f_unsafe_split": 0,
      "definitive_fail": 37,
      "top_n_used": 454,
      "repair_type": "Phase2_All"
    },
    {
      "iteration": 10,
      "phase": 2,
      "max_depth": 15,
      "loss": 0.11340031522358286,
      "HarmonicMeanPassRate": 89.28571428571428,
      "R_safe": 100.0,
      "R_unsafe": 80.64516129032258,
      "standard_pass_rate": 94.43359375,
      "f_h_positive": 24,
      "f_safe_violation": 0,
      "f_depth": 0,
      "f_unsafe_split": 0,
      "definitive_fail": 24,
      "top_n_used": 500,
      "repair_type": "Phase2_All"
    }
  ],
  "timestamp": "2026-04-15 12:36:24"
}