{
  "system": "barr3",
  "activation": "Sigmoid",
  "method": "Harmonic Mean CBF Pass Rate (v8, 简化梯度更新)",
  "top_n_protect": 500,
  "max_depth_start": 10,
  "max_depth_limit": 15,
  "depth_schedule": [
    10,
    12,
    15
  ],
  "num_inner_steps": 5,
  "lr": 0.005,
  "target_pass_rate": 100.0,
  "plateau_threshold": 0.5,
  "max_stagnant_iterations": 5,
  "max_total_iterations": 30,
  "original_max_depth_harmonic": 72.48511133341746,
  "original_max_depth_standard": 83.20159912109375,
  "original_max_depth_R_safe": 99.89029346498117,
  "original_max_depth_R_unsafe": 56.879940225726536,
  "final_harmonic_pass_rate": 90.10057423026277,
  "final_standard_pass_rate": 91.5771484375,
  "final_R_safe": 99.9299028653992,
  "final_R_unsafe": 82.03174810770162,
  "harmonic_improvement": 17.6154628968453,
  "standard_improvement": 8.37554931640625,
  "num_iterations": 30,
  "iteration_results": [
    {
      "iteration": 1,
      "phase": 1,
      "max_depth": 10,
      "loss": 0.21026656031608582,
      "HarmonicMeanPassRate": 79.1679463467795,
      "R_safe": 98.8367083153813,
      "R_unsafe": 66.0281690140845,
      "standard_pass_rate": 84.619140625,
      "f_h_positive": 25,
      "f_safe_violation": 0,
      "f_depth": 27,
      "f_unsafe_split": 0,
      "definitive_fail": 25,
      "top_n_used": 251,
      "repair_type": "Phase1_Definitive"
    },
    {
      "iteration": 2,
      "phase": 1,
      "max_depth": 10,
      "loss": 0.3414810597896576,
      "HarmonicMeanPassRate": 86.71180111760114,
      "R_safe": 96.23352165725048,
      "R_unsafe": 78.90466531440163,
      "standard_pass_rate": 87.890625,
      "f_h_positive": 17,
      "f_safe_violation": 0,
      "f_depth": 80,
      "f_unsafe_split": 0,
      "definitive_fail": 17,
      "top_n_used": 280,
      "repair_type": "Phase1_Definitive"
    },
    {
      "iteration": 3,
      "phase": 1,
      "max_depth": 10,
      "loss": 0.26897498965263367,
      "HarmonicMeanPassRate": 73.57151888845553,
      "R_safe": 67.26238830219334,
      "R_unsafe": 81.18673647469458,
      "standard_pass_rate": 77.001953125,
      "f_h_positive": 34,
      "f_safe_violation": 0,
      "f_depth": 403,
      "f_unsafe_split": 0,
      "definitive_fail": 34,
      "top_n_used": 403,
      "repair_type": "Phase1_Definitive"
    },
    {
      "iteration": 4,
      "phase": 1,
      "max_depth": 10,
      "loss": 0.11786152422428131,
      "HarmonicMeanPassRate": 75.92715268870187,
      "R_safe": 62.78481012658228,
      "R_unsafe": 96.02810051337475,
      "standard_pass_rate": 92.822265625,
      "f_h_positive": 0,
      "f_safe_violation": 0,
      "f_depth": 147,
      "f_unsafe_split": 0,
      "definitive_fail": 0,
      "top_n_used": 246,
      "repair_type": "Phase1_Definitive"
    },
    {
      "iteration": 5,
      "phase": 1,
      "max_depth": 10,
      "loss": 0.11786152422428131,
      "HarmonicMeanPassRate": 75.92715268870187,
      "R_safe": 62.78481012658228,
      "R_unsafe": 96.02810051337475,
      "standard_pass_rate": 92.822265625,
      "f_h_positive": 0,
      "f_safe_violation": 0,
      "f_depth": 147,
      "f_unsafe_split": 0,
      "definitive_fail": 0,
      "top_n_used": 246,
      "repair_type": "Phase1_Definitive"
    },
    {
      "iteration": 6,
      "phase": 2,
      "max_depth": 12,
      "loss": 0.15407244861125946,
      "HarmonicMeanPassRate": 87.74977870196261,
      "R_safe": 79.93920972644378,
      "R_unsafe": 97.25190839694656,
      "standard_pass_rate": 95.166015625,
      "f_h_positive": 0,
      "f_safe_violation": 0,
      "f_depth": 396,
      "f_unsafe_split": 0,
      "definitive_fail": 0,
      "top_n_used": 74,
      "repair_type": "Phase2_All"
    },
    {
      "iteration": 7,
      "phase": 2,
      "max_depth": 15,
      "loss": 0.14783800671799013,
      "HarmonicMeanPassRate": 88.78698590227722,
      "R_safe": 82.1491457669062,
      "R_unsafe": 96.5918280195168,
      "standard_pass_rate": 94.27642822265625,
      "f_h_positive": 0,
      "f_safe_violation": 0,
      "f_depth": 3751,
      "f_unsafe_split": 0,
      "definitive_fail": 0,
      "top_n_used": 183,
      "repair_type": "Phase2_All"
    },
    {
      "iteration": 8,
      "phase": 2,
      "max_depth": 15,
      "loss": 0.10301593808103199,
      "HarmonicMeanPassRate": 90.58528276729122,
      "R_safe": 94.30384444114591,
      "R_unsafe": 87.14885456618639,
      "standard_pass_rate": 90.0909423828125,
      "f_h_positive": 45,
      "f_safe_violation": 0,
      "f_depth": 3070,
      "f_unsafe_split": 0,
      "definitive_fail": 45,
      "top_n_used": 384,
      "repair_type": "Phase2_All"
    },
    {
      "iteration": 9,
      "phase": 2,
      "max_depth": 15,
      "loss": 0.0932753679505512,
      "HarmonicMeanPassRate": 90.14078864228978,
      "R_safe": 98.87436181011104,
      "R_unsafe": 82.82486744025206,
      "standard_pass_rate": 90.90728759765625,
      "f_h_positive": 28,
      "f_safe_violation": 0,
      "f_depth": 743,
      "f_unsafe_split": 0,
      "definitive_fail": 28,
      "top_n_used": 500,
      "repair_type": "Phase2_All"
    },
    {
      "iteration": 10,
      "phase": 2,
      "max_depth": 15,
      "loss": 0.1290867976776666,
      "HarmonicMeanPassRate": 89.95945737355366,
      "R_safe": 99.78323493340179,
      "R_unsafe": 81.89663658736669,
      "standard_pass_rate": 91.46575927734375,
      "f_h_positive": 38,
      "f_safe_violation": 0,
      "f_depth": 152,
      "f_unsafe_split": 0,
      "definitive_fail": 38,
      "top_n_used": 500,
      "repair_type": "Phase2_All"
    },
    {
      "iteration": 11,
      "phase": 2,
      "max_depth": 15,
      "loss": 0.15373145341873168,
      "HarmonicMeanPassRate": 90.411103506868,
      "R_safe": 99.47782620985139,
      "R_unsafe": 82.85906691933033,
      "standard_pass_rate": 91.3818359375,
      "f_h_positive": 38,
      "f_safe_violation": 0,
      "f_depth": 351,
      "f_unsafe_split": 0,
      "definitive_fail": 38,
      "top_n_used": 500,
      "repair_type": "Phase2_All"
    },
    {
      "iteration": 12,
      "phase": 2,
      "max_depth": 15,
      "loss": 0.1461538908797242,
      "HarmonicMeanPassRate": 90.0575319917833,
      "R_safe": 99.67437081204683,
      "R_unsafe": 82.1331181928197,
      "standard_pass_rate": 91.38031005859375,
      "f_h_positive": 38,
      "f_safe_violation": 0,
      "f_depth": 225,
      "f_unsafe_split": 0,
      "definitive_fail": 38,
      "top_n_used": 500,
      "repair_type": "Phase2_All"
    },
    {
      "iteration": 13,
      "phase": 2,
      "max_depth": 15,
      "loss": 0.15279801555346173,
      "HarmonicMeanPassRate": 90.51218189566701,
      "R_safe": 99.38702049791405,
      "R_unsafe": 83.09238500193274,
      "standard_pass_rate": 91.34674072265625,
      "f_h_positive": 25,
      "f_safe_violation": 0,
      "f_depth": 407,
      "f_unsafe_split": 0,
      "definitive_fail": 25,
      "top_n_used": 500,
      "repair_type": "Phase2_All"
    },
    {
      "iteration": 14,
      "phase": 2,
      "max_depth": 15,
      "loss": 0.14489433628127532,
      "HarmonicMeanPassRate": 90.2761593406827,
      "R_safe": 99.60413106037367,
      "R_unsafe": 82.5457158827757,
      "standard_pass_rate": 91.455078125,
      "f_h_positive": 37,
      "f_safe_violation": 0,
      "f_depth": 271,
      "f_unsafe_split": 0,
      "definitive_fail": 37,
      "top_n_used": 500,
      "repair_type": "Phase2_All"
    },
    {
      "iteration": 15,
      "phase": 2,
      "max_depth": 15,
      "loss": 0.14630307770007617,
      "HarmonicMeanPassRate": 90.18278515300986,
      "R_safe": 99.76157245871133,
      "R_unsafe": 82.28230156691497,
      "standard_pass_rate": 91.455078125,
      "f_h_positive": 35,
      "f_safe_violation": 0,
      "f_depth": 164,
      "f_unsafe_split": 0,
      "definitive_fail": 35,
      "top_n_used": 500,
      "repair_type": "Phase2_All"
    },
    {
      "iteration": 16,
      "phase": 2,