{
  "system": "simple_2d",
  "activation": "Relu",
  "method": "Harmonic Mean CBF Pass Rate (v8, 简化梯度更新)",
  "top_n_protect": 500,
  "max_depth_start": 10,
  "max_depth_limit": 15,
  "depth_schedule": [
    10,
    12,
    15
  ],
  "num_inner_steps": 5,
  "lr": 0.005,
  "target_pass_rate": 100.0,
  "plateau_threshold": 0.5,
  "max_stagnant_iterations": 5,
  "max_total_iterations": 30,
  "original_max_depth_harmonic": 90.95425050519633,
  "original_max_depth_standard": 96.2554931640625,
  "original_max_depth_R_safe": 97.86158699175657,
  "original_max_depth_R_unsafe": 84.95770503861714,
  "final_harmonic_pass_rate": 89.24020631393589,
  "final_standard_pass_rate": 96.417236328125,
  "final_R_safe": 98.12887331747777,
  "final_R_unsafe": 81.8280898060016,
  "harmonic_improvement": -1.7140441912604416,
  "standard_improvement": 0.1617431640625,
  "num_iterations": 6,
  "iteration_results": [
    {
      "iteration": 1,
      "phase": 1,
      "max_depth": 10,
      "loss": 0.0,
      "HarmonicMeanPassRate": 47.546451007741275,
      "R_safe": 76.70416942422237,
      "R_unsafe": 34.45065176908753,
      "standard_pass_rate": 65.625,
      "f_h_positive": 0,
      "f_safe_violation": 0,
      "f_depth": 704,
      "f_unsafe_split": 0,
      "definitive_fail": 0,
      "top_n_used": 0,
      "repair_type": "Phase1_Definitive"
    },
    {
      "iteration": 2,
      "phase": 2,
      "max_depth": 12,
      "loss": 0.13396980274807324,
      "HarmonicMeanPassRate": 68.1934070451739,
      "R_safe": 92.03324258489755,
      "R_unsafe": 54.16323165704864,
      "standard_pass_rate": 86.42578125,
      "f_h_positive": 0,
      "f_safe_violation": 0,
      "f_depth": 1112,
      "f_unsafe_split": 0,
      "definitive_fail": 0,
      "top_n_used": 500,
      "repair_type": "Phase2_All"
    },
    {
      "iteration": 3,
      "phase": 2,
      "max_depth": 15,
      "loss": 0.09308090298867905,
      "HarmonicMeanPassRate": 87.86925429094457,
      "R_safe": 97.90578562523166,
      "R_unsafe": 79.69912649627953,
      "standard_pass_rate": 96.1883544921875,
      "f_h_positive": 9,
      "f_safe_violation": 0,
      "f_depth": 2486,
      "f_unsafe_split": 0,
      "definitive_fail": 9,
      "top_n_used": 500,
      "repair_type": "Phase2_All"
    },
    {
      "iteration": 4,
      "phase": 2,
      "max_depth": 15,
      "loss": 0.06638970067022361,
      "HarmonicMeanPassRate": 88.72367870753963,
      "R_safe": 98.01910541885283,
      "R_unsafe": 81.03856433753342,
      "standard_pass_rate": 96.3226318359375,
      "f_h_positive": 19,
      "f_safe_violation": 0,
      "f_depth": 2337,
      "f_unsafe_split": 0,
      "definitive_fail": 19,
      "top_n_used": 500,
      "repair_type": "Phase2_All"
    },
    {
      "iteration": 5,
      "phase": 2,
      "max_depth": 15,
      "loss": 0.0558114858955773,
      "HarmonicMeanPassRate": 88.95312493531186,
      "R_safe": 98.05186515400393,
      "R_unsafe": 81.39963167587477,
      "standard_pass_rate": 96.32720947265625,
      "f_h_positive": 40,
      "f_safe_violation": 0,
      "f_depth": 2289,
      "f_unsafe_split": 0,
      "definitive_fail": 40,
      "top_n_used": 500,
      "repair_type": "Phase2_All"
    },
    {
      "iteration": 6,
      "phase": 2,
      "max_depth": 15,
      "loss": 0.05251884238072336,
      "HarmonicMeanPassRate": 89.24020631393589,
      "R_safe": 98.12887331747777,
      "R_unsafe": 81.8280898060016,
      "standard_pass_rate": 96.417236328125,
      "f_h_positive": 45,
      "f_safe_violation": 0,
      "f_depth": 2195,
      "f_unsafe_split": 0,
      "definitive_fail": 45,
      "top_n_used": 500,
      "repair_type": "Phase2_All"
    }
  ],
  "timestamp": "2026-04-14 15:08:14"
}