{
  "system": "barr2",
  "activation": "Relu",
  "method": "Harmonic Mean CBF Pass Rate (v8, 简化梯度更新)",
  "top_n_protect": 500,
  "max_depth_start": 10,
  "max_depth_limit": 15,
  "depth_schedule": [
    10,
    12,
    15
  ],
  "num_inner_steps": 5,
  "lr": 0.005,
  "target_pass_rate": 100.0,
  "plateau_threshold": 0.5,
  "max_stagnant_iterations": 5,
  "max_total_iterations": 30,
  "original_max_depth_harmonic": 97.58389688914463,
  "original_max_depth_standard": 97.70965576171875,
  "original_max_depth_R_safe": 97.06081484726592,
  "original_max_depth_R_unsafe": 98.11264748806491,
  "final_harmonic_pass_rate": 97.34802790329378,
  "final_standard_pass_rate": 97.589111328125,
  "final_R_safe": 96.5664116828929,
  "final_R_unsafe": 98.14240030097818,
  "harmonic_improvement": -0.2358689858508427,
  "standard_improvement": -0.12054443359375,
  "num_iterations": 7,
  "iteration_results": [
    {
      "iteration": 1,
      "phase": 1,
      "max_depth": 10,
      "loss": 0.025860611349344254,
      "HarmonicMeanPassRate": 54.00404480124076,
      "R_safe": 40.21276595744681,
      "R_unsafe": 82.19264892268696,
      "standard_pass_rate": 72.55859375,
      "f_h_positive": 0,
      "f_safe_violation": 0,
      "f_depth": 562,
      "f_unsafe_split": 0,
      "definitive_fail": 0,
      "top_n_used": 500,
      "repair_type": "Phase1_Definitive"
    },
    {
      "iteration": 2,
      "phase": 1,
      "max_depth": 10,
      "loss": 0.025860611349344254,
      "HarmonicMeanPassRate": 54.00404480124076,
      "R_safe": 40.21276595744681,
      "R_unsafe": 82.19264892268696,
      "standard_pass_rate": 72.55859375,
      "f_h_positive": 0,
      "f_safe_violation": 0,
      "f_depth": 562,
      "f_unsafe_split": 0,
      "definitive_fail": 0,
      "top_n_used": 500,
      "repair_type": "Phase1_Definitive"
    },
    {
      "iteration": 3,
      "phase": 2,
      "max_depth": 12,
      "loss": 0.007938458591869679,
      "HarmonicMeanPassRate": 85.78185258877856,
      "R_safe": 80.40978465398285,
      "R_unsafe": 91.92311007671753,
      "standard_pass_rate": 88.56201171875,
      "f_h_positive": 0,
      "f_safe_violation": 0,
      "f_depth": 937,
      "f_unsafe_split": 0,
      "definitive_fail": 0,
      "top_n_used": 134,
      "repair_type": "Phase2_All"
    },
    {
      "iteration": 4,
      "phase": 2,
      "max_depth": 15,
      "loss": 0.00808928119653741,
      "HarmonicMeanPassRate": 97.43607326146143,
      "R_safe": 96.59519079262863,
      "R_unsafe": 98.29172443028837,
      "standard_pass_rate": 97.72491455078125,
      "f_h_positive": 0,
      "f_safe_violation": 0,
      "f_depth": 1491,
      "f_unsafe_split": 0,
      "definitive_fail": 0,
      "top_n_used": 500,
      "repair_type": "Phase2_All"
    },
    {
      "iteration": 5,
      "phase": 2,
      "max_depth": 15,
      "loss": 0.013108112078502345,
      "HarmonicMeanPassRate": 97.42218161984633,
      "R_safe": 96.60800358704181,
      "R_unsafe": 98.25019949807441,
      "standard_pass_rate": 97.69134521484375,
      "f_h_positive": 0,
      "f_safe_violation": 0,
      "f_depth": 1513,
      "f_unsafe_split": 0,
      "definitive_fail": 0,
      "top_n_used": 500,
      "repair_type": "Phase2_All"
    },
    {
      "iteration": 6,
      "phase": 2,
      "max_depth": 15,
      "loss": 0.014546064513145164,
      "HarmonicMeanPassRate": 97.34178242751013,
      "R_safe": 96.53256916124766,
      "R_unsafe": 98.16467733090646,
      "standard_pass_rate": 97.59979248046875,
      "f_h_positive": 0,
      "f_safe_violation": 0,
      "f_depth": 1573,
      "f_unsafe_split": 0,
      "definitive_fail": 0,
      "top_n_used": 500,
      "repair_type": "Phase2_All"
    },
    {
      "iteration": 7,
      "phase": 2,
      "max_depth": 15,
      "loss": 0.01297497729966349,
      "HarmonicMeanPassRate": 97.34802790329378,
      "R_safe": 96.5664116828929,
      "R_unsafe": 98.14240030097818,
      "standard_pass_rate": 97.589111328125,
      "f_h_positive": 0,
      "f_safe_violation": 0,
      "f_depth": 1580,
      "f_unsafe_split": 0,
      "definitive_fail": 0,
      "top_n_used": 500,
      "repair_type": "Phase2_All"
    }
  ],
  "timestamp": "2026-04-15 12:59:18"
}