{
  "system": "barr3",
  "activation": "Relu",
  "method": "Harmonic Mean CBF Pass Rate (v8, 简化梯度更新)",
  "top_n_protect": 500,
  "max_depth_start": 10,
  "max_depth_limit": 15,
  "depth_schedule": [
    10,
    12,
    15
  ],
  "num_inner_steps": 5,
  "lr": 0.005,
  "target_pass_rate": 100.0,
  "plateau_threshold": 0.5,
  "max_stagnant_iterations": 5,
  "max_total_iterations": 30,
  "original_max_depth_harmonic": 92.8938805117116,
  "original_max_depth_standard": 92.99774169921875,
  "original_max_depth_R_safe": 93.73103316291659,
  "original_max_depth_R_unsafe": 92.07154943195552,
  "final_harmonic_pass_rate": 92.81526506998367,
  "final_standard_pass_rate": 92.94586181640625,
  "final_R_safe": 93.75945537065053,
  "final_R_unsafe": 91.8899018232819,
  "harmonic_improvement": -0.07861544172793344,
  "standard_improvement": -0.0518798828125,
  "num_iterations": 9,
  "iteration_results": [
    {
      "iteration": 1,
      "phase": 1,
      "max_depth": 10,
      "loss": 0.0013282208237797022,
      "HarmonicMeanPassRate": 59.95724601788368,
      "R_safe": 53.170731707317074,
      "R_unsafe": 68.72964169381108,
      "standard_pass_rate": 62.5,
      "f_h_positive": 0,
      "f_safe_violation": 0,
      "f_depth": 768,
      "f_unsafe_split": 0,
      "definitive_fail": 0,
      "top_n_used": 500,
      "repair_type": "Phase1_Definitive"
    },
    {
      "iteration": 2,
      "phase": 1,
      "max_depth": 10,
      "loss": 0.0013282208237797022,
      "HarmonicMeanPassRate": 59.95724601788368,
      "R_safe": 53.170731707317074,
      "R_unsafe": 68.72964169381108,
      "standard_pass_rate": 62.5,
      "f_h_positive": 0,
      "f_safe_violation": 0,
      "f_depth": 768,
      "f_unsafe_split": 0,
      "definitive_fail": 0,
      "top_n_used": 500,
      "repair_type": "Phase1_Definitive"
    },
    {
      "iteration": 3,
      "phase": 2,
      "max_depth": 12,
      "loss": 0.024795263384779293,
      "HarmonicMeanPassRate": 77.74937999646525,
      "R_safe": 76.20549205097885,
      "R_unsafe": 79.35711843155136,
      "standard_pass_rate": 77.89306640625,
      "f_h_positive": 0,
      "f_safe_violation": 0,
      "f_depth": 1811,
      "f_unsafe_split": 0,
      "definitive_fail": 0,
      "top_n_used": 223,
      "repair_type": "Phase2_All"
    },
    {
      "iteration": 4,
      "phase": 2,
      "max_depth": 15,
      "loss": 0.004401266190194083,
      "HarmonicMeanPassRate": 92.98336320097424,
      "R_safe": 93.66792788782551,
      "R_unsafe": 92.30873208975399,
      "standard_pass_rate": 93.05419921875,
      "f_h_positive": 0,
      "f_safe_violation": 0,
      "f_depth": 4552,
      "f_unsafe_split": 0,
      "definitive_fail": 0,
      "top_n_used": 500,
      "repair_type": "Phase2_All"
    },
    {
      "iteration": 5,
      "phase": 2,
      "max_depth": 15,
      "loss": 0.0018202578539721528,
      "HarmonicMeanPassRate": 92.80274191162687,
      "R_safe": 93.73350119806685,
      "R_unsafe": 91.89028547453805,
      "standard_pass_rate": 92.9290771484375,
      "f_h_positive": 4,
      "f_safe_violation": 0,
      "f_depth": 4629,
      "f_unsafe_split": 0,
      "definitive_fail": 4,
      "top_n_used": 500,
      "repair_type": "Phase2_All"
    },
    {
      "iteration": 6,
      "phase": 2,
      "max_depth": 15,
      "loss": 0.006816150826174992,
      "HarmonicMeanPassRate": 92.82001069576023,
      "R_safe": 93.47381971846752,
      "R_unsafe": 92.17528436734557,
      "standard_pass_rate": 92.88330078125,
      "f_h_positive": 0,
      "f_safe_violation": 0,
      "f_depth": 4664,
      "f_unsafe_split": 0,
      "definitive_fail": 0,
      "top_n_used": 500,
      "repair_type": "Phase2_All"
    },
    {
      "iteration": 7,
      "phase": 2,
      "max_depth": 15,
      "loss": 0.0018777948739662988,
      "HarmonicMeanPassRate": 92.7492526706857,
      "R_safe": 93.7656128287088,
      "R_unsafe": 91.75468965273608,
      "standard_pass_rate": 92.89703369140625,
      "f_h_positive": 7,
      "f_safe_violation": 0,
      "f_depth": 4642,
      "f_unsafe_split": 0,
      "definitive_fail": 7,
      "top_n_used": 500,
      "repair_type": "Phase2_All"
    },
    {
      "iteration": 8,
      "phase": 2,
      "max_depth": 15,
      "loss": 0.005614490082560734,
      "HarmonicMeanPassRate": 92.99046749522168,
      "R_safe": 93.66231522632599,
      "R_unsafe": 92.32818956067122,
      "standard_pass_rate": 93.05877685546875,
      "f_h_positive": 0,
      "f_safe_violation": 0,
      "f_depth": 4549,
      "f_unsafe_split": 0,
      "definitive_fail": 0,
      "top_n_used": 500,
      "repair_type": "Phase2_All"
    },
    {
      "iteration": 9,
      "phase": 2,
      "max_depth": 15,
      "loss": 0.0016642210475490843,
      "HarmonicMeanPassRate": 92.81526506998367,
      "R_safe": 93.75945537065053,
      "R_unsafe": 91.8899018232819,
      "standard_pass_rate": 92.94586181640625,
      "f_h_positive": 2,
      "f_safe_violation": 0,
      "f_depth": 4620,
      "f_unsafe_split": 0,
      "definitive_fail": 2,
      "top_n_used": 500,
      "repair_type": "Phase2_All"
    }
  ],
  "timestamp": "2026-04-15 13:06:29"
}