{
  "system": "barr1",
  "activation": "Tanh",
  "method": "Harmonic Mean CBF Pass Rate (v8, 简化梯度更新)",
  "top_n_protect": 500,
  "max_depth_start": 10,
  "max_depth_limit": 15,
  "depth_schedule": [
    10,
    12,
    15
  ],
  "num_inner_steps": 5,
  "lr": 0.005,
  "target_pass_rate": 100.0,
  "plateau_threshold": 0.5,
  "max_stagnant_iterations": 5,
  "max_total_iterations": 30,
  "original_max_depth_harmonic": 95.29438846474417,
  "original_max_depth_standard": 95.11260986328125,
  "original_max_depth_R_safe": 99.72916945298917,
  "original_max_depth_R_unsafe": 91.2372291456158,
  "final_harmonic_pass_rate": 97.18285099486023,
  "final_standard_pass_rate": 96.98333740234375,
  "final_R_safe": 98.83692067657175,
  "final_R_unsafe": 95.58323289138877,
  "harmonic_improvement": 1.8884625301160582,
  "standard_improvement": 1.8707275390625,
  "num_iterations": 7,
  "iteration_results": [
    {
      "iteration": 1,
      "phase": 1,
      "max_depth": 10,
      "loss": 0.11150123924016953,
      "HarmonicMeanPassRate": 71.22279185914313,
      "R_safe": 64.05498281786942,
      "R_unsafe": 80.19689511548656,
      "standard_pass_rate": 74.462890625,
      "f_h_positive": 0,
      "f_safe_violation": 0,
      "f_depth": 523,
      "f_unsafe_split": 0,
      "definitive_fail": 0,
      "top_n_used": 500,
      "repair_type": "Phase1_Definitive"
    },
    {
      "iteration": 2,
      "phase": 1,
      "max_depth": 10,
      "loss": 0.11150123924016953,
      "HarmonicMeanPassRate": 71.22279185914313,
      "R_safe": 64.05498281786942,
      "R_unsafe": 80.19689511548656,
      "standard_pass_rate": 74.462890625,
      "f_h_positive": 0,
      "f_safe_violation": 0,
      "f_depth": 523,
      "f_unsafe_split": 0,
      "definitive_fail": 0,
      "top_n_used": 500,
      "repair_type": "Phase1_Definitive"
    },
    {
      "iteration": 3,
      "phase": 2,
      "max_depth": 12,
      "loss": 0.01989509794241384,
      "HarmonicMeanPassRate": 92.3324988331141,
      "R_safe": 93.29446064139941,
      "R_unsafe": 91.39017219655608,
      "standard_pass_rate": 92.1875,
      "f_h_positive": 117,
      "f_safe_violation": 0,
      "f_depth": 460,
      "f_unsafe_split": 0,
      "definitive_fail": 117,
      "top_n_used": 373,
      "repair_type": "Phase2_All"
    },
    {
      "iteration": 4,
      "phase": 2,
      "max_depth": 15,
      "loss": 0.1004097343162606,
      "HarmonicMeanPassRate": 97.25330332073001,
      "R_safe": 98.9713183555381,
      "R_unsafe": 95.59391566104584,
      "standard_pass_rate": 97.0367431640625,
      "f_h_positive": 411,
      "f_safe_violation": 0,
      "f_depth": 576,
      "f_unsafe_split": 0,
      "definitive_fail": 411,
      "top_n_used": 500,
      "repair_type": "Phase2_All"
    },
    {
      "iteration": 5,
      "phase": 2,
      "max_depth": 15,
      "loss": 0.1616108834501941,
      "HarmonicMeanPassRate": 97.1991046433876,
      "R_safe": 98.7258308830081,
      "R_unsafe": 95.71887882385901,
      "standard_pass_rate": 97.0062255859375,
      "f_h_positive": 503,
      "f_safe_violation": 0,
      "f_depth": 715,
      "f_unsafe_split": 0,
      "definitive_fail": 503,
      "top_n_used": 500,
      "repair_type": "Phase2_All"
    },
    {
      "iteration": 6,
      "phase": 2,
      "max_depth": 15,
      "loss": 0.16097641251797745,
      "HarmonicMeanPassRate": 97.23618541464313,
      "R_safe": 98.83613654105457,
      "R_unsafe": 95.68720886652032,
      "standard_pass_rate": 97.04132080078125,
      "f_h_positive": 506,
      "f_safe_violation": 0,
      "f_depth": 656,
      "f_unsafe_split": 0,
      "definitive_fail": 506,
      "top_n_used": 500,
      "repair_type": "Phase2_All"
    },
    {
      "iteration": 7,
      "phase": 2,
      "max_depth": 15,
      "loss": 0.16381770869951034,
      "HarmonicMeanPassRate": 97.18285099486023,
      "R_safe": 98.83692067657175,
      "R_unsafe": 95.58323289138877,
      "standard_pass_rate": 96.98333740234375,
      "f_h_positive": 527,
      "f_safe_violation": 0,
      "f_depth": 656,
      "f_unsafe_split": 0,
      "definitive_fail": 527,
      "top_n_used": 500,
      "repair_type": "Phase2_All"
    }
  ],
  "timestamp": "2026-04-15 12:41:55"
}