{
  "system": "barr1",
  "activation": "Relu",
  "method": "Harmonic Mean CBF Pass Rate (v8, 简化梯度更新)",
  "top_n_protect": 500,
  "max_depth_start": 10,
  "max_depth_limit": 15,
  "depth_schedule": [
    10,
    12,
    15
  ],
  "num_inner_steps": 5,
  "lr": 0.005,
  "target_pass_rate": 100.0,
  "plateau_threshold": 0.5,
  "max_stagnant_iterations": 5,
  "max_total_iterations": 30,
  "original_max_depth_harmonic": 85.52622138556644,
  "original_max_depth_standard": 86.54327392578125,
  "original_max_depth_R_safe": 94.87386417981827,
  "original_max_depth_R_unsafe": 77.85536159600997,
  "final_harmonic_pass_rate": 90.88432789097534,
  "final_standard_pass_rate": 90.90728759765625,
  "final_R_safe": 93.60873561069832,
  "final_R_unsafe": 88.31401869158879,
  "harmonic_improvement": 5.358106505408898,
  "standard_improvement": 4.364013671875,
  "num_iterations": 10,
  "iteration_results": [
    {
      "iteration": 1,
      "phase": 1,
      "max_depth": 10,
      "loss": 0.0988873615860939,
      "HarmonicMeanPassRate": 47.5229757483974,
      "R_safe": 36.56716417910448,
      "R_unsafe": 67.85195936139333,
      "standard_pass_rate": 57.6171875,
      "f_h_positive": 16,
      "f_safe_violation": 0,
      "f_depth": 850,
      "f_unsafe_split": 0,
      "definitive_fail": 16,
      "top_n_used": 500,
      "repair_type": "Phase1_Definitive"
    },
    {
      "iteration": 2,
      "phase": 1,
      "max_depth": 10,
      "loss": 0.10626568645238876,
      "HarmonicMeanPassRate": 44.356348318606834,
      "R_safe": 31.42329020332717,
      "R_unsafe": 75.38155275381553,
      "standard_pass_rate": 63.76953125,
      "f_h_positive": 0,
      "f_safe_violation": 0,
      "f_depth": 742,
      "f_unsafe_split": 0,
      "definitive_fail": 0,
      "top_n_used": 183,
      "repair_type": "Phase1_Definitive"
    },
    {
      "iteration": 3,
      "phase": 1,
      "max_depth": 10,
      "loss": 0.10626568645238876,
      "HarmonicMeanPassRate": 44.356348318606834,
      "R_safe": 31.42329020332717,
      "R_unsafe": 75.38155275381553,
      "standard_pass_rate": 63.76953125,
      "f_h_positive": 0,
      "f_safe_violation": 0,
      "f_depth": 742,
      "f_unsafe_split": 0,
      "definitive_fail": 0,
      "top_n_used": 183,
      "repair_type": "Phase1_Definitive"
    },
    {
      "iteration": 4,
      "phase": 2,
      "max_depth": 12,
      "loss": 0.167516969033891,
      "HarmonicMeanPassRate": 74.0906885304097,
      "R_safe": 67.26159230096238,
      "R_unsafe": 82.463211172556,
      "standard_pass_rate": 77.16064453125,
      "f_h_positive": 0,
      "f_safe_violation": 0,
      "f_depth": 1871,
      "f_unsafe_split": 0,
      "definitive_fail": 0,
      "top_n_used": 125,
      "repair_type": "Phase2_All"
    },
    {
      "iteration": 5,
      "phase": 2,
      "max_depth": 15,
      "loss": 0.06260880157535667,
      "HarmonicMeanPassRate": 91.24856973096371,
      "R_safe": 91.55837546228753,
      "R_unsafe": 90.94085350636387,
      "standard_pass_rate": 91.21856689453125,
      "f_h_positive": 207,
      "f_safe_violation": 0,
      "f_depth": 4976,
      "f_unsafe_split": 0,
      "definitive_fail": 207,
      "top_n_used": 500,
      "repair_type": "Phase2_All"
    },
    {
      "iteration": 6,
      "phase": 2,
      "max_depth": 15,
      "loss": 0.03689316080762036,
      "HarmonicMeanPassRate": 88.7554711370704,
      "R_safe": 93.76280197013526,
      "R_unsafe": 84.25585172162046,
      "standard_pass_rate": 88.8946533203125,
      "f_h_positive": 325,
      "f_safe_violation": 0,
      "f_depth": 3989,
      "f_unsafe_split": 0,
      "definitive_fail": 325,
      "top_n_used": 500,
      "repair_type": "Phase2_All"
    },
    {
      "iteration": 7,
      "phase": 2,
      "max_depth": 15,
      "loss": 0.03923480263889814,
      "HarmonicMeanPassRate": 89.69769859152296,
      "R_safe": 93.5328517371861,
      "R_unsafe": 86.16466521648441,
      "standard_pass_rate": 89.75982666015625,
      "f_h_positive": 312,
      "f_safe_violation": 0,
      "f_depth": 4136,
      "f_unsafe_split": 0,
      "definitive_fail": 312,
      "top_n_used": 500,
      "repair_type": "Phase2_All"
    },
    {
      "iteration": 8,
      "phase": 2,
      "max_depth": 15,
      "loss": 0.04125311008103852,
      "HarmonicMeanPassRate": 90.13066695195904,
      "R_safe": 93.54577201297082,
      "R_unsafe": 86.9561319627062,
      "standard_pass_rate": 90.18096923828125,
      "f_h_positive": 322,
      "f_safe_violation": 0,
      "f_depth": 4140,
      "f_unsafe_split": 0,
      "definitive_fail": 322,
      "top_n_used": 500,
      "repair_type": "Phase2_All"
    },
    {
      "iteration": 9,
      "phase": 2,
      "max_depth": 15,
      "loss": 0.043018413844588495,
      "HarmonicMeanPassRate": 90.51102169633995,
      "R_safe": 93.51520921448973,
      "R_unsafe": 87.6938461768086,
      "standard_pass_rate": 90.53955078125,
      "f_h_positive": 321,
      "f_safe_violation": 0,
      "f_depth": 4155,
      "f_unsafe_split": 0,
      "definitive_fail": 321,
      "top_n_used": 500,
      "repair_type": "Phase2_All"
    },
    {
      "iteration": 10,
      "phase": 2,
      "max_depth": 15,
      "loss": 0.04350699540860185,
      "HarmonicMeanPassRate": 90.88432789097534,
      "R_safe": 93.60873561069832,
      "R_unsafe": 88.31401869158879,
      "standard_pass_rate": 90.90728759765625,
      "f_h_positive": 328,
      "f_safe_violation": 0,
      "f_depth": 4103,
      "f_unsafe_split": 0,
      "definitive_fail": 328,
      "top_n_used": 500,
      "repair_type": "Phase2_All"
    }
  ],
  "timestamp": "2026-04-15 12:57:11"
}