{
  "system": "barr1",
  "activation": "Sigmoid",
  "method": "Harmonic Mean CBF Pass Rate (v8, 简化梯度更新)",
  "top_n_protect": 500,
  "max_depth_start": 10,
  "max_depth_limit": 15,
  "depth_schedule": [
    10,
    12,
    15
  ],
  "num_inner_steps": 5,
  "lr": 0.005,
  "target_pass_rate": 100.0,
  "plateau_threshold": 0.5,
  "max_stagnant_iterations": 5,
  "max_total_iterations": 30,
  "original_max_depth_harmonic": 54.79735927574516,
  "original_max_depth_standard": 71.9482421875,
  "original_max_depth_R_safe": 99.62433014750566,
  "original_max_depth_R_unsafe": 37.792322901752236,
  "final_harmonic_pass_rate": 81.3847960723563,
  "final_standard_pass_rate": 88.70086669921875,
  "final_R_safe": 99.6699982257969,
  "final_R_unsafe": 68.76867195391922,
  "harmonic_improvement": 26.587436796611136,
  "standard_improvement": 16.75262451171875,
  "num_iterations": 12,
  "iteration_results": [
    {
      "iteration": 1,
      "phase": 1,
      "max_depth": 10,
      "loss": 0.17578299343585968,
      "HarmonicMeanPassRate": 66.00696508961182,
      "R_safe": 97.43589743589743,
      "R_unsafe": 49.908480780964005,
      "standard_pass_rate": 78.41796875,
      "f_h_positive": 54,
      "f_safe_violation": 0,
      "f_depth": 63,
      "f_unsafe_split": 0,
      "definitive_fail": 54,
      "top_n_used": 161,
      "repair_type": "Phase1_Definitive"
    },
    {
      "iteration": 2,
      "phase": 1,
      "max_depth": 10,
      "loss": 0.2815004885196686,
      "HarmonicMeanPassRate": 81.96609941732207,
      "R_safe": 95.56985990155245,
      "R_unsafe": 71.75257731958763,
      "standard_pass_rate": 87.109375,
      "f_h_positive": 33,
      "f_safe_violation": 0,
      "f_depth": 117,
      "f_unsafe_split": 0,
      "definitive_fail": 33,
      "top_n_used": 199,
      "repair_type": "Phase1_Definitive"
    },
    {
      "iteration": 3,
      "phase": 1,
      "max_depth": 10,
      "loss": 0.1965693086385727,
      "HarmonicMeanPassRate": 84.68895522318269,
      "R_safe": 89.32355338223309,
      "R_unsafe": 80.5115712545676,
      "standard_pass_rate": 85.791015625,
      "f_h_positive": 5,
      "f_safe_violation": 0,
      "f_depth": 262,
      "f_unsafe_split": 0,
      "definitive_fail": 5,
      "top_n_used": 323,
      "repair_type": "Phase1_Definitive"
    },
    {
      "iteration": 4,
      "phase": 1,
      "max_depth": 10,
      "loss": 0.15925653278827667,
      "HarmonicMeanPassRate": 82.84639781179236,
      "R_safe": 82.38835925740091,
      "R_unsafe": 83.3095577746077,
      "standard_pass_rate": 82.861328125,
      "f_h_positive": 0,
      "f_safe_violation": 0,
      "f_depth": 351,
      "f_unsafe_split": 0,
      "definitive_fail": 0,
      "top_n_used": 304,
      "repair_type": "Phase1_Definitive"
    },
    {
      "iteration": 5,
      "phase": 1,
      "max_depth": 10,
      "loss": 0.15925653278827667,
      "HarmonicMeanPassRate": 82.84639781179236,
      "R_safe": 82.38835925740091,
      "R_unsafe": 83.3095577746077,
      "standard_pass_rate": 82.861328125,
      "f_h_positive": 0,
      "f_safe_violation": 0,
      "f_depth": 351,
      "f_unsafe_split": 0,
      "definitive_fail": 0,
      "top_n_used": 304,
      "repair_type": "Phase1_Definitive"
    },
    {
      "iteration": 6,
      "phase": 2,
      "max_depth": 12,
      "loss": 0.18759491521748384,
      "HarmonicMeanPassRate": 88.87741790662216,
      "R_safe": 90.10456796917997,
      "R_unsafe": 87.68324428003837,
      "standard_pass_rate": 89.02587890625,
      "f_h_positive": 0,
      "f_safe_violation": 0,
      "f_depth": 899,
      "f_unsafe_split": 0,
      "definitive_fail": 0,
      "top_n_used": 290,
      "repair_type": "Phase2_All"
    },
    {
      "iteration": 7,
      "phase": 2,
      "max_depth": 15,
      "loss": 0.15766543489741006,
      "HarmonicMeanPassRate": 90.029991362988,
      "R_safe": 94.63023264452066,
      "R_unsafe": 85.85627671205646,
      "standard_pass_rate": 91.2628173828125,
      "f_h_positive": 48,
      "f_safe_violation": 0,
      "f_depth": 4337,
      "f_unsafe_split": 0,
      "definitive_fail": 48,
      "top_n_used": 470,
      "repair_type": "Phase2_All"
    },
    {
      "iteration": 8,
      "phase": 2,
      "max_depth": 15,
      "loss": 0.12651885853424039,
      "HarmonicMeanPassRate": 88.66434110331973,
      "R_safe": 98.71915837146766,
      "R_unsafe": 80.46841241033619,
      "standard_pass_rate": 92.27447509765625,
      "f_h_positive": 117,
      "f_safe_violation": 0,
      "f_depth": 1086,
      "f_unsafe_split": 0,
      "definitive_fail": 117,
      "top_n_used": 500,
      "repair_type": "Phase2_All"
    },
    {
      "iteration": 9,
      "phase": 2,
      "max_depth": 15,
      "loss": 0.13760263457002486,
      "HarmonicMeanPassRate": 83.61553317349778,
      "R_safe": 99.37096526736927,
      "R_unsafe": 72.17246811541035,
      "standard_pass_rate": 89.7552490234375,
      "f_h_positive": 167,
      "f_safe_violation": 0,
      "f_depth": 533,
      "f_unsafe_split": 0,
      "definitive_fail": 167,
      "top_n_used": 500,
      "repair_type": "Phase2_All"
    },
    {
      "iteration": 10,
      "phase": 2,
      "max_depth": 15,
      "loss": 0.15453490612762316,
      "HarmonicMeanPassRate": 81.72893864667432,
      "R_safe": 99.55485047237941,
      "R_unsafe": 69.31725528901859,
      "standard_pass_rate": 88.8031005859375,
      "f_h_positive": 163,
      "f_safe_violation": 0,
      "f_depth": 376,
      "f_unsafe_split": 0,
      "definitive_fail": 163,
      "top_n_used": 426,
      "repair_type": "Phase2_All"
    },
    {
      "iteration": 11,
      "phase": 2,
      "max_depth": 15,
      "loss": 0.1537468369241548,
      "HarmonicMeanPassRate": 81.59629026830805,
      "R_safe": 99.58971327224357,
      "R_unsafe": 69.10983504312107,
      "standard_pass_rate": 88.77716064453125,
      "f_h_positive": 155,
      "f_safe_violation": 0,
      "f_depth": 347,
      "f_unsafe_split": 0,
      "definitive_fail": 155,
      "top_n_used": 379,
      "repair_type": "Phase2_All"
    },
    {
      "iteration": 12,
      "phase": 2,
      "max_depth": 15,
      "loss": 0.15081063735176367,
      "HarmonicMeanPassRate": 81.3847960723563,
      "R_safe": 99.6699982257969,
      "R_unsafe": 68.76867195391922,
      "standard_pass_rate": 88.70086669921875,
      "f_h_positive": 165,
      "f_safe_violation": 0,
      "f_depth": 279,
      "f_unsafe_split": 0,
      "definitive_fail": 165,
      "top_n_used": 380,
      "repair_type": "Phase2_All"
    }
  ],
  "timestamp": "2026-04-15 12:35:24"
}